id,tx_id,amount,merchant,timestamp,features,fraud_score,label,created_at
2,TX-94821,2400.5,Online Electronics,2025-05-01T14:30:00,"{""additionalProp1"": {}}",0.9948377013206482,1,2026-05-05 14:47:52
3,TX-648072,14143.8,Amazon,2026-05-06T22:00:16.200801,{},0.13953861482144922,0,2026-05-06T22:00:16.200801
4,TX-459626,5333.02,Electronics Store,2026-05-06T18:03:16.200801,{},0.10187986487872197,0,2026-05-06T18:03:16.200801
5,TX-736904,14707.87,Uber,2026-05-07T05:42:16.200801,{},0.16267370986785207,0,2026-05-07T05:42:16.200801
6,TX-451433,12511.21,Foreign/Unrecognized,2026-05-06T13:02:16.200801,{},0.695788789273784,1,2026-05-06T13:02:16.200801
7,TX-772624,938.36,Local Grocery,2026-05-06T20:54:16.200801,{},0.11142326681621915,0,2026-05-06T20:54:16.200801
8,TX-670859,6882.37,Zomato,2026-05-07T02:47:16.200801,{},0.29574234594486826,0,2026-05-07T02:47:16.200801
9,TX-237782,2303.68,Foreign/Unrecognized,2026-05-06T17:03:16.200801,{},0.07426516776075875,0,2026-05-06T17:03:16.200801
10,TX-518364,11379.05,Electronics Store,2026-05-07T09:01:16.200801,{},0.016852793602260534,0,2026-05-07T09:01:16.200801
11,TX-210239,10742.52,Flipkart,2026-05-06T18:58:16.200801,{},0.15166425285798127,0,2026-05-06T18:58:16.200801
12,TX-953648,11300.3,Uber,2026-05-07T09:56:16.200801,{},0.09767488552670058,0,2026-05-07T09:56:16.200801
13,TX-697545,2813.8,Local Grocery,2026-05-06T21:21:16.200801,{},0.20714326745096964,0,2026-05-06T21:21:16.200801
14,TX-474715,7372.18,Local Grocery,2026-05-07T06:54:16.200801,{},0.20209508659585645,0,2026-05-07T06:54:16.200801
15,TX-824750,13902.19,Local Grocery,2026-05-06T15:49:16.200801,{},0.27597070487084385,0,2026-05-06T15:49:16.200801
16,TX-499291,4747.64,Flipkart,2026-05-06T18:29:16.200801,{},0.14692525622842753,0,2026-05-06T18:29:16.200801
17,TX-707605,11745.25,Zomato,2026-05-07T05:10:16.200801,{},0.25506659572153584,0,2026-05-07T05:10:16.200801
18,TX-560305,1058.77,Amazon,2026-05-06T22:00:16.200801,{},0.25465638287915143,0,2026-05-06T22:00:16.200801
19,TX-954577,14375.0,Uber,2026-05-06T22:20:16.200801,{},0.0494529849408002,0,2026-05-06T22:20:16.200801
20,TX-789073,10926.65,Amazon,2026-05-07T01:54:16.200801,{},0.0404346280304109,0,2026-05-07T01:54:16.200801
21,TX-354189,12081.78,Electronics Store,2026-05-07T09:27:16.200801,{},0.26706554462822,0,2026-05-07T09:27:16.200801
22,TX-960437,14870.78,Zomato,2026-05-07T09:24:16.200801,{},0.08710573219489769,0,2026-05-07T09:24:16.200801
23,TX-465081,5052.55,Electronics Store,2026-05-07T09:29:16.200801,{},0.22662391588454572,0,2026-05-07T09:29:16.200801
24,TX-112646,5229.66,Foreign/Unrecognized,2026-05-07T03:16:16.200801,{},0.7179753805978042,1,2026-05-07T03:16:16.200801
25,TX-869365,5661.4,Local Grocery,2026-05-07T04:38:16.200801,{},0.1830094999338068,0,2026-05-07T04:38:16.200801
26,TX-252984,11497.72,Local Grocery,2026-05-06T16:33:16.200801,{},0.11231562819556827,0,2026-05-06T16:33:16.200801
27,TX-361872,1428.82,Electronics Store,2026-05-06T23:59:16.200801,{},0.0809635362281635,0,2026-05-06T23:59:16.200801
28,TX-752789,7537.59,Local Grocery,2026-05-06T22:53:16.200801,{},0.07731489850423463,0,2026-05-06T22:53:16.200801
29,TX-879029,9674.52,Foreign/Unrecognized,2026-05-07T05:10:16.200801,{},0.8071650507955556,1,2026-05-07T05:10:16.200801
30,TX-208284,6317.24,Electronics Store,2026-05-07T00:07:16.200801,{},0.14444270982287133,0,2026-05-07T00:07:16.200801
31,TX-414078,14980.35,Flipkart,2026-05-07T12:01:16.200801,{},0.05132896324283321,0,2026-05-07T12:01:16.200801
32,TX-837740,3881.31,Local Grocery,2026-05-06T17:10:16.200801,{},0.23372054287776403,0,2026-05-06T17:10:16.200801
33,TX-323270,12719.17,Local Grocery,2026-05-07T07:06:16.200801,{},0.012723924731304435,0,2026-05-07T07:06:16.200801
34,TX-571871,13910.59,Electronics Store,2026-05-07T10:37:16.200801,{},0.2702618135757364,0,2026-05-07T10:37:16.200801
35,TX-241039,7209.85,Uber,2026-05-06T12:53:16.200801,{},0.0943432186574912,0,2026-05-06T12:53:16.200801
36,TX-890691,6088.01,Amazon,2026-05-07T04:30:16.200801,{},0.22153227731799738,0,2026-05-07T04:30:16.200801
37,TX-680412,13623.81,Zomato,2026-05-07T06:21:16.200801,{},0.056512461041110365,0,2026-05-07T06:21:16.200801
38,TX-815265,11671.54,Local Grocery,2026-05-06T19:02:16.200801,{},0.030978719378446054,0,2026-05-06T19:02:16.200801
39,TX-809934,5958.94,Local Grocery,2026-05-07T09:47:16.200801,{},0.10679464141909838,0,2026-05-07T09:47:16.200801
40,TX-480880,13185.53,Uber,2026-05-07T08:59:16.200801,{},0.23843033855882095,0,2026-05-07T08:59:16.200801
41,TX-693570,10404.18,Amazon,2026-05-06T13:59:16.200801,{},0.19449416714731674,0,2026-05-06T13:59:16.200801
42,TX-689550,4217.15,Electronics Store,2026-05-07T00:04:16.200801,{},0.18336404482353552,0,2026-05-07T00:04:16.200801
43,TX-919942,14669.87,Uber,2026-05-07T11:44:16.200801,{},0.08928443961517099,0,2026-05-07T11:44:16.200801
44,TX-726188,14336.33,Zomato,2026-05-07T10:40:16.200801,{},0.1214199704684744,0,2026-05-07T10:40:16.200801
45,TX-614610,11336.79,Foreign/Unrecognized,2026-05-06T18:21:16.200801,{},0.6413453727825928,1,2026-05-06T18:21:16.200801
46,TX-905919,2214.0,Foreign/Unrecognized,2026-05-07T00:11:16.200801,{},0.09048362191611425,0,2026-05-07T00:11:16.200801
47,TX-988506,9004.18,Local Grocery,2026-05-06T12:54:16.200801,{},0.12878261300726715,0,2026-05-06T12:54:16.200801
48,TX-931076,1742.65,Electronics Store,2026-05-07T03:09:16.200801,{},0.18896750130721673,0,2026-05-07T03:09:16.200801
49,TX-842234,5426.67,Flipkart,2026-05-07T11:51:16.200801,{},0.18529842499008212,0,2026-05-07T11:51:16.200801
50,TX-304501,12705.37,Flipkart,2026-05-06T14:37:16.200801,{},0.13814319518551596,0,2026-05-06T14:37:16.200801
51,TX-879146,7018.37,Uber,2026-05-06T21:10:16.200801,{},0.11580174544715806,0,2026-05-06T21:10:16.200801
52,TX-920113,8908.16,Electronics Store,2026-05-07T07:54:16.200801,{},0.2939031944213682,0,2026-05-07T07:54:16.200801
53,TX-991927,4203.42,Uber,2026-05-07T01:40:16.200801,{},0.26510297312073,0,2026-05-07T01:40:16.200801
54,TX-339501,5571.37,Amazon,2026-05-06T19:31:16.200801,{},0.20133482131267424,0,2026-05-06T19:31:16.200801
55,TX-954562,13095.56,Amazon,2026-05-07T03:12:16.200801,{},0.2731667991932704,0,2026-05-07T03:12:16.200801
56,TX-860626,1018.42,Amazon,2026-05-07T08:09:16.200801,{},0.2254434865292911,0,2026-05-07T08:09:16.200801
57,TX-575727,3810.06,Flipkart,2026-05-07T10:33:16.200801,{},0.1179466738222559,0,2026-05-07T10:33:16.200801
58,TX-694593,8547.71,Electronics Store,2026-05-06T14:44:16.200801,{},0.13827990510093258,0,2026-05-06T14:44:16.200801
59,TX-872363,9180.29,Foreign/Unrecognized,2026-05-06T21:32:16.200801,{},0.5511022710157154,1,2026-05-06T21:32:16.200801
60,TX-640865,11891.63,Local Grocery,2026-05-06T15:29:16.200801,{},0.20552035321169837,0,2026-05-06T15:29:16.200801
61,TX-443256,3173.64,Zomato,2026-05-07T08:52:16.200801,{},0.11254743660855993,0,2026-05-07T08:52:16.200801
62,TX-884281,11829.15,Flipkart,2026-05-07T08:39:16.200801,{},0.05994281167072099,0,2026-05-07T08:39:16.200801
63,TX-222488,9354.02,Electronics Store,2026-05-06T22:31:16.200801,{},0.0488046326678365,0,2026-05-06T22:31:16.200801
64,TX-820913,10328.18,Zomato,2026-05-06T18:25:16.200801,{},0.24594816221825216,0,2026-05-06T18:25:16.200801
65,TX-866015,6211.53,Local Grocery,2026-05-06T23:00:16.200801,{},0.0496565426042812,0,2026-05-06T23:00:16.200801
66,TX-359843,1255.84,Flipkart,2026-05-07T08:23:16.200801,{},0.05702023968466868,0,2026-05-07T08:23:16.200801
67,TX-655310,13178.09,Local Grocery,2026-05-07T09:12:16.200801,{},0.0367570119134915,0,2026-05-07T09:12:16.200801
68,TX-999969,5098.1,Foreign/Unrecognized,2026-05-06T17:33:16.200801,{},0.9746204202490378,1,2026-05-06T17:33:16.200801
69,TX-335926,11767.56,Flipkart,2026-05-06T15:43:16.200801,{},0.04455539076910813,0,2026-05-06T15:43:16.200801
70,TX-718213,425.32,Zomato,2026-05-06T12:30:16.200801,{},0.028870934872847955,0,2026-05-06T12:30:16.200801
71,TX-498817,4029.6,Uber,2026-05-06T17:54:16.200801,{},0.05073503767979331,0,2026-05-06T17:54:16.200801
72,TX-565678,11666.97,Foreign/Unrecognized,2026-05-06T13:47:16.200801,{},0.05364653976927213,0,2026-05-06T13:47:16.200801
73,TX-260179,14873.65,Local Grocery,2026-05-07T11:55:16.200801,{},0.08504277820794567,0,2026-05-07T11:55:16.200801
74,TX-279479,4353.29,Amazon,2026-05-06T16:01:16.200801,{},0.17516712148362176,0,2026-05-06T16:01:16.200801
75,TX-884286,4239.74,Electronics Store,2026-05-06T19:02:16.200801,{},0.2659000460429593,0,2026-05-06T19:02:16.200801
76,TX-216849,8015.53,Amazon,2026-05-06T15:24:16.200801,{},0.17270458047972137,0,2026-05-06T15:24:16.200801
77,TX-269067,1692.62,Zomato,2026-05-07T10:50:16.200801,{},0.05320397594772619,0,2026-05-07T10:50:16.200801
78,TX-554368,8657.34,Uber,2026-05-07T08:24:16.200801,{},0.17564266887032542,0,2026-05-07T08:24:16.200801
79,TX-945211,4018.75,Amazon,2026-05-06T14:50:16.200801,{},0.2284506918177667,0,2026-05-06T14:50:16.200801
80,TX-248150,5880.29,Zomato,2026-05-07T10:21:16.200801,{},0.1386943325865719,0,2026-05-07T10:21:16.200801
81,TX-983368,14831.52,Local Grocery,2026-05-07T04:14:16.200801,{},0.07191543937333694,0,2026-05-07T04:14:16.200801
82,TX-663887,814.52,Local Grocery,2026-05-06T20:28:16.200801,{},0.1779591052402622,0,2026-05-06T20:28:16.200801
83,TX-249085,5494.29,Amazon,2026-05-07T05:11:16.200801,{},0.8215076477572703,1,2026-05-07T05:11:16.200801
84,TX-958485,10653.3,Amazon,2026-05-06T16:06:16.200801,{},0.2055708257915465,0,2026-05-06T16:06:16.200801
85,TX-872067,6527.96,Flipkart,2026-05-06T16:50:16.200801,{},0.20540868823881223,0,2026-05-06T16:50:16.200801
86,TX-525576,1878.36,Local Grocery,2026-05-06T12:50:16.200801,{},0.22538533458638094,0,2026-05-06T12:50:16.200801
87,TX-405421,11528.3,Foreign/Unrecognized,2026-05-06T12:35:16.200801,{},0.06651784662794692,0,2026-05-06T12:35:16.200801
88,TX-219874,8591.8,Zomato,2026-05-06T19:15:16.200801,{},0.22205774845959306,0,2026-05-06T19:15:16.200801
89,TX-659339,4684.25,Uber,2026-05-07T10:23:16.200801,{},0.2620145019267717,0,2026-05-07T10:23:16.200801
90,TX-407955,2659.92,Zomato,2026-05-07T06:08:16.200801,{},0.23694519013720736,0,2026-05-07T06:08:16.200801
91,TX-330693,3492.86,Foreign/Unrecognized,2026-05-06T16:20:16.200801,{},0.27221973810654937,0,2026-05-06T16:20:16.200801
92,TX-577668,6833.93,Amazon,2026-05-07T09:35:16.200801,{},0.12234755484219122,0,2026-05-07T09:35:16.200801
93,TX-606730,9667.12,Electronics Store,2026-05-07T09:18:16.200801,{},0.27930867137259463,0,2026-05-07T09:18:16.200801
94,TX-530538,8707.36,Flipkart,2026-05-06T20:51:16.200801,{},0.07884647771793592,0,2026-05-06T20:51:16.200801
95,TX-311127,275.86,Amazon,2026-05-07T04:21:16.200801,{},0.2182554110392087,0,2026-05-07T04:21:16.200801
96,TX-445837,7934.66,Uber,2026-05-06T15:50:16.200801,{},0.09067623561935899,0,2026-05-06T15:50:16.200801
97,TX-371128,2696.01,Foreign/Unrecognized,2026-05-06T22:17:16.200801,{},0.24213943224286236,0,2026-05-06T22:17:16.200801
98,TX-973957,11480.49,Zomato,2026-05-07T01:48:16.200801,{},0.1200827845156324,0,2026-05-07T01:48:16.200801
99,TX-986124,3094.8,Foreign/Unrecognized,2026-05-07T01:20:16.200801,{},0.06801811911430998,0,2026-05-07T01:20:16.200801
100,TX-573244,1016.77,Uber,2026-05-07T01:22:16.200801,{},0.10979955252696566,0,2026-05-07T01:22:16.200801
101,TX-921130,5909.66,Electronics Store,2026-05-07T08:40:16.200801,{},0.09248724725172289,0,2026-05-07T08:40:16.200801
102,TX-503694,7226.41,Local Grocery,2026-05-06T23:02:16.200801,{},0.2698224206915936,0,2026-05-06T23:02:16.200801
103,TX-285802,9126.27,Local Grocery,2026-05-06T14:57:16.200801,{},0.2308871714242182,0,2026-05-06T14:57:16.200801
104,TX-109766,5319.35,Foreign/Unrecognized,2026-05-07T11:12:16.200801,{},0.5655317664860061,1,2026-05-07T11:12:16.200801
105,TX-806860,2219.38,Electronics Store,2026-05-07T02:06:16.200801,{},0.2833278357193047,0,2026-05-07T02:06:16.200801
106,TX-380989,3873.51,Local Grocery,2026-05-07T05:14:16.200801,{},0.2317884546260109,0,2026-05-07T05:14:16.200801
107,TX-660228,3300.02,Flipkart,2026-05-06T22:15:16.200801,{},0.14656456219495678,0,2026-05-06T22:15:16.200801
108,TX-525178,10751.94,Amazon,2026-05-06T15:45:16.200801,{},0.09692829957089083,0,2026-05-06T15:45:16.200801
109,TX-476496,13253.9,Amazon,2026-05-07T04:49:16.200801,{},0.7770613973121795,1,2026-05-07T04:49:16.200801
110,TX-496301,7467.63,Uber,2026-05-07T09:08:16.200801,{},0.036279162995247444,0,2026-05-07T09:08:16.200801
111,TX-950968,1283.9,Zomato,2026-05-07T09:07:16.200801,{},0.2570205689693155,0,2026-05-07T09:07:16.200801
112,TX-793204,14673.71,Zomato,2026-05-06T14:58:16.200801,{},0.2603341519019066,0,2026-05-06T14:58:16.200801
113,TX-290157,8294.16,Zomato,2026-05-06T17:27:16.200801,{},0.24742119532358353,0,2026-05-06T17:27:16.200801
114,TX-336317,6237.79,Electronics Store,2026-05-07T01:46:16.200801,{},0.031889067057714805,0,2026-05-07T01:46:16.200801
115,TX-702070,3766.76,Amazon,2026-05-06T17:20:16.200801,{},0.2758321494727536,0,2026-05-06T17:20:16.200801
116,TX-692889,11679.41,Uber,2026-05-07T08:50:16.200801,{},0.09110192813242544,0,2026-05-07T08:50:16.200801
117,TX-410794,10924.7,Local Grocery,2026-05-06T21:22:16.200801,{},0.21110775603196158,0,2026-05-06T21:22:16.200801
118,TX-707038,8190.36,Amazon,2026-05-06T21:03:16.200801,{},0.20955465657397082,0,2026-05-06T21:03:16.200801
119,TX-263123,964.08,Flipkart,2026-05-06T14:50:16.200801,{},0.2645365676917866,0,2026-05-06T14:50:16.200801
120,TX-347943,4436.65,Zomato,2026-05-06T15:34:16.200801,{},0.12340179699844545,0,2026-05-06T15:34:16.200801
121,TX-156743,5017.32,Uber,2026-05-06T13:27:16.200801,{},0.2974532334128701,0,2026-05-06T13:27:16.200801
122,TX-617237,10947.01,Amazon,2026-05-06T21:25:16.200801,{},0.04529060085729516,0,2026-05-06T21:25:16.200801
123,TX-711572,14041.45,Zomato,2026-05-07T09:06:16.200801,{},0.024260851236093492,0,2026-05-07T09:06:16.200801
124,TX-458991,8957.02,Uber,2026-05-07T07:39:16.200801,{},0.01493949574049061,0,2026-05-07T07:39:16.200801
125,TX-915486,9229.95,Amazon,2026-05-07T09:13:16.200801,{},0.024213197275933768,0,2026-05-07T09:13:16.200801
126,TX-261092,4683.94,Electronics Store,2026-05-06T22:07:16.200801,{},0.07676885293174801,0,2026-05-06T22:07:16.200801
127,TX-552426,12457.2,Zomato,2026-05-07T09:38:16.200801,{},0.15746036057933635,0,2026-05-07T09:38:16.200801
128,TX-303160,5706.74,Local Grocery,2026-05-07T12:06:16.200801,{},0.07348713031367506,0,2026-05-07T12:06:16.200801
129,TX-556203,12266.36,Zomato,2026-05-07T11:11:16.200801,{},0.27099229909328965,0,2026-05-07T11:11:16.200801
130,TX-978854,3230.06,Electronics Store,2026-05-06T22:41:16.200801,{},0.08653755022189602,0,2026-05-06T22:41:16.200801
131,TX-352934,6010.1,Foreign/Unrecognized,2026-05-07T02:36:16.200801,{},0.18558872710223162,0,2026-05-07T02:36:16.200801
132,TX-252941,3291.68,Foreign/Unrecognized,2026-05-07T10:00:16.200801,{},0.022127072665493224,0,2026-05-07T10:00:16.200801
133,TX-565606,6989.21,Amazon,2026-05-07T12:25:16.200801,{},0.1290405397801695,0,2026-05-07T12:25:16.200801
134,TX-539006,5660.13,Uber,2026-05-07T09:23:16.200801,{},0.049350679036020605,0,2026-05-07T09:23:16.200801
135,TX-668057,8434.41,Electronics Store,2026-05-06T13:04:16.200801,{},0.11618231369584965,0,2026-05-06T13:04:16.200801
136,TX-366670,4646.11,Foreign/Unrecognized,2026-05-07T11:24:16.200801,{},0.09230699410979733,0,2026-05-07T11:24:16.200801
137,TX-692788,14363.61,Zomato,2026-05-06T13:50:16.200801,{},0.03556046773740687,0,2026-05-06T13:50:16.200801
138,TX-594282,5739.65,Electronics Store,2026-05-07T07:54:16.200801,{},0.23376054074841446,0,2026-05-07T07:54:16.200801
139,TX-751171,1996.57,Zomato,2026-05-06T15:31:16.200801,{},0.06359552553268415,0,2026-05-06T15:31:16.200801
140,TX-793781,8932.36,Uber,2026-05-07T09:35:16.200801,{},0.13637849204153962,0,2026-05-07T09:35:16.200801
141,TX-970588,9089.4,Local Grocery,2026-05-07T00:12:16.200801,{},0.19060746406400284,0,2026-05-07T00:12:16.200801
142,TX-783487,5994.12,Amazon,2026-05-06T20:31:16.200801,{},0.01434197890469743,0,2026-05-06T20:31:16.200801
143,TX-553614,14859.9,Zomato,2026-05-07T00:42:16.200801,{},0.7735606170353907,1,2026-05-07T00:42:16.200801
144,TX-175669,4695.87,Flipkart,2026-05-07T06:17:16.200801,{},0.11970681124491579,0,2026-05-07T06:17:16.200801
145,TX-884550,11807.92,Flipkart,2026-05-06T22:55:16.200801,{},0.14742649988695197,0,2026-05-06T22:55:16.200801
146,TX-148450,6919.81,Amazon,2026-05-07T05:00:16.200801,{},0.2692533624256011,0,2026-05-07T05:00:16.200801
147,TX-745149,8028.4,Flipkart,2026-05-07T11:38:16.200801,{},0.12321004726428589,0,2026-05-07T11:38:16.200801
148,TX-270363,9818.59,Zomato,2026-05-06T17:54:16.200801,{},0.01697766695043524,0,2026-05-06T17:54:16.200801
149,TX-729061,665.07,Electronics Store,2026-05-07T03:27:16.200801,{},0.29080898226691976,0,2026-05-07T03:27:16.200801
150,TX-859423,2269.83,Flipkart,2026-05-07T11:19:16.200801,{},0.2839147970843946,0,2026-05-07T11:19:16.200801
151,TX-537459,3855.61,Flipkart,2026-05-06T14:33:16.200801,{},0.09079939810521935,0,2026-05-06T14:33:16.200801
152,TX-789292,14272.8,Local Grocery,2026-05-07T04:15:16.200801,{},0.06574569298494137,0,2026-05-07T04:15:16.200801
153,TX-874814,2274.69,Electronics Store,2026-05-06T21:58:16.200801,{},0.1739161021040656,0,2026-05-06T21:58:16.200801
154,TX-925085,3002.22,Electronics Store,2026-05-06T13:32:16.200801,{},0.12913913834768545,0,2026-05-06T13:32:16.200801
155,TX-133921,5033.51,Foreign/Unrecognized,2026-05-06T15:03:16.200801,{},0.955779838918714,1,2026-05-06T15:03:16.200801
156,TX-259409,1462.96,Local Grocery,2026-05-07T10:20:16.200801,{},0.18233071656298502,0,2026-05-07T10:20:16.200801
157,TX-238784,12033.01,Amazon,2026-05-06T15:31:16.200801,{},0.09897109663326678,0,2026-05-06T15:31:16.200801
158,TX-633865,7921.94,Amazon,2026-05-07T07:30:16.200801,{},0.07993909468212197,0,2026-05-07T07:30:16.200801
159,TX-816669,13225.61,Flipkart,2026-05-06T13:26:16.200801,{},0.17516540513919424,0,2026-05-06T13:26:16.200801
160,TX-103679,10825.5,Uber,2026-05-07T07:37:16.200801,{},0.27828878095286214,0,2026-05-07T07:37:16.200801
161,TX-742877,4832.94,Flipkart,2026-05-06T21:03:16.200801,{},0.20707189240802742,0,2026-05-06T21:03:16.200801
162,TX-141605,10967.56,Amazon,2026-05-06T22:40:16.200801,{},0.27133355277604493,0,2026-05-06T22:40:16.200801
163,TX-412253,4383.22,Zomato,2026-05-06T18:54:16.200801,{},0.2854823328408354,0,2026-05-06T18:54:16.200801
164,TX-925989,138.08,Flipkart,2026-05-06T17:49:16.200801,{},0.22241158370572667,0,2026-05-06T17:49:16.200801
165,TX-274884,1567.87,Flipkart,2026-05-06T13:51:16.200801,{},0.16961654030441362,0,2026-05-06T13:51:16.200801
166,TX-611432,4643.13,Amazon,2026-05-06T16:23:16.200801,{},0.01268675721102572,0,2026-05-06T16:23:16.200801
167,TX-863101,4060.1,Zomato,2026-05-07T04:44:16.200801,{},0.6207604832368875,1,2026-05-07T04:44:16.200801
168,TX-355932,4785.67,Foreign/Unrecognized,2026-05-06T17:56:16.200801,{},0.27027602310169635,0,2026-05-06T17:56:16.200801
169,TX-640336,12318.81,Uber,2026-05-07T12:30:16.200801,{},0.2515689392612578,0,2026-05-07T12:30:16.200801
170,TX-711182,14240.66,Electronics Store,2026-05-07T01:20:16.200801,{},0.1403693690379529,0,2026-05-07T01:20:16.200801
171,TX-390558,2473.46,Foreign/Unrecognized,2026-05-06T18:11:16.200801,{},0.12063481760217253,0,2026-05-06T18:11:16.200801
172,TX-725693,6080.61,Zomato,2026-05-07T06:52:16.200801,{},0.2313974128983235,0,2026-05-07T06:52:16.200801
173,TX-272934,11379.82,Foreign/Unrecognized,2026-05-07T00:08:16.200801,{},0.706604115535567,1,2026-05-07T00:08:16.200801
174,TX-106230,4507.09,Local Grocery,2026-05-06T22:09:16.200801,{},0.2631796800645292,0,2026-05-06T22:09:16.200801
175,TX-169425,1872.2,Zomato,2026-05-06T14:54:16.200801,{},0.12935807621650747,0,2026-05-06T14:54:16.200801
176,TX-450105,13920.43,Local Grocery,2026-05-07T03:09:16.200801,{},0.12196831080929689,0,2026-05-07T03:09:16.200801
177,TX-748836,13410.85,Foreign/Unrecognized,2026-05-06T23:44:16.200801,{},0.1842421381373024,0,2026-05-06T23:44:16.200801
178,TX-258708,13218.93,Electronics Store,2026-05-06T14:58:16.200801,{},0.16193325062644673,0,2026-05-06T14:58:16.200801
179,TX-611088,2713.44,Uber,2026-05-06T12:38:16.200801,{},0.023794486317479123,0,2026-05-06T12:38:16.200801
180,TX-594789,6489.29,Amazon,2026-05-07T10:32:16.200801,{},0.07226302719019638,0,2026-05-07T10:32:16.200801
181,TX-984358,3277.29,Foreign/Unrecognized,2026-05-07T08:57:16.200801,{},0.19522863066236393,0,2026-05-07T08:57:16.200801
182,TX-210248,6662.12,Foreign/Unrecognized,2026-05-06T19:39:16.200801,{},0.05274960931725971,0,2026-05-06T19:39:16.200801
183,TX-516695,624.75,Uber,2026-05-06T16:01:16.200801,{},0.11947623335242323,0,2026-05-06T16:01:16.200801
184,TX-269621,8898.85,Uber,2026-05-07T03:33:16.200801,{},0.05060535429852217,0,2026-05-07T03:33:16.200801
185,TX-523715,7324.76,Local Grocery,2026-05-06T20:06:16.200801,{},0.10054925468608195,0,2026-05-06T20:06:16.200801
186,TX-894208,8743.35,Flipkart,2026-05-06T21:10:16.200801,{},0.17606126397208377,0,2026-05-06T21:10:16.200801
187,TX-243487,13676.25,Foreign/Unrecognized,2026-05-07T09:44:16.200801,{},0.9332201109873333,1,2026-05-07T09:44:16.200801
188,TX-718557,4098.04,Electronics Store,2026-05-07T06:57:16.200801,{},0.15512750675182244,0,2026-05-07T06:57:16.200801
189,TX-759205,3063.72,Electronics Store,2026-05-07T09:01:16.200801,{},0.27853862400339724,0,2026-05-07T09:01:16.200801
190,TX-821369,4861.06,Local Grocery,2026-05-07T09:28:16.200801,{},0.02059330334593898,0,2026-05-07T09:28:16.200801
191,TX-234946,4341.72,Zomato,2026-05-07T03:16:16.200801,{},0.1940828790568891,0,2026-05-07T03:16:16.200801
192,TX-859655,6284.29,Zomato,2026-05-06T17:05:16.200801,{},0.22441026566518527,0,2026-05-06T17:05:16.200801
193,TX-525012,12336.05,Local Grocery,2026-05-06T21:42:16.200801,{},0.063951557640979,0,2026-05-06T21:42:16.200801
194,TX-998066,4207.74,Electronics Store,2026-05-06T21:31:16.200801,{},0.09388184287515056,0,2026-05-06T21:31:16.200801
195,TX-666768,10210.5,Local Grocery,2026-05-06T20:53:16.200801,{},0.12944706830485844,0,2026-05-06T20:53:16.200801
196,TX-165029,5679.71,Local Grocery,2026-05-07T09:12:16.200801,{},0.2975470822643401,0,2026-05-07T09:12:16.200801
197,TX-755996,9325.21,Zomato,2026-05-07T12:25:16.200801,{},0.0579809461016478,0,2026-05-07T12:25:16.200801
198,TX-320936,10488.91,Local Grocery,2026-05-07T07:17:16.200801,{},0.27255862959848476,0,2026-05-07T07:17:16.200801
199,TX-468529,4054.47,Uber,2026-05-07T03:04:16.200801,{},0.25712647431548946,0,2026-05-07T03:04:16.200801
200,TX-807293,10101.76,Zomato,2026-05-06T17:53:16.200801,{},0.055153085033896654,0,2026-05-06T17:53:16.200801
201,TX-354877,5656.01,Uber,2026-05-07T10:25:16.200801,{},0.2578768872898139,0,2026-05-07T10:25:16.200801
202,TX-758989,9597.93,Amazon,2026-05-06T23:56:16.200801,{},0.0986985181603984,0,2026-05-06T23:56:16.200801
203,TX-666938,7466.32,Local Grocery,2026-05-07T03:34:16.200801,{},0.2704346263825115,0,2026-05-07T03:34:16.200801
204,TX-368150,9778.72,Zomato,2026-05-06T17:30:16.200801,{},0.06929835967260232,0,2026-05-06T17:30:16.200801
205,TX-956636,4083.87,Flipkart,2026-05-06T18:28:16.200801,{},0.10017069975222989,0,2026-05-06T18:28:16.200801
206,TX-509889,1448.7,Uber,2026-05-06T19:10:16.200801,{},0.17667855862655352,0,2026-05-06T19:10:16.200801
207,TX-248845,14786.54,Electronics Store,2026-05-06T19:48:16.200801,{},0.26450831372403244,0,2026-05-06T19:48:16.200801
208,TX-787433,8513.57,Electronics Store,2026-05-07T10:38:16.200801,{},0.037752064830150873,0,2026-05-07T10:38:16.200801
209,TX-286333,4838.36,Flipkart,2026-05-07T05:08:16.200801,{},0.10613820425963866,0,2026-05-07T05:08:16.200801
210,TX-765599,7624.54,Foreign/Unrecognized,2026-05-07T07:25:16.200801,{},0.5889700679666612,1,2026-05-07T07:25:16.200801
211,TX-900941,3452.25,Electronics Store,2026-05-06T14:57:16.200801,{},0.2631244196404024,0,2026-05-06T14:57:16.200801
212,TX-731599,9508.27,Uber,2026-05-07T01:11:16.200801,{},0.04206594251456868,0,2026-05-07T01:11:16.200801
213,TX-526958,12203.54,Flipkart,2026-05-06T18:34:16.200801,{},0.0425232361356068,0,2026-05-06T18:34:16.200801
214,TX-690309,4794.95,Foreign/Unrecognized,2026-05-06T23:41:16.200801,{},0.2548499211838251,0,2026-05-06T23:41:16.200801
215,TX-671399,11134.72,Electronics Store,2026-05-06T19:58:16.200801,{},0.26848050485605346,0,2026-05-06T19:58:16.200801
216,TX-257463,3528.75,Amazon,2026-05-06T17:53:16.200801,{},0.12320216337990775,0,2026-05-06T17:53:16.200801
217,TX-665416,6497.05,Local Grocery,2026-05-07T01:12:16.200801,{},0.28043708575090126,0,2026-05-07T01:12:16.200801
218,TX-373501,4246.05,Uber,2026-05-06T12:30:16.200801,{},0.07420891274183834,0,2026-05-06T12:30:16.200801
219,TX-761786,8171.19,Flipkart,2026-05-06T22:58:16.200801,{},0.08161577468176759,0,2026-05-06T22:58:16.200801
220,TX-483974,8014.06,Electronics Store,2026-05-07T06:19:16.200801,{},0.04363239863015977,0,2026-05-07T06:19:16.200801
221,TX-695138,10715.2,Electronics Store,2026-05-07T10:55:16.200801,{},0.026908168168056322,0,2026-05-07T10:55:16.200801
222,TX-229020,2928.9,Amazon,2026-05-06T20:47:16.200801,{},0.24791629712069435,0,2026-05-06T20:47:16.200801
223,TX-724333,4677.24,Local Grocery,2026-05-06T18:29:16.200801,{},0.08749412004262212,0,2026-05-06T18:29:16.200801
224,TX-168494,1065.0,Uber,2026-05-07T05:21:16.200801,{},0.048392986033418656,0,2026-05-07T05:21:16.200801
225,TX-898119,10804.44,Zomato,2026-05-07T11:44:16.200801,{},0.1545126922046524,0,2026-05-07T11:44:16.200801
226,TX-773099,9758.08,Amazon,2026-05-06T15:12:16.200801,{},0.23139317701829779,0,2026-05-06T15:12:16.200801
227,TX-982126,4315.67,Electronics Store,2026-05-07T07:36:16.200801,{},0.20891264240987661,0,2026-05-07T07:36:16.200801
228,TX-971197,6101.16,Uber,2026-05-07T10:30:16.200801,{},0.22492410189310794,0,2026-05-07T10:30:16.200801
229,TX-929110,6696.66,Electronics Store,2026-05-06T23:13:16.200801,{},0.1165481978352602,0,2026-05-06T23:13:16.200801
230,TX-153503,1214.47,Local Grocery,2026-05-06T16:28:16.200801,{},0.11486668505512203,0,2026-05-06T16:28:16.200801
231,TX-367829,5991.06,Local Grocery,2026-05-07T10:31:16.200801,{},0.11451441166928412,0,2026-05-07T10:31:16.200801
232,TX-238989,13483.63,Uber,2026-05-07T11:31:16.200801,{},0.21155799569561082,0,2026-05-07T11:31:16.200801
233,TX-786393,13192.77,Zomato,2026-05-06T21:39:16.200801,{},0.290143948062231,0,2026-05-06T21:39:16.200801
234,TX-349046,7138.86,Foreign/Unrecognized,2026-05-06T18:53:16.200801,{},0.15847580600761257,0,2026-05-06T18:53:16.200801
235,TX-161263,7003.3,Foreign/Unrecognized,2026-05-07T10:37:16.200801,{},0.7792361516223012,1,2026-05-07T10:37:16.200801
236,TX-118574,9096.05,Local Grocery,2026-05-07T02:12:16.200801,{},0.2562869068548098,0,2026-05-07T02:12:16.200801
237,TX-319257,11646.3,Amazon,2026-05-07T08:42:16.200801,{},0.2125378707805321,0,2026-05-07T08:42:16.200801
238,TX-563061,6112.71,Flipkart,2026-05-06T23:58:16.200801,{},0.057048091292083034,0,2026-05-06T23:58:16.200801
239,TX-184022,309.47,Amazon,2026-05-07T09:08:16.200801,{},0.19915493560052455,0,2026-05-07T09:08:16.200801
240,TX-506750,7576.03,Uber,2026-05-06T13:55:16.200801,{},0.045419974308982945,0,2026-05-06T13:55:16.200801
241,TX-860212,458.33,Electronics Store,2026-05-07T08:02:16.200801,{},0.26152929933927155,0,2026-05-07T08:02:16.200801
242,TX-489019,4308.02,Electronics Store,2026-05-06T19:17:16.200801,{},0.2086146195696623,0,2026-05-06T19:17:16.200801
243,TX-925274,11820.75,Electronics Store,2026-05-07T04:29:16.200801,{},0.08827132501327647,0,2026-05-07T04:29:16.200801
244,TX-668494,1252.25,Uber,2026-05-06T14:48:16.200801,{},0.017195909066846468,0,2026-05-06T14:48:16.200801
245,TX-271369,10654.44,Amazon,2026-05-06T16:25:16.200801,{},0.1326235705740425,0,2026-05-06T16:25:16.200801
246,TX-142820,3833.58,Amazon,2026-05-07T08:28:16.200801,{},0.10056068417696677,0,2026-05-07T08:28:16.200801
247,TX-806155,9001.31,Flipkart,2026-05-06T23:00:16.200801,{},0.21628886396937289,0,2026-05-06T23:00:16.200801
248,TX-282355,6240.23,Amazon,2026-05-06T13:03:16.200801,{},0.16775907973074483,0,2026-05-06T13:03:16.200801
249,TX-582388,12214.49,Uber,2026-05-06T20:11:16.200801,{},0.19786731511899758,0,2026-05-06T20:11:16.200801
250,TX-331206,4567.37,Amazon,2026-05-06T15:35:16.200801,{},0.2898984810053966,0,2026-05-06T15:35:16.200801
251,TX-141609,14180.0,Local Grocery,2026-05-07T11:11:16.200801,{},0.22767877719725693,0,2026-05-07T11:11:16.200801
252,TX-971785,4792.91,Foreign/Unrecognized,2026-05-06T20:08:16.200801,{},0.10139400629871609,0,2026-05-06T20:08:16.200801
253,TX-224202,10927.85,Amazon,2026-05-07T05:09:16.200801,{},0.7334706933697414,1,2026-05-07T05:09:16.200801
254,TX-298604,2624.3,Flipkart,2026-05-07T04:34:16.200801,{},0.6435317428788135,1,2026-05-07T04:34:16.200801
255,TX-893084,4790.85,Zomato,2026-05-06T23:59:16.200801,{},0.09641757576609844,0,2026-05-06T23:59:16.200801
256,TX-449216,1641.36,Electronics Store,2026-05-06T16:52:16.200801,{},0.20511329237845147,0,2026-05-06T16:52:16.200801
257,TX-797142,6179.89,Foreign/Unrecognized,2026-05-06T13:13:16.200801,{},0.7556411729580848,1,2026-05-06T13:13:16.200801
258,TX-636578,12950.68,Electronics Store,2026-05-07T04:48:16.200801,{},0.7628031840706853,1,2026-05-07T04:48:16.200801
259,TX-875514,6134.22,Amazon,2026-05-06T16:37:16.200801,{},0.21697987887310485,0,2026-05-06T16:37:16.200801
260,TX-195123,9219.18,Flipkart,2026-05-06T19:12:16.200801,{},0.18996597129691117,0,2026-05-06T19:12:16.200801
261,TX-806494,2145.91,Foreign/Unrecognized,2026-05-06T23:36:16.200801,{},0.07224443744123554,0,2026-05-06T23:36:16.200801
262,TX-892369,6720.96,Zomato,2026-05-06T21:53:16.200801,{},0.2649834557779082,0,2026-05-06T21:53:16.200801
263,TX-817154,8601.72,Zomato,2026-05-06T21:18:16.200801,{},0.23563092939515035,0,2026-05-06T21:18:16.200801
264,TX-910449,1456.29,Electronics Store,2026-05-06T18:20:16.200801,{},0.13787858563275196,0,2026-05-06T18:20:16.200801
265,TX-667907,4035.87,Zomato,2026-05-06T20:38:16.200801,{},0.2998249772213608,0,2026-05-06T20:38:16.200801
266,TX-212959,4075.93,Amazon,2026-05-07T01:12:16.200801,{},0.29564341828364055,0,2026-05-07T01:12:16.200801
267,TX-689718,3392.51,Electronics Store,2026-05-07T08:39:16.200801,{},0.1394649987351191,0,2026-05-07T08:39:16.200801
268,TX-210603,10197.79,Zomato,2026-05-07T00:41:16.200801,{},0.9859321858013546,1,2026-05-07T00:41:16.200801
269,TX-593518,2270.87,Uber,2026-05-07T07:31:16.200801,{},0.07960535285805007,0,2026-05-07T07:31:16.200801
270,TX-849496,7145.95,Zomato,2026-05-07T07:06:16.200801,{},0.1449138443054503,0,2026-05-07T07:06:16.200801
271,TX-918309,2381.37,Flipkart,2026-05-07T05:20:16.200801,{},0.026677706726667798,0,2026-05-07T05:20:16.200801
272,TX-606388,12964.29,Amazon,2026-05-07T10:07:16.200801,{},0.2713275034094471,0,2026-05-07T10:07:16.200801
273,TX-613657,11142.89,Foreign/Unrecognized,2026-05-06T18:38:16.200801,{},0.18983439945511268,0,2026-05-06T18:38:16.200801
274,TX-554575,5593.83,Uber,2026-05-07T02:10:16.200801,{},0.20701204334693593,0,2026-05-07T02:10:16.200801
275,TX-338259,585.77,Uber,2026-05-07T09:28:16.200801,{},0.049171761255989384,0,2026-05-07T09:28:16.200801
276,TX-345626,5687.67,Electronics Store,2026-05-06T21:47:16.200801,{},0.27667486202471614,0,2026-05-06T21:47:16.200801
277,TX-738225,3366.4,Uber,2026-05-07T11:18:16.200801,{},0.21919681659022883,0,2026-05-07T11:18:16.200801
278,TX-243468,7810.59,Uber,2026-05-07T00:11:16.200801,{},0.04051285420707148,0,2026-05-07T00:11:16.200801
279,TX-702898,174.97,Uber,2026-05-06T15:01:16.200801,{},0.2797359294471279,0,2026-05-06T15:01:16.200801
280,TX-479449,14833.08,Zomato,2026-05-07T07:35:16.200801,{},0.07424035096445111,0,2026-05-07T07:35:16.200801
281,TX-124597,2896.15,Electronics Store,2026-05-07T07:38:16.200801,{},0.13464170492744088,0,2026-05-07T07:38:16.200801
282,TX-975452,12332.97,Uber,2026-05-06T12:59:16.200801,{},0.27745643204339787,0,2026-05-06T12:59:16.200801
283,TX-112546,2631.36,Foreign/Unrecognized,2026-05-06T14:40:16.200801,{},0.21069930629691325,0,2026-05-06T14:40:16.200801
284,TX-246258,4626.85,Local Grocery,2026-05-06T16:39:16.200801,{},0.2987876037609611,0,2026-05-06T16:39:16.200801
285,TX-627500,1258.5,Uber,2026-05-07T06:34:16.200801,{},0.059128391181779615,0,2026-05-07T06:34:16.200801
286,TX-860829,3501.07,Uber,2026-05-07T05:04:16.200801,{},0.16062587945634169,0,2026-05-07T05:04:16.200801
287,TX-181844,1540.59,Local Grocery,2026-05-06T21:06:16.200801,{},0.1729910971830664,0,2026-05-06T21:06:16.200801
288,TX-286368,4728.95,Electronics Store,2026-05-07T09:13:16.200801,{},0.20685288170624397,0,2026-05-07T09:13:16.200801
289,TX-459951,2480.07,Foreign/Unrecognized,2026-05-07T07:48:16.200801,{},0.2973711729103123,0,2026-05-07T07:48:16.200801
290,TX-695173,1213.08,Amazon,2026-05-06T14:02:16.200801,{},0.29665028094604096,0,2026-05-06T14:02:16.200801
291,TX-592355,10933.45,Zomato,2026-05-06T14:46:16.200801,{},0.1538290447636007,0,2026-05-06T14:46:16.200801
292,TX-830735,7089.19,Flipkart,2026-05-07T06:30:16.200801,{},0.28449187492586087,0,2026-05-07T06:30:16.200801
293,TX-951179,10639.96,Zomato,2026-05-07T07:37:16.200801,{},0.29116217254700266,0,2026-05-07T07:37:16.200801
294,TX-650064,14286.74,Electronics Store,2026-05-06T20:23:16.200801,{},0.23733607263597575,0,2026-05-06T20:23:16.200801
295,TX-344684,8222.26,Electronics Store,2026-05-06T21:26:16.200801,{},0.21233946905453666,0,2026-05-06T21:26:16.200801
296,TX-552186,14271.26,Electronics Store,2026-05-06T20:32:16.200801,{},0.17678001863222273,0,2026-05-06T20:32:16.200801
297,TX-222993,13926.71,Local Grocery,2026-05-07T09:47:16.200801,{},0.29885398076803665,0,2026-05-07T09:47:16.200801
298,TX-361824,12367.54,Amazon,2026-05-07T09:46:16.200801,{},0.0437523132980105,0,2026-05-07T09:46:16.200801
299,TX-808447,14580.02,Electronics Store,2026-05-07T10:24:16.200801,{},0.17140668437295997,0,2026-05-07T10:24:16.200801
300,TX-317336,5877.62,Electronics Store,2026-05-07T06:14:16.200801,{},0.24103862173711788,0,2026-05-07T06:14:16.200801
301,TX-464349,1675.92,Zomato,2026-05-06T20:45:16.200801,{},0.2812114345419795,0,2026-05-06T20:45:16.200801
302,TX-933968,11913.26,Foreign/Unrecognized,2026-05-06T13:11:16.200801,{},0.8383331296804437,1,2026-05-06T13:11:16.200801
303,TX-334944,14902.69,Local Grocery,2026-05-06T16:57:16.200801,{},0.04947003542392657,0,2026-05-06T16:57:16.200801
304,TX-612545,12690.45,Flipkart,2026-05-07T04:22:16.200801,{},0.13072180352354268,0,2026-05-07T04:22:16.200801
305,TX-694371,13397.62,Electronics Store,2026-05-06T20:13:16.200801,{},0.22668932965603986,0,2026-05-06T20:13:16.200801
306,TX-243258,5931.63,Zomato,2026-05-07T08:05:16.200801,{},0.06533507939152824,0,2026-05-07T08:05:16.200801
307,TX-317383,14172.13,Electronics Store,2026-05-06T16:56:16.200801,{},0.11229439713299078,0,2026-05-06T16:56:16.200801
308,TX-282607,6792.96,Zomato,2026-05-06T23:21:16.200801,{},0.010484426772289359,0,2026-05-06T23:21:16.200801
309,TX-491536,8283.42,Flipkart,2026-05-07T02:41:16.200801,{},0.275451028075536,0,2026-05-07T02:41:16.200801
310,TX-162771,2230.28,Amazon,2026-05-06T18:34:16.200801,{},0.1878853421684298,0,2026-05-06T18:34:16.200801
311,TX-557125,12546.61,Electronics Store,2026-05-07T01:32:16.200801,{},0.22222119712610924,0,2026-05-07T01:32:16.200801
312,TX-770085,2520.02,Flipkart,2026-05-07T08:55:16.200801,{},0.1304839986087118,0,2026-05-07T08:55:16.200801
313,TX-166538,4007.28,Uber,2026-05-07T00:25:16.200801,{},0.7794840203794282,1,2026-05-07T00:25:16.200801
314,TX-207100,9746.66,Amazon,2026-05-07T08:54:16.200801,{},0.2529118251715177,0,2026-05-07T08:54:16.200801
315,TX-931564,4759.85,Amazon,2026-05-06T16:47:16.200801,{},0.18412523305114306,0,2026-05-06T16:47:16.200801
316,TX-456611,5904.7,Flipkart,2026-05-06T23:18:16.200801,{},0.15647788387652972,0,2026-05-06T23:18:16.200801
317,TX-529028,14938.03,Foreign/Unrecognized,2026-05-06T15:13:16.200801,{},0.5104826125014232,1,2026-05-06T15:13:16.200801
318,TX-704608,8542.63,Foreign/Unrecognized,2026-05-06T18:23:16.200801,{},0.8018639568140375,1,2026-05-06T18:23:16.200801
319,TX-825646,6613.68,Zomato,2026-05-06T23:00:16.200801,{},0.2584970203392299,0,2026-05-06T23:00:16.200801
320,TX-204290,373.26,Zomato,2026-05-06T13:37:16.200801,{},0.013735639160315448,0,2026-05-06T13:37:16.200801
321,TX-326963,7272.65,Foreign/Unrecognized,2026-05-07T05:31:16.200801,{},0.5898225586280054,1,2026-05-07T05:31:16.200801
322,TX-113537,11317.31,Uber,2026-05-06T20:50:16.200801,{},0.2674711515405785,0,2026-05-06T20:50:16.200801
323,TX-662699,13837.1,Electronics Store,2026-05-07T09:23:16.200801,{},0.12399593999497667,0,2026-05-07T09:23:16.200801
324,TX-721938,14647.45,Local Grocery,2026-05-07T08:36:16.200801,{},0.026334854965293426,0,2026-05-07T08:36:16.200801
325,TX-670380,7712.51,Electronics Store,2026-05-07T00:04:16.200801,{},0.7828672125071463,1,2026-05-07T00:04:16.200801
326,TX-103683,6684.03,Amazon,2026-05-07T00:16:16.200801,{},0.02714100303833212,0,2026-05-07T00:16:16.200801
327,TX-745566,518.92,Amazon,2026-05-07T09:39:16.200801,{},0.1483944117794398,0,2026-05-07T09:39:16.200801
328,TX-753980,9532.91,Electronics Store,2026-05-06T18:23:16.200801,{},0.18846278058999089,0,2026-05-06T18:23:16.200801
329,TX-962374,5402.16,Foreign/Unrecognized,2026-05-06T14:00:16.200801,{},0.08776816932340255,0,2026-05-06T14:00:16.200801
330,TX-554385,13861.27,Uber,2026-05-07T01:47:16.200801,{},0.06353413991130888,0,2026-05-07T01:47:16.200801
331,TX-556455,4918.31,Local Grocery,2026-05-07T04:37:16.200801,{},0.19001901960116907,0,2026-05-07T04:37:16.200801
332,TX-766129,8569.93,Foreign/Unrecognized,2026-05-06T13:26:16.200801,{},0.15297986450860906,0,2026-05-06T13:26:16.200801
333,TX-800612,9161.31,Amazon,2026-05-06T22:59:16.200801,{},0.030684993957106423,0,2026-05-06T22:59:16.200801
334,TX-214505,4057.75,Electronics Store,2026-05-07T03:31:16.200801,{},0.19755336522206043,0,2026-05-07T03:31:16.200801
335,TX-418340,3721.39,Uber,2026-05-06T21:13:16.200801,{},0.0320862130864252,0,2026-05-06T21:13:16.200801
336,TX-984617,4404.84,Uber,2026-05-07T03:19:16.200801,{},0.05139962910493735,0,2026-05-07T03:19:16.200801
337,TX-234435,4025.04,Flipkart,2026-05-07T05:59:16.200801,{},0.02489942838356953,0,2026-05-07T05:59:16.200801
338,TX-428651,9304.24,Flipkart,2026-05-06T13:12:16.200801,{},0.015423882642307037,0,2026-05-06T13:12:16.200801
339,TX-886573,7286.32,Uber,2026-05-07T10:44:16.200801,{},0.17014858640438935,0,2026-05-07T10:44:16.200801
340,TX-369906,12684.86,Uber,2026-05-06T19:41:16.200801,{},0.17364189846874273,0,2026-05-06T19:41:16.200801
341,TX-224641,3648.45,Foreign/Unrecognized,2026-05-06T23:19:16.200801,{},0.02569665757886607,0,2026-05-06T23:19:16.200801
342,TX-152109,6210.74,Electronics Store,2026-05-07T06:53:16.200801,{},0.26873428398968396,0,2026-05-07T06:53:16.200801
343,TX-565092,570.17,Local Grocery,2026-05-06T23:15:16.200801,{},0.05435650228989547,0,2026-05-06T23:15:16.200801
344,TX-361253,3729.38,Zomato,2026-05-06T14:57:16.200801,{},0.22243032930138507,0,2026-05-06T14:57:16.200801
345,TX-346555,14615.21,Electronics Store,2026-05-07T12:12:16.200801,{},0.25329576523154024,0,2026-05-07T12:12:16.200801
346,TX-388783,14621.69,Uber,2026-05-07T01:26:16.200801,{},0.025098554215719285,0,2026-05-07T01:26:16.200801
347,TX-663438,7040.9,Local Grocery,2026-05-06T16:51:16.200801,{},0.05842280052059873,0,2026-05-06T16:51:16.200801
348,TX-914172,14043.69,Flipkart,2026-05-06T17:30:16.200801,{},0.20853891663708882,0,2026-05-06T17:30:16.200801
349,TX-927153,2047.77,Local Grocery,2026-05-06T14:25:16.200801,{},0.12775204387960545,0,2026-05-06T14:25:16.200801
350,TX-458554,7693.13,Uber,2026-05-06T14:45:16.200801,{},0.27383518101750154,0,2026-05-06T14:45:16.200801
351,TX-110694,10644.73,Flipkart,2026-05-07T07:51:16.200801,{},0.04478604090148608,0,2026-05-07T07:51:16.200801
352,TX-906122,329.26,Amazon,2026-05-06T18:35:16.200801,{},0.17289791812944866,0,2026-05-06T18:35:16.200801
353,TX-183247,8462.95,Flipkart,2026-05-06T19:12:16.200801,{},0.29888528213221327,0,2026-05-06T19:12:16.200801
354,TX-926691,5357.87,Uber,2026-05-07T01:43:16.200801,{},0.2326307190455051,0,2026-05-07T01:43:16.200801
355,TX-508370,11681.59,Zomato,2026-05-06T22:56:16.200801,{},0.10115337181807697,0,2026-05-06T22:56:16.200801
356,TX-380692,4029.87,Uber,2026-05-07T09:09:16.200801,{},0.2988994551646682,0,2026-05-07T09:09:16.200801
357,TX-475522,11868.49,Flipkart,2026-05-06T23:01:16.200801,{},0.033231222989153326,0,2026-05-06T23:01:16.200801
358,TX-131727,5276.88,Uber,2026-05-06T22:40:16.200801,{},0.06794369529958935,0,2026-05-06T22:40:16.200801
359,TX-590030,4405.76,Foreign/Unrecognized,2026-05-07T03:58:16.200801,{},0.11619183605054788,0,2026-05-07T03:58:16.200801
360,TX-160123,1302.89,Uber,2026-05-06T12:54:16.200801,{},0.048971672928894455,0,2026-05-06T12:54:16.200801
361,TX-694777,7521.65,Flipkart,2026-05-07T06:20:16.200801,{},0.19555168389051578,0,2026-05-07T06:20:16.200801
362,TX-989410,8094.5,Flipkart,2026-05-07T04:51:16.200801,{},0.5527184369536539,1,2026-05-07T04:51:16.200801
363,TX-602195,11950.44,Amazon,2026-05-06T13:36:16.200801,{},0.09082477536975624,0,2026-05-06T13:36:16.200801
364,TX-996206,648.79,Electronics Store,2026-05-07T06:08:16.200801,{},0.16756330909116757,0,2026-05-07T06:08:16.200801
365,TX-491063,7178.53,Flipkart,2026-05-07T07:48:16.200801,{},0.26124975948668516,0,2026-05-07T07:48:16.200801
366,TX-602856,2335.27,Zomato,2026-05-07T11:26:16.200801,{},0.2086796996892585,0,2026-05-07T11:26:16.200801
367,TX-946216,8866.04,Electronics Store,2026-05-06T21:15:16.200801,{},0.11834608876273735,0,2026-05-06T21:15:16.200801
368,TX-125248,8969.35,Uber,2026-05-07T07:41:16.200801,{},0.24834091458731578,0,2026-05-07T07:41:16.200801
369,TX-960440,344.79,Foreign/Unrecognized,2026-05-06T15:50:16.200801,{},0.23404376148835435,0,2026-05-06T15:50:16.200801
370,TX-775163,2213.9,Zomato,2026-05-07T10:41:16.200801,{},0.25901424443215915,0,2026-05-07T10:41:16.200801
371,TX-504676,12197.53,Local Grocery,2026-05-06T12:32:16.200801,{},0.07577311786703832,0,2026-05-06T12:32:16.200801
372,TX-814109,3409.98,Local Grocery,2026-05-06T22:17:16.200801,{},0.1880061043286909,0,2026-05-06T22:17:16.200801
373,TX-785301,3605.58,Electronics Store,2026-05-06T22:12:16.200801,{},0.18832756786952168,0,2026-05-06T22:12:16.200801
374,TX-583570,13236.76,Uber,2026-05-07T11:39:16.200801,{},0.1152134651902134,0,2026-05-07T11:39:16.200801
375,TX-296081,877.15,Uber,2026-05-07T12:26:16.200801,{},0.018791912933989723,0,2026-05-07T12:26:16.200801
376,TX-278656,1485.7,Electronics Store,2026-05-07T02:14:16.200801,{},0.25777424096438323,0,2026-05-07T02:14:16.200801
377,TX-548926,3362.11,Local Grocery,2026-05-07T09:15:16.200801,{},0.039436321635742615,0,2026-05-07T09:15:16.200801
378,TX-927476,1368.62,Electronics Store,2026-05-06T22:34:16.200801,{},0.28667419389029763,0,2026-05-06T22:34:16.200801
379,TX-647906,14555.38,Local Grocery,2026-05-06T20:40:16.200801,{},0.17853408555089834,0,2026-05-06T20:40:16.200801
380,TX-613206,11228.73,Electronics Store,2026-05-07T06:22:16.200801,{},0.24171946650380546,0,2026-05-07T06:22:16.200801
381,TX-643086,3031.37,Uber,2026-05-07T03:20:16.200801,{},0.28087571851330795,0,2026-05-07T03:20:16.200801
382,TX-665263,2397.98,Electronics Store,2026-05-06T16:34:16.200801,{},0.030098127432547334,0,2026-05-06T16:34:16.200801
383,TX-992464,721.04,Zomato,2026-05-07T09:17:16.200801,{},0.15932594059399097,0,2026-05-07T09:17:16.200801
384,TX-896928,4893.94,Foreign/Unrecognized,2026-05-07T01:11:16.200801,{},0.01894767670876467,0,2026-05-07T01:11:16.200801
385,TX-911599,10132.82,Amazon,2026-05-06T15:56:16.200801,{},0.021989768158856636,0,2026-05-06T15:56:16.200801
386,TX-452399,584.25,Zomato,2026-05-06T16:19:16.200801,{},0.1394159512569351,0,2026-05-06T16:19:16.200801
387,TX-178206,7576.58,Zomato,2026-05-07T01:19:16.200801,{},0.12179695540958421,0,2026-05-07T01:19:16.200801
388,TX-409595,2087.04,Local Grocery,2026-05-06T19:30:16.200801,{},0.07849847587826762,0,2026-05-06T19:30:16.200801
389,TX-457907,7165.27,Amazon,2026-05-06T14:56:16.200801,{},0.03784198648305013,0,2026-05-06T14:56:16.200801
390,TX-769535,14605.74,Uber,2026-05-07T07:19:16.200801,{},0.2905365385259115,0,2026-05-07T07:19:16.200801
391,TX-189653,14465.5,Amazon,2026-05-06T15:48:16.200801,{},0.2753997826628662,0,2026-05-06T15:48:16.200801
392,TX-284396,12482.3,Zomato,2026-05-07T04:34:16.200801,{},0.5744230960060905,1,2026-05-07T04:34:16.200801
393,TX-809147,5866.62,Foreign/Unrecognized,2026-05-07T01:30:16.200801,{},0.6461037409303296,1,2026-05-07T01:30:16.200801
394,TX-589728,1612.97,Local Grocery,2026-05-07T02:43:16.200801,{},0.6234157209664078,1,2026-05-07T02:43:16.200801
395,TX-617929,14290.68,Foreign/Unrecognized,2026-05-07T01:27:16.200801,{},0.8807660951045935,1,2026-05-07T01:27:16.200801
396,TX-551585,4385.89,Uber,2026-05-06T16:21:16.200801,{},0.25097691499677205,0,2026-05-06T16:21:16.200801
397,TX-463992,6278.73,Zomato,2026-05-07T12:18:16.200801,{},0.22305285420308604,0,2026-05-07T12:18:16.200801
398,TX-729601,6271.94,Foreign/Unrecognized,2026-05-06T19:48:16.200801,{},0.5136950659591766,1,2026-05-06T19:48:16.200801
399,TX-584610,14559.11,Local Grocery,2026-05-07T02:25:16.200801,{},0.21680620785972937,0,2026-05-07T02:25:16.200801
400,TX-949409,11442.34,Flipkart,2026-05-07T06:12:16.200801,{},0.12929946366613945,0,2026-05-07T06:12:16.200801
401,TX-810417,11365.95,Amazon,2026-05-06T15:25:16.200801,{},0.17793458522939212,0,2026-05-06T15:25:16.200801
402,TX-255691,3358.99,Foreign/Unrecognized,2026-05-07T12:03:16.200801,{},0.07604248493933852,0,2026-05-07T12:03:16.200801
403,TX-206546,7351.94,Amazon,2026-05-07T00:02:16.200801,{},0.10311915313114557,0,2026-05-07T00:02:16.200801
404,TX-463623,7465.78,Flipkart,2026-05-06T21:16:16.200801,{},0.03842394791278708,0,2026-05-06T21:16:16.200801
405,TX-775952,6867.81,Zomato,2026-05-07T07:26:16.200801,{},0.04695097072027594,0,2026-05-07T07:26:16.200801
406,TX-818179,14897.51,Uber,2026-05-06T23:06:16.200801,{},0.28941371482324774,0,2026-05-06T23:06:16.200801
407,TX-912741,9781.65,Zomato,2026-05-07T04:40:16.200801,{},0.6020519726054638,1,2026-05-07T04:40:16.200801
408,TX-924545,13958.54,Zomato,2026-05-07T07:25:16.200801,{},0.21597575193767812,0,2026-05-07T07:25:16.200801
409,TX-484691,10377.56,Flipkart,2026-05-07T01:18:16.200801,{},0.6886919225025123,1,2026-05-07T01:18:16.200801
410,TX-355357,8654.82,Foreign/Unrecognized,2026-05-06T22:49:16.200801,{},0.658148336683031,1,2026-05-06T22:49:16.200801
411,TX-384604,822.0,Foreign/Unrecognized,2026-05-06T19:01:16.200801,{},0.29481258665161253,0,2026-05-06T19:01:16.200801
412,TX-290340,12300.56,Flipkart,2026-05-06T13:34:16.200801,{},0.020988098752708222,0,2026-05-06T13:34:16.200801
413,TX-895992,5270.09,Local Grocery,2026-05-07T07:59:16.200801,{},0.26571533896877947,0,2026-05-07T07:59:16.200801
414,TX-938182,3928.08,Foreign/Unrecognized,2026-05-06T13:23:16.200801,{},0.20803956931884082,0,2026-05-06T13:23:16.200801
415,TX-678523,13475.97,Local Grocery,2026-05-06T20:14:16.200801,{},0.21995932752643235,0,2026-05-06T20:14:16.200801
416,TX-612827,3451.44,Foreign/Unrecognized,2026-05-07T07:54:16.200801,{},0.13914299157415627,0,2026-05-07T07:54:16.200801
417,TX-370504,12770.64,Foreign/Unrecognized,2026-05-06T16:01:16.200801,{},0.10891068927760374,0,2026-05-06T16:01:16.200801
418,TX-471001,6098.36,Amazon,2026-05-06T23:01:16.200801,{},0.04746232532887336,0,2026-05-06T23:01:16.200801
419,TX-521595,3869.53,Flipkart,2026-05-07T02:42:16.200801,{},0.6620770986198018,1,2026-05-07T02:42:16.200801
420,TX-847847,13651.59,Flipkart,2026-05-07T11:57:16.200801,{},0.14973578646066296,0,2026-05-07T11:57:16.200801
421,TX-192966,3723.18,Amazon,2026-05-07T04:06:16.200801,{},0.2581054196670167,0,2026-05-07T04:06:16.200801
422,TX-797651,13767.02,Uber,2026-05-07T12:29:16.200801,{},0.037230716356166496,0,2026-05-07T12:29:16.200801
423,TX-666372,6753.51,Zomato,2026-05-06T17:33:16.200801,{},0.025224889003992102,0,2026-05-06T17:33:16.200801
424,TX-610123,10362.48,Amazon,2026-05-07T04:42:16.200801,{},0.18027103360130878,0,2026-05-07T04:42:16.200801
425,TX-481190,11431.61,Uber,2026-05-07T02:55:16.200801,{},0.7138172262714023,1,2026-05-07T02:55:16.200801
426,TX-803002,7871.07,Amazon,2026-05-07T07:22:16.200801,{},0.10603486912352662,0,2026-05-07T07:22:16.200801
427,TX-139942,2820.59,Flipkart,2026-05-07T08:52:16.200801,{},0.05272240179699993,0,2026-05-07T08:52:16.200801
428,TX-370931,9190.93,Electronics Store,2026-05-07T09:27:16.200801,{},0.09373006916645017,0,2026-05-07T09:27:16.200801
429,TX-670928,8820.77,Zomato,2026-05-06T21:48:16.200801,{},0.026879255423750033,0,2026-05-06T21:48:16.200801
430,TX-732850,14578.41,Foreign/Unrecognized,2026-05-07T10:42:16.200801,{},0.01499752303541302,0,2026-05-07T10:42:16.200801
431,TX-965831,11103.24,Zomato,2026-05-06T14:46:16.200801,{},0.16086419356047785,0,2026-05-06T14:46:16.200801
432,TX-318201,12993.24,Amazon,2026-05-07T07:57:16.200801,{},0.29333904686548357,0,2026-05-07T07:57:16.200801
433,TX-162086,12809.58,Uber,2026-05-06T13:42:16.200801,{},0.0354084711599527,0,2026-05-06T13:42:16.200801
434,TX-350043,9326.07,Electronics Store,2026-05-07T05:44:16.200801,{},0.9857175963073987,1,2026-05-07T05:44:16.200801
435,TX-393117,9221.79,Foreign/Unrecognized,2026-05-07T08:14:16.200801,{},0.7441742497656695,1,2026-05-07T08:14:16.200801
436,TX-266024,1569.61,Foreign/Unrecognized,2026-05-07T07:30:16.200801,{},0.2051157917911166,0,2026-05-07T07:30:16.200801
437,TX-487478,14497.08,Electronics Store,2026-05-06T20:23:16.200801,{},0.05085341234243682,0,2026-05-06T20:23:16.200801
438,TX-990120,11848.39,Local Grocery,2026-05-06T12:39:16.200801,{},0.014734399207024088,0,2026-05-06T12:39:16.200801
439,TX-785671,4902.65,Flipkart,2026-05-07T07:57:16.200801,{},0.14222625158859656,0,2026-05-07T07:57:16.200801
440,TX-113987,14761.94,Foreign/Unrecognized,2026-05-06T14:33:16.200801,{},0.25171183677487274,0,2026-05-06T14:33:16.200801
441,TX-999686,1200.57,Foreign/Unrecognized,2026-05-07T09:12:16.200801,{},0.06048942715562296,0,2026-05-07T09:12:16.200801
442,TX-397854,6735.21,Electronics Store,2026-05-06T12:46:16.200801,{},0.1348252003344553,0,2026-05-06T12:46:16.200801
443,TX-488862,10400.42,Foreign/Unrecognized,2026-05-07T11:46:16.200801,{},0.9761765531454443,1,2026-05-07T11:46:16.200801
444,TX-375656,11244.23,Electronics Store,2026-05-06T23:42:16.200801,{},0.05575110447243994,0,2026-05-06T23:42:16.200801
445,TX-190961,12229.88,Flipkart,2026-05-06T13:31:16.200801,{},0.14921802265877304,0,2026-05-06T13:31:16.200801
446,TX-438968,12888.38,Amazon,2026-05-07T09:44:16.200801,{},0.06421404143615052,0,2026-05-07T09:44:16.200801
447,TX-477275,12820.14,Flipkart,2026-05-06T18:15:16.200801,{},0.16526172045190102,0,2026-05-06T18:15:16.200801
448,TX-390723,4399.46,Foreign/Unrecognized,2026-05-06T16:25:16.200801,{},0.12213087667679537,0,2026-05-06T16:25:16.200801
449,TX-827632,12683.96,Local Grocery,2026-05-07T05:37:16.200801,{},0.04809191614812962,0,2026-05-07T05:37:16.200801
450,TX-126926,11400.01,Local Grocery,2026-05-07T00:08:16.200801,{},0.2951101101334053,0,2026-05-07T00:08:16.200801
451,TX-179428,5831.89,Flipkart,2026-05-07T11:56:16.200801,{},0.15927742327613334,0,2026-05-07T11:56:16.200801
452,TX-137314,3260.04,Zomato,2026-05-06T17:50:16.200801,{},0.18714100579357462,0,2026-05-06T17:50:16.200801
453,TX-633026,11726.54,Zomato,2026-05-07T10:06:16.200801,{},0.019081216075816875,0,2026-05-07T10:06:16.200801
454,TX-875626,10452.52,Electronics Store,2026-05-07T09:17:16.200801,{},0.06131170746915833,0,2026-05-07T09:17:16.200801
455,TX-349305,1465.0,Amazon,2026-05-06T17:18:16.200801,{},0.1465514801615078,0,2026-05-06T17:18:16.200801
456,TX-846954,6705.03,Zomato,2026-05-07T07:20:16.200801,{},0.09029298260913363,0,2026-05-07T07:20:16.200801
457,TX-100803,7393.08,Local Grocery,2026-05-07T02:29:16.200801,{},0.07820846791599696,0,2026-05-07T02:29:16.200801
458,TX-467732,3161.03,Amazon,2026-05-07T10:52:16.200801,{},0.03027642857801295,0,2026-05-07T10:52:16.200801
459,TX-441955,13904.39,Amazon,2026-05-06T13:40:16.200801,{},0.11303741305991077,0,2026-05-06T13:40:16.200801
460,TX-111343,14384.93,Electronics Store,2026-05-07T06:40:16.200801,{},0.1625338712987632,0,2026-05-07T06:40:16.200801
461,TX-524451,3994.0,Zomato,2026-05-06T13:58:16.200801,{},0.0198170556581999,0,2026-05-06T13:58:16.200801
462,TX-679968,12274.29,Local Grocery,2026-05-06T18:00:16.200801,{},0.24916734943110583,0,2026-05-06T18:00:16.200801
463,TX-889596,10005.4,Electronics Store,2026-05-07T03:07:16.200801,{},0.28723094142696864,0,2026-05-07T03:07:16.200801
464,TX-426818,10227.02,Uber,2026-05-07T01:35:16.200801,{},0.2072629797355426,0,2026-05-07T01:35:16.200801
465,TX-614069,9507.86,Zomato,2026-05-06T14:42:16.200801,{},0.11393953242856435,0,2026-05-06T14:42:16.200801
466,TX-628944,4862.15,Electronics Store,2026-05-06T13:27:16.200801,{},0.17340205275843437,0,2026-05-06T13:27:16.200801
467,TX-138570,12354.97,Local Grocery,2026-05-07T01:00:16.200801,{},0.06814152207798176,0,2026-05-07T01:00:16.200801
468,TX-545557,12790.99,Uber,2026-05-06T23:57:16.200801,{},0.24772371809174223,0,2026-05-06T23:57:16.200801
469,TX-352459,14460.49,Uber,2026-05-07T09:34:16.200801,{},0.10473900781763651,0,2026-05-07T09:34:16.200801
470,TX-736025,1325.14,Electronics Store,2026-05-06T15:47:16.200801,{},0.11980749353886322,0,2026-05-06T15:47:16.200801
471,TX-970904,4721.35,Local Grocery,2026-05-07T00:59:16.200801,{},0.05770022844058435,0,2026-05-07T00:59:16.200801
472,TX-864878,9831.97,Flipkart,2026-05-06T23:49:16.200801,{},0.10958959236739235,0,2026-05-06T23:49:16.200801
473,TX-370876,10234.07,Amazon,2026-05-07T04:42:16.200801,{},0.24714036008241652,0,2026-05-07T04:42:16.200801
474,TX-147828,5890.39,Flipkart,2026-05-06T14:47:16.200801,{},0.16753057319426296,0,2026-05-06T14:47:16.200801
475,TX-939332,7179.96,Amazon,2026-05-06T23:04:16.200801,{},0.23648085430887744,0,2026-05-06T23:04:16.200801
476,TX-244408,2116.36,Amazon,2026-05-06T14:13:16.200801,{},0.2866782365480745,0,2026-05-06T14:13:16.200801
477,TX-784400,7505.05,Flipkart,2026-05-06T17:29:16.200801,{},0.16037188820112494,0,2026-05-06T17:29:16.200801
478,TX-918932,9199.5,Uber,2026-05-06T13:09:16.200801,{},0.19730541408850905,0,2026-05-06T13:09:16.200801
479,TX-533715,3750.79,Uber,2026-05-06T23:29:16.200801,{},0.196162935191094,0,2026-05-06T23:29:16.200801
480,TX-480724,8438.72,Flipkart,2026-05-06T19:20:16.200801,{},0.29764109647334186,0,2026-05-06T19:20:16.200801
481,TX-652518,3725.51,Local Grocery,2026-05-07T04:50:16.200801,{},0.12274401320275136,0,2026-05-07T04:50:16.200801
482,TX-486191,5851.11,Zomato,2026-05-06T16:48:16.200801,{},0.11852919632071451,0,2026-05-06T16:48:16.200801
483,TX-310509,9871.37,Electronics Store,2026-05-06T18:45:16.200801,{},0.09998400033732631,0,2026-05-06T18:45:16.200801
484,TX-342750,106.66,Zomato,2026-05-07T12:08:16.200801,{},0.05668175386574419,0,2026-05-07T12:08:16.200801
485,TX-941405,513.65,Flipkart,2026-05-07T06:11:16.200801,{},0.16372451301175522,0,2026-05-07T06:11:16.200801
486,TX-451403,14193.79,Flipkart,2026-05-06T14:59:16.200801,{},0.08108497712977317,0,2026-05-06T14:59:16.200801
487,TX-682644,5552.0,Flipkart,2026-05-07T11:35:16.200801,{},0.09877476520008763,0,2026-05-07T11:35:16.200801
488,TX-498705,4408.18,Flipkart,2026-05-06T23:00:16.200801,{},0.26288796828814187,0,2026-05-06T23:00:16.200801
489,TX-784980,11384.71,Amazon,2026-05-06T20:41:16.200801,{},0.0645198666706809,0,2026-05-06T20:41:16.200801
490,TX-171334,7378.1,Uber,2026-05-06T19:33:16.200801,{},0.12908671936200394,0,2026-05-06T19:33:16.200801
491,TX-488466,7365.49,Zomato,2026-05-07T11:06:16.200801,{},0.24503804469622026,0,2026-05-07T11:06:16.200801
492,TX-370878,1421.65,Local Grocery,2026-05-07T06:03:16.200801,{},0.15820588829706203,0,2026-05-07T06:03:16.200801
493,TX-521564,3573.5,Amazon,2026-05-06T16:17:16.200801,{},0.010817649242290154,0,2026-05-06T16:17:16.200801
494,TX-562273,4158.24,Uber,2026-05-07T11:26:16.200801,{},0.16828253663068204,0,2026-05-07T11:26:16.200801
495,TX-917418,9827.14,Local Grocery,2026-05-06T20:09:16.200801,{},0.24623731951624792,0,2026-05-06T20:09:16.200801
496,TX-177419,3368.62,Foreign/Unrecognized,2026-05-06T15:14:16.200801,{},0.015126566321695309,0,2026-05-06T15:14:16.200801
497,TX-426623,10965.22,Foreign/Unrecognized,2026-05-06T13:46:16.200801,{},0.7946470053665389,1,2026-05-06T13:46:16.200801
498,TX-465141,6638.76,Flipkart,2026-05-06T14:38:16.200801,{},0.046542361132877665,0,2026-05-06T14:38:16.200801
499,TX-787172,12156.39,Local Grocery,2026-05-07T06:08:16.200801,{},0.21953309242151012,0,2026-05-07T06:08:16.200801
500,TX-957251,9111.67,Uber,2026-05-06T16:57:16.200801,{},0.27145642728515657,0,2026-05-06T16:57:16.200801
501,TX-528478,4216.81,Local Grocery,2026-05-07T04:18:16.200801,{},0.5443669311228637,1,2026-05-07T04:18:16.200801
502,TX-579403,2176.26,Flipkart,2026-05-07T07:58:16.200801,{},0.1495329182095021,0,2026-05-07T07:58:16.200801
503,TX-902656,10540.98,Uber,2026-05-07T10:53:16.200801,{},0.07134720910032676,0,2026-05-07T10:53:16.200801
504,TX-354325,2235.11,Flipkart,2026-05-06T16:12:16.200801,{},0.1972558355224228,0,2026-05-06T16:12:16.200801
505,TX-596588,11544.26,Foreign/Unrecognized,2026-05-06T21:25:16.200801,{},0.8899906630777918,1,2026-05-06T21:25:16.200801
506,TX-974892,9328.58,Foreign/Unrecognized,2026-05-07T06:19:16.200801,{},0.2153220604828423,0,2026-05-07T06:19:16.200801
507,TX-361753,3064.59,Zomato,2026-05-07T04:17:16.200801,{},0.16249778514325325,0,2026-05-07T04:17:16.200801
508,TX-425192,9212.02,Zomato,2026-05-07T07:04:16.200801,{},0.029756937334744563,0,2026-05-07T07:04:16.200801
509,TX-498842,371.85,Amazon,2026-05-06T13:13:16.200801,{},0.21028173729504554,0,2026-05-06T13:13:16.200801
510,TX-885840,6714.16,Local Grocery,2026-05-06T13:18:16.200801,{},0.09422823418113213,0,2026-05-06T13:18:16.200801
511,TX-101473,5696.56,Flipkart,2026-05-06T20:51:16.200801,{},0.2775584850453653,0,2026-05-06T20:51:16.200801
512,TX-427149,9431.27,Zomato,2026-05-07T11:51:16.200801,{},0.08961020633174062,0,2026-05-07T11:51:16.200801
513,TX-335251,6334.52,Amazon,2026-05-07T01:18:16.200801,{},0.017500501428705843,0,2026-05-07T01:18:16.200801
514,TX-421624,13949.8,Amazon,2026-05-06T14:48:16.200801,{},0.2977499273245219,0,2026-05-06T14:48:16.200801
515,TX-589564,8225.55,Flipkart,2026-05-07T06:33:16.200801,{},0.16041626429534717,0,2026-05-07T06:33:16.200801
516,TX-406428,13914.91,Zomato,2026-05-07T00:46:16.200801,{},0.14289375763254325,0,2026-05-07T00:46:16.200801
517,TX-571433,8207.0,Amazon,2026-05-06T17:52:16.200801,{},0.10144080953801106,0,2026-05-06T17:52:16.200801
518,TX-529009,1072.07,Uber,2026-05-06T19:54:16.200801,{},0.11102743594424952,0,2026-05-06T19:54:16.200801
519,TX-578522,1139.27,Amazon,2026-05-07T01:47:16.200801,{},0.23467206544926747,0,2026-05-07T01:47:16.200801
520,TX-542449,4615.09,Local Grocery,2026-05-07T10:58:16.200801,{},0.0712030998958834,0,2026-05-07T10:58:16.200801
521,TX-629723,10230.56,Foreign/Unrecognized,2026-05-06T13:11:16.200801,{},0.6921136843709832,1,2026-05-06T13:11:16.200801
522,TX-230838,6605.98,Local Grocery,2026-05-07T04:25:16.200801,{},0.11544435703875978,0,2026-05-07T04:25:16.200801
523,TX-836416,12242.93,Electronics Store,2026-05-06T14:56:16.200801,{},0.2613499863281389,0,2026-05-06T14:56:16.200801
524,TX-515206,8196.19,Zomato,2026-05-06T19:56:16.200801,{},0.09081447878893041,0,2026-05-06T19:56:16.200801
525,TX-885241,371.73,Uber,2026-05-07T10:59:16.200801,{},0.09976159178250102,0,2026-05-07T10:59:16.200801
526,TX-127726,5140.75,Uber,2026-05-07T06:39:16.200801,{},0.23832436194357712,0,2026-05-07T06:39:16.200801
527,TX-338060,11359.33,Uber,2026-05-06T20:05:16.200801,{},0.21036353654214662,0,2026-05-06T20:05:16.200801
528,TX-151101,7404.88,Electronics Store,2026-05-07T02:16:16.200801,{},0.22953055367060549,0,2026-05-07T02:16:16.200801
529,TX-978754,4704.51,Zomato,2026-05-06T18:03:16.200801,{},0.12882810355861574,0,2026-05-06T18:03:16.200801
530,TX-505490,14919.31,Zomato,2026-05-06T18:51:16.200801,{},0.13526119332631886,0,2026-05-06T18:51:16.200801
531,TX-101353,14780.99,Foreign/Unrecognized,2026-05-06T21:08:16.200801,{},0.10611095489090858,0,2026-05-06T21:08:16.200801
532,TX-709100,2668.84,Foreign/Unrecognized,2026-05-07T08:34:16.200801,{},0.043060220331058774,0,2026-05-07T08:34:16.200801
533,TX-966859,3231.48,Local Grocery,2026-05-07T05:15:16.200801,{},0.18463688541645487,0,2026-05-07T05:15:16.200801
534,TX-248776,3461.74,Electronics Store,2026-05-06T20:14:16.200801,{},0.033203355687541805,0,2026-05-06T20:14:16.200801
535,TX-497544,1550.62,Foreign/Unrecognized,2026-05-07T07:52:16.200801,{},0.21498457607832586,0,2026-05-07T07:52:16.200801
536,TX-159401,3349.9,Local Grocery,2026-05-06T18:04:16.200801,{},0.10034719597733076,0,2026-05-06T18:04:16.200801
537,TX-316347,10252.47,Local Grocery,2026-05-07T11:57:16.200801,{},0.10120941834401335,0,2026-05-07T11:57:16.200801
538,TX-125654,12649.93,Local Grocery,2026-05-06T16:42:16.200801,{},0.13199068601597955,0,2026-05-06T16:42:16.200801
539,TX-373159,3704.54,Zomato,2026-05-06T15:11:16.200801,{},0.22792558922296718,0,2026-05-06T15:11:16.200801
540,TX-445726,3190.55,Local Grocery,2026-05-06T18:21:16.200801,{},0.18148944486519378,0,2026-05-06T18:21:16.200801
541,TX-573132,7675.99,Uber,2026-05-07T03:38:16.200801,{},0.2902406449315059,0,2026-05-07T03:38:16.200801
542,TX-806642,1171.36,Flipkart,2026-05-07T06:33:16.200801,{},0.09879288611638647,0,2026-05-07T06:33:16.200801
543,TX-849130,6763.06,Flipkart,2026-05-07T06:34:16.200801,{},0.23226765698514235,0,2026-05-07T06:34:16.200801
544,TX-891027,11382.65,Zomato,2026-05-06T12:34:16.200801,{},0.07766857291240885,0,2026-05-06T12:34:16.200801
545,TX-833292,1693.25,Local Grocery,2026-05-07T00:45:16.200801,{},0.2540809474521732,0,2026-05-07T00:45:16.200801
546,TX-788286,3054.38,Uber,2026-05-06T14:15:16.200801,{},0.17201858138448098,0,2026-05-06T14:15:16.200801
547,TX-618008,10959.63,Flipkart,2026-05-07T06:49:16.200801,{},0.09132796750788091,0,2026-05-07T06:49:16.200801
548,TX-274723,9590.45,Foreign/Unrecognized,2026-05-07T00:42:16.200801,{},0.24272627810444694,0,2026-05-07T00:42:16.200801
549,TX-183811,8597.51,Flipkart,2026-05-06T23:43:16.200801,{},0.2102918452555661,0,2026-05-06T23:43:16.200801
550,TX-749373,6976.34,Uber,2026-05-06T14:46:16.200801,{},0.07471367366826633,0,2026-05-06T14:46:16.200801
551,TX-509322,10229.22,Zomato,2026-05-07T02:32:16.200801,{},0.7746547302838918,1,2026-05-07T02:32:16.200801
552,TX-394694,2262.01,Uber,2026-05-06T13:50:16.200801,{},0.274266619844252,0,2026-05-06T13:50:16.200801
553,TX-871999,5702.62,Electronics Store,2026-05-06T17:10:16.200801,{},0.28377110670983674,0,2026-05-06T17:10:16.200801
554,TX-641884,8187.1,Local Grocery,2026-05-07T10:37:16.200801,{},0.11859610109258134,0,2026-05-07T10:37:16.200801
555,TX-448400,12672.11,Zomato,2026-05-06T23:56:16.200801,{},0.13526128996030481,0,2026-05-06T23:56:16.200801
556,TX-596516,9186.33,Flipkart,2026-05-06T15:21:16.200801,{},0.2842736850673643,0,2026-05-06T15:21:16.200801
557,TX-321135,12428.99,Flipkart,2026-05-07T10:22:16.200801,{},0.03794082193288533,0,2026-05-07T10:22:16.200801
558,TX-184475,10632.51,Local Grocery,2026-05-06T20:23:16.200801,{},0.0828307887933221,0,2026-05-06T20:23:16.200801
559,TX-917395,7583.27,Uber,2026-05-06T13:50:16.200801,{},0.12994033817289866,0,2026-05-06T13:50:16.200801
560,TX-395859,13381.08,Flipkart,2026-05-06T14:31:16.200801,{},0.1363989903163482,0,2026-05-06T14:31:16.200801
561,TX-186397,5430.56,Foreign/Unrecognized,2026-05-07T04:35:16.200801,{},0.6559318043401396,1,2026-05-07T04:35:16.200801
562,TX-503306,948.39,Local Grocery,2026-05-07T00:39:16.200801,{},0.011210648560347305,0,2026-05-07T00:39:16.200801
563,TX-505773,6852.24,Zomato,2026-05-07T06:58:16.200801,{},0.04178387899376741,0,2026-05-07T06:58:16.200801
564,TX-417953,590.0,Foreign/Unrecognized,2026-05-06T19:31:16.200801,{},0.12578253252688074,0,2026-05-06T19:31:16.200801
565,TX-795687,6272.75,Local Grocery,2026-05-07T02:12:16.200801,{},0.8544038278100281,1,2026-05-07T02:12:16.200801
566,TX-416557,7909.2,Amazon,2026-05-07T00:58:16.200801,{},0.7299094050972056,1,2026-05-07T00:58:16.200801
567,TX-858617,5413.72,Amazon,2026-05-07T07:19:16.200801,{},0.2446838146584118,0,2026-05-07T07:19:16.200801
568,TX-178955,7260.38,Amazon,2026-05-06T14:40:16.200801,{},0.1630246094065114,0,2026-05-06T14:40:16.200801
569,TX-886521,10173.12,Zomato,2026-05-07T09:23:16.200801,{},0.27093274066958983,0,2026-05-07T09:23:16.200801
570,TX-690341,11839.0,Local Grocery,2026-05-07T02:42:16.200801,{},0.19424176590776598,0,2026-05-07T02:42:16.200801
571,TX-717354,13412.6,Uber,2026-05-06T15:39:16.200801,{},0.23557505513913926,0,2026-05-06T15:39:16.200801
572,TX-562521,3793.9,Flipkart,2026-05-07T01:37:16.200801,{},0.06888485467612389,0,2026-05-07T01:37:16.200801
573,TX-945396,8281.2,Local Grocery,2026-05-07T04:14:16.200801,{},0.7251156125308812,1,2026-05-07T04:14:16.200801
574,TX-651415,11626.51,Electronics Store,2026-05-06T16:23:16.200801,{},0.2959555429255923,0,2026-05-06T16:23:16.200801
575,TX-583261,14861.17,Flipkart,2026-05-07T10:49:16.200801,{},0.17842489585442609,0,2026-05-07T10:49:16.200801
576,TX-210969,12233.63,Electronics Store,2026-05-07T12:06:16.200801,{},0.25110127642889096,0,2026-05-07T12:06:16.200801
577,TX-571357,14857.42,Uber,2026-05-07T04:33:16.200801,{},0.014966326507988063,0,2026-05-07T04:33:16.200801
578,TX-159802,2097.38,Uber,2026-05-06T12:46:16.200801,{},0.22225100188077201,0,2026-05-06T12:46:16.200801
579,TX-375099,3350.9,Uber,2026-05-06T19:59:16.200801,{},0.08316935897215756,0,2026-05-06T19:59:16.200801
580,TX-491867,10933.4,Foreign/Unrecognized,2026-05-06T13:53:16.200801,{},0.7528039592227794,1,2026-05-06T13:53:16.200801
581,TX-714495,391.87,Uber,2026-05-07T06:21:16.200801,{},0.05516296147457845,0,2026-05-07T06:21:16.200801
582,TX-335140,9622.32,Amazon,2026-05-06T20:57:16.200801,{},0.25080524085481953,0,2026-05-06T20:57:16.200801
583,TX-933286,9497.01,Amazon,2026-05-06T23:21:16.200801,{},0.1221759162602767,0,2026-05-06T23:21:16.200801
584,TX-807043,11555.58,Uber,2026-05-07T08:44:16.200801,{},0.12943615609677434,0,2026-05-07T08:44:16.200801
585,TX-260527,954.5,Uber,2026-05-07T02:28:16.200801,{},0.2942360426932436,0,2026-05-07T02:28:16.200801
586,TX-122309,7208.24,Uber,2026-05-07T06:27:16.200801,{},0.13502460490357443,0,2026-05-07T06:27:16.200801
587,TX-474680,8882.62,Flipkart,2026-05-06T19:09:16.200801,{},0.20062573200772196,0,2026-05-06T19:09:16.200801
588,TX-364382,11218.63,Uber,2026-05-07T04:43:16.200801,{},0.1988394074760376,0,2026-05-07T04:43:16.200801
589,TX-133633,6549.43,Flipkart,2026-05-07T00:56:16.200801,{},0.02575082019069655,0,2026-05-07T00:56:16.200801
590,TX-957878,575.85,Local Grocery,2026-05-07T03:58:16.200801,{},0.12498888486230667,0,2026-05-07T03:58:16.200801
591,TX-999710,3783.52,Foreign/Unrecognized,2026-05-07T11:39:16.200801,{},0.2958418298062537,0,2026-05-07T11:39:16.200801
592,TX-708977,7294.07,Local Grocery,2026-05-07T02:59:16.200801,{},0.9285267164297637,1,2026-05-07T02:59:16.200801
593,TX-575706,12428.1,Uber,2026-05-06T17:35:16.200801,{},0.04993852084871861,0,2026-05-06T17:35:16.200801
594,TX-648598,9874.5,Foreign/Unrecognized,2026-05-07T04:07:16.200801,{},0.5640805858134608,1,2026-05-07T04:07:16.200801
595,TX-514854,10400.48,Local Grocery,2026-05-07T04:19:16.200801,{},0.1078695907598399,0,2026-05-07T04:19:16.200801
596,TX-269114,14237.4,Electronics Store,2026-05-06T19:54:16.200801,{},0.2620336223592005,0,2026-05-06T19:54:16.200801
597,TX-841426,3865.36,Electronics Store,2026-05-07T10:16:16.200801,{},0.12689498768782148,0,2026-05-07T10:16:16.200801
598,TX-973370,7359.53,Zomato,2026-05-07T04:52:16.200801,{},0.08003592644253116,0,2026-05-07T04:52:16.200801
599,TX-518532,12467.02,Flipkart,2026-05-06T15:58:16.200801,{},0.0770709848277269,0,2026-05-06T15:58:16.200801
600,TX-344346,3896.29,Local Grocery,2026-05-07T08:58:16.200801,{},0.026054758728500306,0,2026-05-07T08:58:16.200801
601,TX-996483,14493.09,Zomato,2026-05-07T09:22:16.200801,{},0.1970397294394361,0,2026-05-07T09:22:16.200801
602,TX-974881,2029.1,Local Grocery,2026-05-07T05:21:16.200801,{},0.16045872671988456,0,2026-05-07T05:21:16.200801
603,TX-439933,14584.21,Local Grocery,2026-05-07T09:38:16.200801,{},0.10166124536242273,0,2026-05-07T09:38:16.200801
604,TX-671489,13504.86,Local Grocery,2026-05-06T15:42:16.200801,{},0.10652208569404714,0,2026-05-06T15:42:16.200801
605,TX-933366,3134.06,Foreign/Unrecognized,2026-05-07T03:32:16.200801,{},0.2720155541717944,0,2026-05-07T03:32:16.200801
606,TX-668694,12553.99,Uber,2026-05-06T23:14:16.200801,{},0.10654693145579129,0,2026-05-06T23:14:16.200801
607,TX-213557,12578.12,Uber,2026-05-06T16:11:16.200801,{},0.14759113194886347,0,2026-05-06T16:11:16.200801
608,TX-800810,8850.26,Foreign/Unrecognized,2026-05-07T11:56:16.200801,{},0.6990081223025637,1,2026-05-07T11:56:16.200801
609,TX-699025,2207.08,Uber,2026-05-06T23:37:16.200801,{},0.023569862505563567,0,2026-05-06T23:37:16.200801
610,TX-712874,10100.29,Amazon,2026-05-06T15:44:16.200801,{},0.2957896094127052,0,2026-05-06T15:44:16.200801
611,TX-775540,11167.5,Electronics Store,2026-05-07T09:10:16.200801,{},0.17242938228786356,0,2026-05-07T09:10:16.200801
612,TX-771323,14872.1,Flipkart,2026-05-06T12:36:16.200801,{},0.12212958659534143,0,2026-05-06T12:36:16.200801
613,TX-826168,11327.11,Flipkart,2026-05-07T05:07:16.200801,{},0.10470329618040984,0,2026-05-07T05:07:16.200801
614,TX-379933,11197.03,Foreign/Unrecognized,2026-05-07T07:59:16.200801,{},0.6009991498703847,1,2026-05-07T07:59:16.200801
615,TX-323543,7282.19,Zomato,2026-05-07T02:00:16.200801,{},0.05590429961252003,0,2026-05-07T02:00:16.200801
616,TX-268220,10587.35,Foreign/Unrecognized,2026-05-06T18:15:16.200801,{},0.25977642773488835,0,2026-05-06T18:15:16.200801
617,TX-909609,866.61,Flipkart,2026-05-06T13:42:16.200801,{},0.07843844024626832,0,2026-05-06T13:42:16.200801
618,TX-667681,3564.3,Foreign/Unrecognized,2026-05-06T20:34:16.200801,{},0.1495845980962968,0,2026-05-06T20:34:16.200801
619,TX-211522,9337.04,Uber,2026-05-06T14:23:16.200801,{},0.1358978834658388,0,2026-05-06T14:23:16.200801
620,TX-474379,10902.98,Electronics Store,2026-05-07T00:18:16.200801,{},0.18312481918855011,0,2026-05-07T00:18:16.200801
621,TX-138447,9659.22,Flipkart,2026-05-07T07:50:16.200801,{},0.026419489506368243,0,2026-05-07T07:50:16.200801
622,TX-315175,5738.38,Zomato,2026-05-07T08:40:16.200801,{},0.18695561250137913,0,2026-05-07T08:40:16.200801
623,TX-266110,6382.85,Zomato,2026-05-06T22:32:16.200801,{},0.0601252769603762,0,2026-05-06T22:32:16.200801
624,TX-183851,10816.4,Foreign/Unrecognized,2026-05-07T03:16:16.200801,{},0.9819262596771718,1,2026-05-07T03:16:16.200801
625,TX-296071,13719.3,Amazon,2026-05-07T04:34:16.200801,{},0.19859991079471276,0,2026-05-07T04:34:16.200801
626,TX-337443,4640.09,Uber,2026-05-06T16:20:16.200801,{},0.11272040777483275,0,2026-05-06T16:20:16.200801
627,TX-329343,11269.35,Uber,2026-05-07T09:28:16.200801,{},0.05514733013089936,0,2026-05-07T09:28:16.200801
628,TX-851072,5387.42,Uber,2026-05-07T09:58:16.200801,{},0.274862609195627,0,2026-05-07T09:58:16.200801
629,TX-683512,9906.26,Electronics Store,2026-05-06T20:24:16.200801,{},0.11143668261259491,0,2026-05-06T20:24:16.200801
630,TX-408452,13483.23,Foreign/Unrecognized,2026-05-07T00:00:16.200801,{},0.1501946281207166,0,2026-05-07T00:00:16.200801
631,TX-143221,3937.87,Uber,2026-05-06T21:00:16.200801,{},0.10073244951879715,0,2026-05-06T21:00:16.200801
632,TX-940083,9282.05,Amazon,2026-05-07T05:54:16.200801,{},0.1666609995735496,0,2026-05-07T05:54:16.200801
633,TX-828698,12034.26,Amazon,2026-05-06T13:27:16.200801,{},0.2594072046515917,0,2026-05-06T13:27:16.200801
634,TX-195031,13259.83,Electronics Store,2026-05-06T22:56:16.200801,{},0.14708797288643866,0,2026-05-06T22:56:16.200801
635,TX-151767,6967.74,Zomato,2026-05-06T13:24:16.200801,{},0.2608502849629263,0,2026-05-06T13:24:16.200801
636,TX-520625,10907.6,Electronics Store,2026-05-06T22:21:16.200801,{},0.14633815153621127,0,2026-05-06T22:21:16.200801
637,TX-810581,5561.65,Flipkart,2026-05-07T05:13:16.200801,{},0.061457566094706,0,2026-05-07T05:13:16.200801
638,TX-299352,3734.86,Uber,2026-05-06T17:05:16.200801,{},0.18398886456052307,0,2026-05-06T17:05:16.200801
639,TX-496557,13115.27,Electronics Store,2026-05-07T07:57:16.200801,{},0.09012490687131341,0,2026-05-07T07:57:16.200801
640,TX-557014,10834.55,Flipkart,2026-05-07T07:03:16.200801,{},0.1325385284142399,0,2026-05-07T07:03:16.200801
641,TX-880821,6660.64,Amazon,2026-05-07T01:19:16.200801,{},0.29637330158418096,0,2026-05-07T01:19:16.200801
642,TX-207006,2037.86,Electronics Store,2026-05-07T10:31:16.200801,{},0.19537396926830697,0,2026-05-07T10:31:16.200801
643,TX-207273,8493.12,Flipkart,2026-05-06T21:03:16.200801,{},0.04362723319882001,0,2026-05-06T21:03:16.200801
644,TX-828542,11600.84,Flipkart,2026-05-06T14:54:16.200801,{},0.27280681889119823,0,2026-05-06T14:54:16.200801
645,TX-349146,4282.76,Foreign/Unrecognized,2026-05-06T14:07:16.200801,{},0.2731036937127884,0,2026-05-06T14:07:16.200801
646,TX-873339,12255.4,Amazon,2026-05-07T06:01:16.200801,{},0.23956802476112096,0,2026-05-07T06:01:16.200801
647,TX-689885,12803.82,Local Grocery,2026-05-07T11:41:16.200801,{},0.19917345130122902,0,2026-05-07T11:41:16.200801
648,TX-870711,11905.93,Foreign/Unrecognized,2026-05-06T23:06:16.200801,{},0.5847258804557094,1,2026-05-06T23:06:16.200801
649,TX-547010,12604.18,Zomato,2026-05-06T16:27:16.200801,{},0.11835611147785816,0,2026-05-06T16:27:16.200801
650,TX-739500,4229.35,Amazon,2026-05-06T12:50:16.200801,{},0.02843121865748003,0,2026-05-06T12:50:16.200801
651,TX-968540,8387.74,Flipkart,2026-05-06T20:37:16.200801,{},0.04073090878347344,0,2026-05-06T20:37:16.200801
652,TX-453197,11434.87,Amazon,2026-05-07T10:52:16.200801,{},0.028531989093273043,0,2026-05-07T10:52:16.200801
653,TX-822044,7601.42,Local Grocery,2026-05-07T05:19:16.200801,{},0.1616264979957042,0,2026-05-07T05:19:16.200801
654,TX-591314,9289.98,Foreign/Unrecognized,2026-05-07T08:12:16.200801,{},0.9390560345498806,1,2026-05-07T08:12:16.200801
655,TX-412826,9906.55,Zomato,2026-05-06T13:29:16.200801,{},0.2584849035389619,0,2026-05-06T13:29:16.200801
656,TX-359839,14831.62,Amazon,2026-05-06T18:01:16.200801,{},0.2340740082742751,0,2026-05-06T18:01:16.200801
657,TX-868776,3050.35,Foreign/Unrecognized,2026-05-06T15:01:16.200801,{},0.29480026929999203,0,2026-05-06T15:01:16.200801
658,TX-516524,10445.04,Flipkart,2026-05-06T13:41:16.200801,{},0.14163494040638117,0,2026-05-06T13:41:16.200801
659,TX-578124,11992.19,Uber,2026-05-06T21:33:16.200801,{},0.26130130266753904,0,2026-05-06T21:33:16.200801
660,TX-744515,8196.02,Flipkart,2026-05-06T18:53:16.200801,{},0.11267115153318744,0,2026-05-06T18:53:16.200801
661,TX-971140,10675.36,Flipkart,2026-05-07T02:25:16.200801,{},0.20571456541482802,0,2026-05-07T02:25:16.200801
662,TX-728273,3869.26,Foreign/Unrecognized,2026-05-07T05:00:16.200801,{},0.2330890315256151,0,2026-05-07T05:00:16.200801
663,TX-844480,51.73,Foreign/Unrecognized,2026-05-06T23:47:16.200801,{},0.03860200656999364,0,2026-05-06T23:47:16.200801
664,TX-577563,4509.03,Uber,2026-05-07T10:27:16.200801,{},0.16571336208521179,0,2026-05-07T10:27:16.200801
665,TX-913455,11355.07,Local Grocery,2026-05-06T15:42:16.200801,{},0.25344261626465553,0,2026-05-06T15:42:16.200801
666,TX-433584,14890.98,Electronics Store,2026-05-06T19:27:16.200801,{},0.13461845154571633,0,2026-05-06T19:27:16.200801
667,TX-479802,3121.49,Flipkart,2026-05-06T14:51:16.200801,{},0.1557979395114581,0,2026-05-06T14:51:16.200801
668,TX-170388,6069.76,Zomato,2026-05-07T02:10:16.200801,{},0.6783933727211536,1,2026-05-07T02:10:16.200801
669,TX-633692,13045.1,Zomato,2026-05-07T11:47:16.200801,{},0.1950570095712261,0,2026-05-07T11:47:16.200801
670,TX-424929,5586.48,Amazon,2026-05-07T06:08:16.200801,{},0.2540549288739212,0,2026-05-07T06:08:16.200801
671,TX-542239,8011.0,Foreign/Unrecognized,2026-05-06T19:38:16.200801,{},0.8755978600072255,1,2026-05-06T19:38:16.200801
672,TX-404921,3222.51,Local Grocery,2026-05-07T08:57:16.200801,{},0.2451500233316702,0,2026-05-07T08:57:16.200801
673,TX-971407,7548.42,Local Grocery,2026-05-06T22:50:16.200801,{},0.03780845494272429,0,2026-05-06T22:50:16.200801
674,TX-713633,5787.62,Foreign/Unrecognized,2026-05-07T10:49:16.200801,{},0.7867892306907409,1,2026-05-07T10:49:16.200801
675,TX-663498,2936.94,Electronics Store,2026-05-07T05:03:16.200801,{},0.29579074907344216,0,2026-05-07T05:03:16.200801
676,TX-598689,11553.96,Foreign/Unrecognized,2026-05-06T14:35:16.200801,{},0.9097604850180936,1,2026-05-06T14:35:16.200801
677,TX-559354,11657.09,Uber,2026-05-06T21:52:16.200801,{},0.288800020392094,0,2026-05-06T21:52:16.200801
678,TX-176048,13429.95,Local Grocery,2026-05-07T10:59:16.200801,{},0.012978197705295591,0,2026-05-07T10:59:16.200801
679,TX-413272,3300.08,Foreign/Unrecognized,2026-05-07T10:31:16.200801,{},0.21521324943078388,0,2026-05-07T10:31:16.200801
680,TX-851787,7366.4,Foreign/Unrecognized,2026-05-07T03:03:16.200801,{},0.02217026101636491,0,2026-05-07T03:03:16.200801
681,TX-174306,2833.53,Electronics Store,2026-05-07T06:18:16.200801,{},0.2656064275324486,0,2026-05-07T06:18:16.200801
682,TX-151568,1369.83,Amazon,2026-05-06T14:00:16.200801,{},0.17118251871725024,0,2026-05-06T14:00:16.200801
683,TX-547105,6617.41,Local Grocery,2026-05-06T17:20:16.200801,{},0.012022333384070528,0,2026-05-06T17:20:16.200801
684,TX-603189,6282.86,Uber,2026-05-06T22:21:16.200801,{},0.18490328004192302,0,2026-05-06T22:21:16.200801
685,TX-241228,10665.05,Foreign/Unrecognized,2026-05-06T13:08:16.200801,{},0.5300716738444258,1,2026-05-06T13:08:16.200801
686,TX-885416,2368.16,Uber,2026-05-06T21:09:16.200801,{},0.23599089410842622,0,2026-05-06T21:09:16.200801
687,TX-264843,14827.36,Zomato,2026-05-06T22:11:16.200801,{},0.18601478569392807,0,2026-05-06T22:11:16.200801
688,TX-396326,9701.08,Uber,2026-05-07T04:59:16.200801,{},0.21339484546843435,0,2026-05-07T04:59:16.200801
689,TX-567053,9156.51,Flipkart,2026-05-06T16:21:16.200801,{},0.08293507795121594,0,2026-05-06T16:21:16.200801
690,TX-427336,12605.9,Amazon,2026-05-07T12:01:16.200801,{},0.07576830904762231,0,2026-05-07T12:01:16.200801
691,TX-595375,7468.3,Foreign/Unrecognized,2026-05-06T22:53:16.200801,{},0.2156550420830101,0,2026-05-06T22:53:16.200801
692,TX-455547,9757.09,Local Grocery,2026-05-06T14:32:16.200801,{},0.28144022283594083,0,2026-05-06T14:32:16.200801
693,TX-296263,1512.83,Flipkart,2026-05-06T12:59:16.200801,{},0.28672450443351083,0,2026-05-06T12:59:16.200801
694,TX-260356,10748.05,Foreign/Unrecognized,2026-05-06T17:38:16.200801,{},0.6697300436930166,1,2026-05-06T17:38:16.200801
695,TX-102542,433.59,Foreign/Unrecognized,2026-05-06T17:04:16.200801,{},0.29360136625480987,0,2026-05-06T17:04:16.200801
696,TX-402480,11907.8,Electronics Store,2026-05-07T03:03:16.200801,{},0.18389127264003158,0,2026-05-07T03:03:16.200801
697,TX-372359,10926.98,Zomato,2026-05-07T04:58:16.200801,{},0.010695502694698275,0,2026-05-07T04:58:16.200801
698,TX-876288,4820.21,Flipkart,2026-05-06T18:12:16.200801,{},0.0966782367907938,0,2026-05-06T18:12:16.200801
699,TX-397993,14982.57,Amazon,2026-05-06T14:47:16.200801,{},0.052318965785452524,0,2026-05-06T14:47:16.200801
700,TX-673904,3930.35,Amazon,2026-05-06T14:04:16.200801,{},0.09453188286133364,0,2026-05-06T14:04:16.200801
701,TX-556606,2146.18,Electronics Store,2026-05-07T05:49:16.200801,{},0.016648746139056814,0,2026-05-07T05:49:16.200801
702,TX-706843,8513.77,Uber,2026-05-06T17:44:16.200801,{},0.19820586069537818,0,2026-05-06T17:44:16.200801
703,TX-580378,3418.93,Uber,2026-05-07T08:30:16.200801,{},0.155464624087202,0,2026-05-07T08:30:16.200801
704,TX-319487,5692.37,Flipkart,2026-05-06T17:13:16.200801,{},0.028383769879310683,0,2026-05-06T17:13:16.200801
705,TX-125348,5792.91,Amazon,2026-05-07T12:02:16.200801,{},0.2669011397741761,0,2026-05-07T12:02:16.200801
706,TX-517117,8328.85,Flipkart,2026-05-06T23:56:16.200801,{},0.1659868594174856,0,2026-05-06T23:56:16.200801
707,TX-433285,860.43,Amazon,2026-05-07T06:59:16.200801,{},0.19521331775585976,0,2026-05-07T06:59:16.200801
708,TX-949843,3354.76,Uber,2026-05-07T05:00:16.200801,{},0.2091617280215386,0,2026-05-07T05:00:16.200801
709,TX-275453,6551.2,Local Grocery,2026-05-06T22:50:16.200801,{},0.27394865143490793,0,2026-05-06T22:50:16.200801
710,TX-978917,2510.69,Zomato,2026-05-07T07:46:16.200801,{},0.15685346890830487,0,2026-05-07T07:46:16.200801
711,TX-914188,7261.3,Foreign/Unrecognized,2026-05-06T20:01:16.200801,{},0.6158666265897497,1,2026-05-06T20:01:16.200801
712,TX-630079,13260.66,Local Grocery,2026-05-06T16:39:16.200801,{},0.14781309932716455,0,2026-05-06T16:39:16.200801
713,TX-711430,13395.93,Zomato,2026-05-07T01:05:16.200801,{},0.11845043780758711,0,2026-05-07T01:05:16.200801
714,TX-173741,5578.65,Amazon,2026-05-07T03:07:16.200801,{},0.10035860347253574,0,2026-05-07T03:07:16.200801
715,TX-174279,402.32,Electronics Store,2026-05-07T09:17:16.200801,{},0.2613157039724335,0,2026-05-07T09:17:16.200801
716,TX-469248,14669.11,Local Grocery,2026-05-06T21:26:16.200801,{},0.13548488916496598,0,2026-05-06T21:26:16.200801
717,TX-757365,6344.96,Electronics Store,2026-05-07T04:11:16.200801,{},0.019175934278605665,0,2026-05-07T04:11:16.200801
718,TX-943055,10882.33,Foreign/Unrecognized,2026-05-06T17:51:16.200801,{},0.0692417438602055,0,2026-05-06T17:51:16.200801
719,TX-894397,12389.21,Electronics Store,2026-05-06T20:38:16.200801,{},0.2985583745135598,0,2026-05-06T20:38:16.200801
720,TX-320492,14341.34,Uber,2026-05-06T14:24:16.200801,{},0.25159116397850817,0,2026-05-06T14:24:16.200801
721,TX-731143,11721.24,Electronics Store,2026-05-07T12:30:16.200801,{},0.20632896127388037,0,2026-05-07T12:30:16.200801
722,TX-672266,8627.39,Flipkart,2026-05-06T15:48:16.200801,{},0.2945501347953823,0,2026-05-06T15:48:16.200801
723,TX-539134,12716.54,Foreign/Unrecognized,2026-05-07T08:03:16.200801,{},0.6659014003502427,1,2026-05-07T08:03:16.200801
724,TX-576420,6147.18,Local Grocery,2026-05-06T23:52:16.200801,{},0.04068697593961519,0,2026-05-06T23:52:16.200801
725,TX-262390,2940.6,Zomato,2026-05-07T07:22:16.200801,{},0.11118206777252924,0,2026-05-07T07:22:16.200801
726,TX-995521,10396.27,Zomato,2026-05-07T01:14:16.200801,{},0.1309877233813166,0,2026-05-07T01:14:16.200801
727,TX-372143,873.5,Foreign/Unrecognized,2026-05-07T11:21:16.200801,{},0.05443210832440151,0,2026-05-07T11:21:16.200801
728,TX-426294,9267.48,Zomato,2026-05-06T20:20:16.200801,{},0.2546976742750678,0,2026-05-06T20:20:16.200801
729,TX-106497,14664.23,Foreign/Unrecognized,2026-05-06T23:31:16.200801,{},0.17169912750287183,0,2026-05-06T23:31:16.200801
730,TX-663648,11280.21,Foreign/Unrecognized,2026-05-06T20:15:16.200801,{},0.5185352910019574,1,2026-05-06T20:15:16.200801
731,TX-708048,10763.36,Flipkart,2026-05-06T19:23:16.200801,{},0.060074782253082146,0,2026-05-06T19:23:16.200801
732,TX-535605,8794.91,Zomato,2026-05-06T14:21:16.200801,{},0.03086767903689979,0,2026-05-06T14:21:16.200801
733,TX-466318,10543.78,Zomato,2026-05-07T04:18:16.200801,{},0.05459292300010734,0,2026-05-07T04:18:16.200801
734,TX-728596,14636.82,Foreign/Unrecognized,2026-05-06T14:57:16.200801,{},0.23257793858404271,0,2026-05-06T14:57:16.200801
735,TX-558816,233.35,Uber,2026-05-06T15:18:16.200801,{},0.042427970848594815,0,2026-05-06T15:18:16.200801
736,TX-243911,12702.18,Flipkart,2026-05-06T17:08:16.200801,{},0.0983320897215356,0,2026-05-06T17:08:16.200801
737,TX-260659,13597.53,Electronics Store,2026-05-06T16:18:16.200801,{},0.1417693309958682,0,2026-05-06T16:18:16.200801
738,TX-590147,12555.59,Foreign/Unrecognized,2026-05-07T09:57:16.200801,{},0.12503856597570595,0,2026-05-07T09:57:16.200801
739,TX-315264,7847.77,Amazon,2026-05-07T00:38:16.200801,{},0.7368832328000813,1,2026-05-07T00:38:16.200801
740,TX-110560,2794.81,Flipkart,2026-05-06T20:20:16.200801,{},0.07038141825846125,0,2026-05-06T20:20:16.200801
741,TX-380861,10712.36,Local Grocery,2026-05-06T20:12:16.200801,{},0.16709224442035062,0,2026-05-06T20:12:16.200801
742,TX-265647,3812.33,Uber,2026-05-07T10:45:16.200801,{},0.09272007218869073,0,2026-05-07T10:45:16.200801
743,TX-247935,14159.06,Electronics Store,2026-05-07T12:00:16.200801,{},0.014552538058853096,0,2026-05-07T12:00:16.200801
744,TX-515033,5369.93,Foreign/Unrecognized,2026-05-07T02:20:16.200801,{},0.654047679789315,1,2026-05-07T02:20:16.200801
745,TX-682919,7404.87,Uber,2026-05-06T12:38:16.200801,{},0.031340138991547306,0,2026-05-06T12:38:16.200801
746,TX-532207,6801.73,Local Grocery,2026-05-07T04:27:16.200801,{},0.28867972439064465,0,2026-05-07T04:27:16.200801
747,TX-631618,7383.03,Foreign/Unrecognized,2026-05-07T05:51:16.200801,{},0.12921508887908303,0,2026-05-07T05:51:16.200801
748,TX-634563,4828.05,Local Grocery,2026-05-06T22:50:16.200801,{},0.09361235872208255,0,2026-05-06T22:50:16.200801
749,TX-579233,9249.94,Amazon,2026-05-07T07:47:16.200801,{},0.2701530102450364,0,2026-05-07T07:47:16.200801
750,TX-652166,5523.39,Uber,2026-05-06T14:36:16.200801,{},0.07598251218218885,0,2026-05-06T14:36:16.200801
751,TX-458663,8082.48,Foreign/Unrecognized,2026-05-06T18:19:16.200801,{},0.836485423439782,1,2026-05-06T18:19:16.200801
752,TX-902349,5785.09,Electronics Store,2026-05-07T11:11:16.200801,{},0.1083355802981403,0,2026-05-07T11:11:16.200801
753,TX-428644,5536.59,Electronics Store,2026-05-06T21:46:16.200801,{},0.11359996760814868,0,2026-05-06T21:46:16.200801
754,TX-868036,12590.88,Amazon,2026-05-06T18:55:16.200801,{},0.1904336423939036,0,2026-05-06T18:55:16.200801
755,TX-624809,250.99,Foreign/Unrecognized,2026-05-07T10:18:16.200801,{},0.17385307867300695,0,2026-05-07T10:18:16.200801
756,TX-423142,10311.19,Flipkart,2026-05-06T15:14:16.200801,{},0.10135757448638166,0,2026-05-06T15:14:16.200801
757,TX-375439,12772.95,Uber,2026-05-07T04:03:16.200801,{},0.2544436043755619,0,2026-05-07T04:03:16.200801
758,TX-626181,9766.52,Zomato,2026-05-06T18:54:16.200801,{},0.16237034324807836,0,2026-05-06T18:54:16.200801
759,TX-665654,5955.55,Zomato,2026-05-06T20:11:16.200801,{},0.03691766193807859,0,2026-05-06T20:11:16.200801
760,TX-394567,6151.56,Local Grocery,2026-05-06T19:05:16.200801,{},0.18157609127370952,0,2026-05-06T19:05:16.200801
761,TX-819094,5554.42,Amazon,2026-05-06T13:01:16.200801,{},0.04585279901544105,0,2026-05-06T13:01:16.200801
762,TX-784169,11815.63,Uber,2026-05-07T00:48:16.200801,{},0.07467315367108901,0,2026-05-07T00:48:16.200801
763,TX-918815,11449.9,Foreign/Unrecognized,2026-05-06T12:48:16.200801,{},0.06442105608742049,0,2026-05-06T12:48:16.200801
764,TX-269834,12600.49,Foreign/Unrecognized,2026-05-06T21:32:16.200801,{},0.01924335331761643,0,2026-05-06T21:32:16.200801
765,TX-259296,4436.64,Flipkart,2026-05-07T07:26:16.200801,{},0.12169269309221287,0,2026-05-07T07:26:16.200801
766,TX-342929,4019.84,Uber,2026-05-07T11:26:16.200801,{},0.283414966764889,0,2026-05-07T11:26:16.200801
767,TX-949739,158.78,Foreign/Unrecognized,2026-05-06T12:46:16.200801,{},0.04247788123355192,0,2026-05-06T12:46:16.200801
768,TX-872820,5921.46,Zomato,2026-05-07T08:08:16.200801,{},0.24405649534862858,0,2026-05-07T08:08:16.200801
769,TX-637152,10332.46,Zomato,2026-05-07T01:48:16.200801,{},0.2916567165284944,0,2026-05-07T01:48:16.200801
770,TX-991432,5158.02,Electronics Store,2026-05-07T04:16:16.200801,{},0.7664897686789783,1,2026-05-07T04:16:16.200801
771,TX-615243,12546.61,Flipkart,2026-05-07T04:04:16.200801,{},0.11288559723815977,0,2026-05-07T04:04:16.200801
772,TX-188088,1936.22,Foreign/Unrecognized,2026-05-07T08:46:16.200801,{},0.10430185163025095,0,2026-05-07T08:46:16.200801
773,TX-769629,10129.79,Zomato,2026-05-07T02:21:16.200801,{},0.2128847517319204,0,2026-05-07T02:21:16.200801
774,TX-610552,836.56,Electronics Store,2026-05-07T09:21:16.200801,{},0.21482647384119197,0,2026-05-07T09:21:16.200801
775,TX-192755,8412.57,Local Grocery,2026-05-06T17:32:16.200801,{},0.18840151910914252,0,2026-05-06T17:32:16.200801
776,TX-897460,14268.07,Foreign/Unrecognized,2026-05-07T00:03:16.200801,{},0.053975363703095115,0,2026-05-07T00:03:16.200801
777,TX-731652,7467.34,Foreign/Unrecognized,2026-05-06T16:14:16.200801,{},0.17848993074720576,0,2026-05-06T16:14:16.200801
778,TX-926173,1550.73,Uber,2026-05-06T23:21:16.200801,{},0.27295517095040195,0,2026-05-06T23:21:16.200801
779,TX-332512,14619.54,Zomato,2026-05-07T00:05:16.200801,{},0.5586588168277087,1,2026-05-07T00:05:16.200801
780,TX-261434,6634.92,Uber,2026-05-07T07:28:16.200801,{},0.07772163521150922,0,2026-05-07T07:28:16.200801
781,TX-833603,3732.13,Flipkart,2026-05-07T11:33:16.200801,{},0.1762907903059778,0,2026-05-07T11:33:16.200801
782,TX-731643,5600.33,Foreign/Unrecognized,2026-05-07T05:26:16.200801,{},0.10822925090946284,0,2026-05-07T05:26:16.200801
783,TX-433531,2204.08,Zomato,2026-05-07T07:06:16.200801,{},0.06766106151685748,0,2026-05-07T07:06:16.200801
784,TX-623820,12251.24,Foreign/Unrecognized,2026-05-06T17:58:16.200801,{},0.9402775551245065,1,2026-05-06T17:58:16.200801
785,TX-365200,11674.48,Flipkart,2026-05-07T05:06:16.200801,{},0.29834331206547277,0,2026-05-07T05:06:16.200801
786,TX-479067,10160.75,Foreign/Unrecognized,2026-05-07T06:11:16.200801,{},0.6678635061282789,1,2026-05-07T06:11:16.200801
787,TX-946897,1274.11,Uber,2026-05-06T20:28:16.200801,{},0.29019009018496233,0,2026-05-06T20:28:16.200801
788,TX-950868,9498.89,Electronics Store,2026-05-07T06:15:16.200801,{},0.20054490302083025,0,2026-05-07T06:15:16.200801
789,TX-929987,11618.96,Foreign/Unrecognized,2026-05-07T06:49:16.200801,{},0.8531425896779361,1,2026-05-07T06:49:16.200801
790,TX-592415,7370.7,Electronics Store,2026-05-06T20:06:16.200801,{},0.027591142049524647,0,2026-05-06T20:06:16.200801
791,TX-676945,8608.73,Electronics Store,2026-05-06T15:46:16.200801,{},0.21578880538174727,0,2026-05-06T15:46:16.200801
792,TX-932405,13885.16,Amazon,2026-05-06T21:11:16.200801,{},0.12048752204489392,0,2026-05-06T21:11:16.200801
793,TX-194342,8987.74,Zomato,2026-05-07T02:11:16.200801,{},0.06981817043257461,0,2026-05-07T02:11:16.200801
794,TX-756492,12860.56,Flipkart,2026-05-06T22:42:16.200801,{},0.0925055484485977,0,2026-05-06T22:42:16.200801
795,TX-941912,13319.78,Electronics Store,2026-05-06T20:14:16.200801,{},0.10468215443006487,0,2026-05-06T20:14:16.200801
796,TX-463581,14983.88,Flipkart,2026-05-06T12:57:16.200801,{},0.16547472772133587,0,2026-05-06T12:57:16.200801
797,TX-831210,11564.92,Electronics Store,2026-05-07T09:47:16.200801,{},0.09834707511148992,0,2026-05-07T09:47:16.200801
798,TX-859518,8954.59,Local Grocery,2026-05-07T10:10:16.200801,{},0.2131212459404442,0,2026-05-07T10:10:16.200801
799,TX-606112,2343.71,Uber,2026-05-06T16:00:16.200801,{},0.08307311857732098,0,2026-05-06T16:00:16.200801
800,TX-330288,13898.99,Amazon,2026-05-07T09:00:16.200801,{},0.03740667794452451,0,2026-05-07T09:00:16.200801
801,TX-590930,2188.21,Foreign/Unrecognized,2026-05-07T02:24:16.200801,{},0.26596611207541887,0,2026-05-07T02:24:16.200801
802,TX-169630,4846.36,Zomato,2026-05-06T13:25:16.200801,{},0.08317004997718004,0,2026-05-06T13:25:16.200801
803,TX-349723,3085.88,Flipkart,2026-05-07T09:28:16.200801,{},0.2918501171733003,0,2026-05-07T09:28:16.200801
804,TX-748133,12029.94,Uber,2026-05-06T23:35:16.200801,{},0.20003105144891314,0,2026-05-06T23:35:16.200801
805,TX-555249,729.63,Amazon,2026-05-07T02:01:16.200801,{},0.05438599125785358,0,2026-05-07T02:01:16.200801
806,TX-598345,10097.93,Electronics Store,2026-05-06T18:22:16.200801,{},0.14604140522746628,0,2026-05-06T18:22:16.200801
807,TX-630089,14680.12,Electronics Store,2026-05-06T21:22:16.200801,{},0.23650756578118343,0,2026-05-06T21:22:16.200801
808,TX-442797,5544.05,Uber,2026-05-07T00:28:16.200801,{},0.13469956394014293,0,2026-05-07T00:28:16.200801
809,TX-727820,10123.05,Uber,2026-05-06T23:46:16.200801,{},0.2663020487809912,0,2026-05-06T23:46:16.200801
810,TX-952843,13203.59,Local Grocery,2026-05-07T08:25:16.200801,{},0.15139621403267095,0,2026-05-07T08:25:16.200801
811,TX-745678,1033.54,Zomato,2026-05-07T10:51:16.200801,{},0.12905199651354154,0,2026-05-07T10:51:16.200801
812,TX-888216,2171.88,Flipkart,2026-05-06T19:50:16.200801,{},0.21857138755049194,0,2026-05-06T19:50:16.200801
813,TX-156895,619.92,Foreign/Unrecognized,2026-05-06T21:39:16.200801,{},0.2803654676691716,0,2026-05-06T21:39:16.200801
814,TX-126714,10440.76,Electronics Store,2026-05-07T09:59:16.200801,{},0.07702351718727385,0,2026-05-07T09:59:16.200801
815,TX-951789,11330.38,Zomato,2026-05-06T19:03:16.200801,{},0.1648092772369688,0,2026-05-06T19:03:16.200801
816,TX-943015,9198.08,Flipkart,2026-05-07T09:08:16.200801,{},0.2688877857602794,0,2026-05-07T09:08:16.200801
817,TX-793284,7963.79,Foreign/Unrecognized,2026-05-07T07:37:16.200801,{},0.9509059432394998,1,2026-05-07T07:37:16.200801
818,TX-958632,4044.0,Amazon,2026-05-06T13:52:16.200801,{},0.13301061744222392,0,2026-05-06T13:52:16.200801
819,TX-364088,11540.72,Uber,2026-05-06T16:00:16.200801,{},0.14174307863544586,0,2026-05-06T16:00:16.200801
820,TX-245711,14856.79,Local Grocery,2026-05-07T05:10:16.200801,{},0.29206210430819174,0,2026-05-07T05:10:16.200801
821,TX-424689,11638.73,Amazon,2026-05-07T07:07:16.200801,{},0.09305554464479122,0,2026-05-07T07:07:16.200801
822,TX-879930,5827.37,Zomato,2026-05-06T14:35:16.200801,{},0.1908166472788367,0,2026-05-06T14:35:16.200801
823,TX-720946,5594.99,Local Grocery,2026-05-07T12:08:16.200801,{},0.062419177358825934,0,2026-05-07T12:08:16.200801
824,TX-172462,5426.64,Flipkart,2026-05-07T01:45:16.200801,{},0.21472749783362724,0,2026-05-07T01:45:16.200801
825,TX-776722,10054.79,Zomato,2026-05-07T05:48:16.200801,{},0.28531204324865567,0,2026-05-07T05:48:16.200801
826,TX-671064,8225.78,Flipkart,2026-05-07T02:37:16.200801,{},0.2424980507224376,0,2026-05-07T02:37:16.200801
827,TX-563154,3082.58,Foreign/Unrecognized,2026-05-06T16:10:16.200801,{},0.2623558014022068,0,2026-05-06T16:10:16.200801
828,TX-880991,3382.21,Local Grocery,2026-05-07T05:00:16.200801,{},0.07466917396342818,0,2026-05-07T05:00:16.200801
829,TX-467389,3070.96,Electronics Store,2026-05-07T01:50:16.200801,{},0.2220204034869931,0,2026-05-07T01:50:16.200801
830,TX-630556,6519.28,Electronics Store,2026-05-06T20:58:16.200801,{},0.18833161040824128,0,2026-05-06T20:58:16.200801
831,TX-258390,1403.26,Flipkart,2026-05-07T07:18:16.200801,{},0.14318731447317973,0,2026-05-07T07:18:16.200801
832,TX-446921,13065.9,Zomato,2026-05-06T18:00:16.200801,{},0.032887134041756146,0,2026-05-06T18:00:16.200801
833,TX-147348,4050.97,Amazon,2026-05-06T15:25:16.200801,{},0.14236191461428774,0,2026-05-06T15:25:16.200801
834,TX-475938,890.28,Zomato,2026-05-06T20:14:16.200801,{},0.2034371470241576,0,2026-05-06T20:14:16.200801
835,TX-506840,1844.49,Zomato,2026-05-06T17:12:16.200801,{},0.058459055746778704,0,2026-05-06T17:12:16.200801
836,TX-596626,11203.95,Flipkart,2026-05-07T02:29:16.200801,{},0.17322072417569617,0,2026-05-07T02:29:16.200801
837,TX-913831,1834.07,Electronics Store,2026-05-06T20:27:16.200801,{},0.08179590816687841,0,2026-05-06T20:27:16.200801
838,TX-665392,10671.03,Zomato,2026-05-06T14:58:16.200801,{},0.2693644744611693,0,2026-05-06T14:58:16.200801
839,TX-965894,7574.7,Uber,2026-05-07T10:39:16.200801,{},0.09400368290352627,0,2026-05-07T10:39:16.200801
840,TX-864399,1579.47,Uber,2026-05-06T22:56:16.200801,{},0.022185249986432367,0,2026-05-06T22:56:16.200801
841,TX-322606,234.96,Local Grocery,2026-05-06T18:22:16.200801,{},0.23388384332760045,0,2026-05-06T18:22:16.200801
842,TX-283850,12790.05,Foreign/Unrecognized,2026-05-06T15:31:16.200801,{},0.9202591384244538,1,2026-05-06T15:31:16.200801
843,TX-798999,13528.18,Uber,2026-05-06T21:42:16.200801,{},0.13775842272339314,0,2026-05-06T21:42:16.200801
844,TX-163134,4099.2,Amazon,2026-05-07T00:34:16.200801,{},0.05948291166642422,0,2026-05-07T00:34:16.200801
845,TX-136591,8932.4,Flipkart,2026-05-07T11:09:16.200801,{},0.021306698669498927,0,2026-05-07T11:09:16.200801
846,TX-668238,2037.25,Amazon,2026-05-06T16:41:16.200801,{},0.15277041799085433,0,2026-05-06T16:41:16.200801
847,TX-286508,9817.54,Foreign/Unrecognized,2026-05-06T15:48:16.200801,{},0.6762326537349324,1,2026-05-06T15:48:16.200801
848,TX-827717,8899.21,Foreign/Unrecognized,2026-05-06T13:31:16.200801,{},0.2758267986298738,0,2026-05-06T13:31:16.200801
849,TX-407623,11022.71,Foreign/Unrecognized,2026-05-07T04:02:16.200801,{},0.7405330013718252,1,2026-05-07T04:02:16.200801
850,TX-808274,14115.36,Foreign/Unrecognized,2026-05-07T06:31:16.200801,{},0.522183622354919,1,2026-05-07T06:31:16.200801
851,TX-543086,8804.64,Flipkart,2026-05-06T14:58:16.200801,{},0.09936742076472377,0,2026-05-06T14:58:16.200801
852,TX-719626,1800.6,Flipkart,2026-05-07T01:34:16.200801,{},0.2212973009331579,0,2026-05-07T01:34:16.200801
853,TX-862952,5074.8,Flipkart,2026-05-07T04:00:16.200801,{},0.04327989294770919,0,2026-05-07T04:00:16.200801
854,TX-877373,6899.09,Zomato,2026-05-06T14:28:16.200801,{},0.2523893298806193,0,2026-05-06T14:28:16.200801
855,TX-464374,11828.82,Zomato,2026-05-07T06:19:16.200801,{},0.26887493571274634,0,2026-05-07T06:19:16.200801
856,TX-159016,1515.84,Local Grocery,2026-05-06T17:22:16.200801,{},0.11003049206352304,0,2026-05-06T17:22:16.200801
857,TX-503739,7240.69,Amazon,2026-05-06T18:44:16.200801,{},0.2508775945445491,0,2026-05-06T18:44:16.200801
858,TX-719738,6759.18,Uber,2026-05-06T17:01:16.200801,{},0.20386862897914254,0,2026-05-06T17:01:16.200801
859,TX-143179,3230.4,Local Grocery,2026-05-06T20:50:16.200801,{},0.08005610289454633,0,2026-05-06T20:50:16.200801
860,TX-865992,2567.29,Amazon,2026-05-07T07:31:16.200801,{},0.1568450776374452,0,2026-05-07T07:31:16.200801
861,TX-661089,9240.4,Zomato,2026-05-07T05:28:16.200801,{},0.21929753082696796,0,2026-05-07T05:28:16.200801
862,TX-542057,7293.98,Amazon,2026-05-07T07:12:16.200801,{},0.039256668838922884,0,2026-05-07T07:12:16.200801
863,TX-912528,9292.59,Local Grocery,2026-05-07T01:24:16.200801,{},0.2742286683294023,0,2026-05-07T01:24:16.200801
864,TX-607340,6194.32,Local Grocery,2026-05-06T22:09:16.200801,{},0.22642173110648614,0,2026-05-06T22:09:16.200801
865,TX-570845,560.8,Flipkart,2026-05-06T19:16:16.200801,{},0.2759878145298322,0,2026-05-06T19:16:16.200801
866,TX-938781,6610.97,Zomato,2026-05-06T17:47:16.200801,{},0.13571194620046667,0,2026-05-06T17:47:16.200801
867,TX-636320,6987.18,Amazon,2026-05-07T07:10:16.200801,{},0.05647025241085018,0,2026-05-07T07:10:16.200801
868,TX-882409,9682.74,Local Grocery,2026-05-06T20:24:16.200801,{},0.17605387255596774,0,2026-05-06T20:24:16.200801
869,TX-652871,6006.52,Flipkart,2026-05-06T16:21:16.200801,{},0.0732401823823525,0,2026-05-06T16:21:16.200801
870,TX-306302,4539.32,Zomato,2026-05-06T23:17:16.200801,{},0.05681572517180673,0,2026-05-06T23:17:16.200801
871,TX-794911,10587.1,Flipkart,2026-05-06T20:57:16.200801,{},0.09317304164759874,0,2026-05-06T20:57:16.200801
872,TX-457715,5120.51,Uber,2026-05-07T05:49:16.200801,{},0.16528067537133145,0,2026-05-07T05:49:16.200801
873,TX-298894,2124.48,Flipkart,2026-05-07T02:59:16.200801,{},0.2942720327076141,0,2026-05-07T02:59:16.200801
874,TX-929575,14806.16,Uber,2026-05-06T15:35:16.200801,{},0.1582430340565168,0,2026-05-06T15:35:16.200801
875,TX-391333,8900.97,Local Grocery,2026-05-07T08:38:16.200801,{},0.12221321245878262,0,2026-05-07T08:38:16.200801
876,TX-141490,11973.23,Foreign/Unrecognized,2026-05-07T11:49:16.200801,{},0.01799295662336152,0,2026-05-07T11:49:16.200801
877,TX-620886,1774.22,Zomato,2026-05-07T05:37:16.200801,{},0.2527219717912108,0,2026-05-07T05:37:16.200801
878,TX-443636,10589.83,Local Grocery,2026-05-06T14:03:16.200801,{},0.18472090377986075,0,2026-05-06T14:03:16.200801
879,TX-379245,8200.67,Uber,2026-05-07T03:05:16.200801,{},0.6371035100051504,1,2026-05-07T03:05:16.200801
880,TX-253037,2840.06,Amazon,2026-05-06T23:01:16.200801,{},0.1554139294507401,0,2026-05-06T23:01:16.200801
881,TX-465300,8396.92,Local Grocery,2026-05-07T12:08:16.200801,{},0.16861316820440078,0,2026-05-07T12:08:16.200801
882,TX-246714,1873.63,Zomato,2026-05-06T13:07:16.200801,{},0.17233274947410315,0,2026-05-06T13:07:16.200801
883,TX-925595,8283.53,Electronics Store,2026-05-07T04:28:16.200801,{},0.01335004057150147,0,2026-05-07T04:28:16.200801
884,TX-801995,2431.54,Local Grocery,2026-05-07T04:31:16.200801,{},0.13123128655626634,0,2026-05-07T04:31:16.200801
885,TX-530241,4483.56,Zomato,2026-05-07T08:00:16.200801,{},0.01589059716986252,0,2026-05-07T08:00:16.200801
886,TX-744092,10407.1,Electronics Store,2026-05-06T21:12:16.200801,{},0.2726649923422099,0,2026-05-06T21:12:16.200801
887,TX-878907,9269.54,Amazon,2026-05-07T02:58:16.200801,{},0.13782269827084234,0,2026-05-07T02:58:16.200801
888,TX-439848,8945.76,Electronics Store,2026-05-06T18:46:16.200801,{},0.21631365998257585,0,2026-05-06T18:46:16.200801
889,TX-633291,5951.44,Flipkart,2026-05-07T05:55:16.200801,{},0.5632434296743365,1,2026-05-07T05:55:16.200801
890,TX-905668,6507.53,Foreign/Unrecognized,2026-05-06T22:15:16.200801,{},0.05448792744808872,0,2026-05-06T22:15:16.200801
891,TX-435666,8122.41,Electronics Store,2026-05-06T21:31:16.200801,{},0.2547148424951137,0,2026-05-06T21:31:16.200801
892,TX-460674,2097.32,Zomato,2026-05-06T14:03:16.200801,{},0.2174069234728695,0,2026-05-06T14:03:16.200801
893,TX-796376,9091.19,Uber,2026-05-07T03:11:16.200801,{},0.17865984397719903,0,2026-05-07T03:11:16.200801
894,TX-360534,2179.41,Local Grocery,2026-05-06T20:26:16.200801,{},0.012190669089187615,0,2026-05-06T20:26:16.200801
895,TX-995830,14345.87,Uber,2026-05-07T03:53:16.200801,{},0.945372429864805,1,2026-05-07T03:53:16.200801
896,TX-301795,5786.35,Local Grocery,2026-05-06T20:51:16.200801,{},0.02530023489358453,0,2026-05-06T20:51:16.200801
897,TX-357502,4441.83,Electronics Store,2026-05-06T14:24:16.200801,{},0.2119109029448592,0,2026-05-06T14:24:16.200801
898,TX-543204,13180.68,Flipkart,2026-05-07T12:24:16.200801,{},0.16416307468511,0,2026-05-07T12:24:16.200801
899,TX-422714,8716.35,Uber,2026-05-06T13:02:16.200801,{},0.2678451793858442,0,2026-05-06T13:02:16.200801
900,TX-925565,520.77,Local Grocery,2026-05-07T00:34:16.200801,{},0.03250057980093882,0,2026-05-07T00:34:16.200801
901,TX-419509,11345.93,Flipkart,2026-05-07T10:10:16.200801,{},0.2986596883588459,0,2026-05-07T10:10:16.200801
903,TX-689217,9337.76,Electronics Store,2026-05-06T20:49:16.200801,{},0.2537949891672835,0,2026-05-06T20:49:16.200801
904,TX-202206,14775.05,Uber,2026-05-07T11:41:16.200801,{},0.11392303639661305,0,2026-05-07T11:41:16.200801
905,TX-700516,3523.62,Uber,2026-05-06T16:15:16.200801,{},0.2603297604328632,0,2026-05-06T16:15:16.200801
906,TX-643718,1850.18,Electronics Store,2026-05-06T19:00:16.200801,{},0.2941002364270663,0,2026-05-06T19:00:16.200801
907,TX-734164,4580.99,Zomato,2026-05-07T12:29:16.200801,{},0.1535290714519771,0,2026-05-07T12:29:16.200801
908,TX-938357,2560.99,Foreign/Unrecognized,2026-05-06T21:49:16.200801,{},0.2406464631379077,0,2026-05-06T21:49:16.200801
909,TX-743576,11975.33,Uber,2026-05-07T06:45:16.200801,{},0.08110641500697198,0,2026-05-07T06:45:16.200801
910,TX-688663,7997.18,Flipkart,2026-05-07T11:38:16.200801,{},0.2543497558375341,0,2026-05-07T11:38:16.200801
911,TX-668315,6585.12,Local Grocery,2026-05-06T14:13:16.200801,{},0.056919125009999724,0,2026-05-06T14:13:16.200801
912,TX-844908,8591.45,Foreign/Unrecognized,2026-05-07T00:12:16.200801,{},0.19932592637760377,0,2026-05-07T00:12:16.200801
913,TX-259866,2065.65,Flipkart,2026-05-06T21:32:16.200801,{},0.26701494099773754,0,2026-05-06T21:32:16.200801
914,TX-871717,6420.6,Local Grocery,2026-05-07T10:08:16.200801,{},0.09739994205991796,0,2026-05-07T10:08:16.200801
915,TX-496720,5742.83,Electronics Store,2026-05-07T08:41:16.200801,{},0.042430323944240685,0,2026-05-07T08:41:16.200801
916,TX-640061,11638.73,Uber,2026-05-06T13:15:16.200801,{},0.2281292314121452,0,2026-05-06T13:15:16.200801
917,TX-254662,8796.21,Amazon,2026-05-06T12:49:16.200801,{},0.18094785779453643,0,2026-05-06T12:49:16.200801
918,TX-703558,1588.61,Zomato,2026-05-06T13:20:16.200801,{},0.14009861515768887,0,2026-05-06T13:20:16.200801
919,TX-919929,3173.98,Flipkart,2026-05-06T20:09:16.200801,{},0.1457786251696375,0,2026-05-06T20:09:16.200801
920,TX-668812,924.16,Foreign/Unrecognized,2026-05-07T11:16:16.200801,{},0.2025491544679445,0,2026-05-07T11:16:16.200801
921,TX-699027,11034.3,Uber,2026-05-06T18:53:16.200801,{},0.18998804552599644,0,2026-05-06T18:53:16.200801
922,TX-692517,6866.44,Foreign/Unrecognized,2026-05-07T06:05:16.200801,{},0.08576115261767836,0,2026-05-07T06:05:16.200801
923,TX-930086,10698.86,Zomato,2026-05-06T23:15:16.200801,{},0.2315916431204559,0,2026-05-06T23:15:16.200801
924,TX-363822,14565.94,Amazon,2026-05-06T22:00:16.200801,{},0.036105168873527826,0,2026-05-06T22:00:16.200801
925,TX-744597,3711.05,Local Grocery,2026-05-07T02:13:16.200801,{},0.7925798471696515,1,2026-05-07T02:13:16.200801
926,TX-526953,9792.46,Amazon,2026-05-07T00:12:16.200801,{},0.6052620277494303,1,2026-05-07T00:12:16.200801
927,TX-789776,14990.58,Zomato,2026-05-07T10:47:16.200801,{},0.18475817004011993,0,2026-05-07T10:47:16.200801
928,TX-691616,14386.09,Uber,2026-05-07T09:44:16.200801,{},0.09813114500578186,0,2026-05-07T09:44:16.200801
929,TX-986812,11012.32,Zomato,2026-05-06T13:49:16.200801,{},0.23893367500518822,0,2026-05-06T13:49:16.200801
930,TX-866743,2159.83,Foreign/Unrecognized,2026-05-07T02:43:16.200801,{},0.6830105734990971,1,2026-05-07T02:43:16.200801
931,TX-258219,8793.67,Electronics Store,2026-05-07T02:15:16.200801,{},0.6851724936131005,1,2026-05-07T02:15:16.200801
932,TX-950912,3680.66,Zomato,2026-05-07T10:46:16.200801,{},0.2297878592007584,0,2026-05-07T10:46:16.200801
933,TX-557873,1036.52,Amazon,2026-05-06T12:31:16.200801,{},0.03759893604453566,0,2026-05-06T12:31:16.200801
934,TX-579522,486.47,Flipkart,2026-05-07T07:55:16.200801,{},0.18719259477018668,0,2026-05-07T07:55:16.200801
935,TX-716226,13942.66,Electronics Store,2026-05-06T15:08:16.200801,{},0.20348540495392078,0,2026-05-06T15:08:16.200801
936,TX-739163,9154.82,Flipkart,2026-05-07T05:35:16.200801,{},0.8539921346503803,1,2026-05-07T05:35:16.200801
937,TX-331536,8839.31,Amazon,2026-05-07T01:33:16.200801,{},0.03216646216021144,0,2026-05-07T01:33:16.200801
938,TX-130396,3346.96,Foreign/Unrecognized,2026-05-06T13:25:16.200801,{},0.03121326498650509,0,2026-05-06T13:25:16.200801
939,TX-810387,5346.11,Foreign/Unrecognized,2026-05-07T06:37:16.200801,{},0.27198317097110153,0,2026-05-07T06:37:16.200801
940,TX-215080,5757.92,Zomato,2026-05-06T18:15:16.200801,{},0.018484151247211512,0,2026-05-06T18:15:16.200801
941,TX-368077,464.45,Flipkart,2026-05-06T17:53:16.200801,{},0.16330348828071473,0,2026-05-06T17:53:16.200801
942,TX-358952,5419.91,Amazon,2026-05-07T04:41:16.200801,{},0.8760322878634775,1,2026-05-07T04:41:16.200801
943,TX-246477,10063.43,Zomato,2026-05-06T16:17:16.200801,{},0.2968934514763377,0,2026-05-06T16:17:16.200801
944,TX-276664,12617.56,Amazon,2026-05-07T11:02:16.200801,{},0.14918471418865945,0,2026-05-07T11:02:16.200801
945,TX-608669,12354.55,Zomato,2026-05-06T21:54:16.200801,{},0.07690805096927428,0,2026-05-06T21:54:16.200801
946,TX-536186,13848.21,Amazon,2026-05-06T23:04:16.200801,{},0.2997805836205706,0,2026-05-06T23:04:16.200801
947,TX-276344,786.58,Foreign/Unrecognized,2026-05-06T23:28:16.200801,{},0.2570772205615295,0,2026-05-06T23:28:16.200801
948,TX-939238,7063.88,Foreign/Unrecognized,2026-05-06T13:49:16.200801,{},0.26865360112331393,0,2026-05-06T13:49:16.200801
949,TX-826229,997.03,Uber,2026-05-06T20:18:16.200801,{},0.1695376009557627,0,2026-05-06T20:18:16.200801
950,TX-377803,5047.02,Uber,2026-05-07T06:44:16.200801,{},0.27050589279358606,0,2026-05-07T06:44:16.200801
951,TX-578269,13710.31,Amazon,2026-05-07T06:39:16.200801,{},0.2923184574862144,0,2026-05-07T06:39:16.200801
952,TX-942265,10278.81,Local Grocery,2026-05-06T21:51:16.200801,{},0.0258146376472252,0,2026-05-06T21:51:16.200801
953,TX-418965,9279.44,Local Grocery,2026-05-07T04:21:16.200801,{},0.11946170137336291,0,2026-05-07T04:21:16.200801
954,TX-259030,8580.96,Electronics Store,2026-05-06T17:23:16.200801,{},0.08171011214675052,0,2026-05-06T17:23:16.200801
955,TX-349186,11104.22,Foreign/Unrecognized,2026-05-07T09:14:16.200801,{},0.8829353718317972,1,2026-05-07T09:14:16.200801
956,TX-808874,1022.47,Amazon,2026-05-07T11:51:16.200801,{},0.1636182116474555,0,2026-05-07T11:51:16.200801
957,TX-872831,504.13,Local Grocery,2026-05-06T15:09:16.200801,{},0.01560650655048941,0,2026-05-06T15:09:16.200801
958,TX-810468,182.01,Foreign/Unrecognized,2026-05-07T02:18:16.200801,{},0.12224464660692755,0,2026-05-07T02:18:16.200801
959,TX-789879,14210.43,Flipkart,2026-05-07T08:22:16.200801,{},0.12776203717119866,0,2026-05-07T08:22:16.200801
960,TX-567235,9331.46,Zomato,2026-05-07T00:22:16.200801,{},0.2832757791441851,0,2026-05-07T00:22:16.200801
961,TX-898940,4754.57,Uber,2026-05-06T17:35:16.200801,{},0.2902373787198725,0,2026-05-06T17:35:16.200801
962,TX-507899,10410.65,Flipkart,2026-05-06T17:08:16.200801,{},0.15518723564134898,0,2026-05-06T17:08:16.200801
963,TX-665101,9447.37,Uber,2026-05-06T15:40:16.200801,{},0.1589204984571215,0,2026-05-06T15:40:16.200801
964,TX-636662,5174.81,Foreign/Unrecognized,2026-05-06T19:53:16.200801,{},0.71202963922707,1,2026-05-06T19:53:16.200801
965,TX-645934,378.55,Foreign/Unrecognized,2026-05-07T08:13:16.200801,{},0.21764106587149568,0,2026-05-07T08:13:16.200801
966,TX-846439,2514.92,Local Grocery,2026-05-07T06:01:16.200801,{},0.26452861503647507,0,2026-05-07T06:01:16.200801
967,TX-335302,2779.35,Zomato,2026-05-07T02:54:16.200801,{},0.1850414675885477,0,2026-05-07T02:54:16.200801
968,TX-192158,10194.57,Electronics Store,2026-05-06T19:15:16.200801,{},0.0807474705983955,0,2026-05-06T19:15:16.200801
969,TX-250861,12985.6,Uber,2026-05-07T06:06:16.200801,{},0.03265208142532657,0,2026-05-07T06:06:16.200801
970,TX-365568,11135.92,Zomato,2026-05-07T04:55:16.200801,{},0.07171988886618887,0,2026-05-07T04:55:16.200801
971,TX-961882,10194.77,Electronics Store,2026-05-06T15:29:16.200801,{},0.2552525006905717,0,2026-05-06T15:29:16.200801
972,TX-610819,4282.96,Amazon,2026-05-06T22:56:16.200801,{},0.29979016535329495,0,2026-05-06T22:56:16.200801
973,TX-501369,6474.73,Electronics Store,2026-05-06T17:38:16.200801,{},0.24302777693105987,0,2026-05-06T17:38:16.200801
974,TX-209104,12327.13,Local Grocery,2026-05-06T14:23:16.200801,{},0.2653917172644801,0,2026-05-06T14:23:16.200801
975,TX-570546,14614.87,Amazon,2026-05-07T09:30:16.200801,{},0.20384597569211385,0,2026-05-07T09:30:16.200801
976,TX-487725,7919.7,Foreign/Unrecognized,2026-05-07T01:14:16.200801,{},0.5891083518333794,1,2026-05-07T01:14:16.200801
977,TX-245391,14766.73,Foreign/Unrecognized,2026-05-06T19:24:16.200801,{},0.16792408008045565,0,2026-05-06T19:24:16.200801
978,TX-898460,4433.75,Zomato,2026-05-07T11:59:16.200801,{},0.03237098443713998,0,2026-05-07T11:59:16.200801
979,TX-230050,4587.98,Local Grocery,2026-05-06T21:06:16.200801,{},0.12828317057989314,0,2026-05-06T21:06:16.200801
980,TX-337798,13288.73,Amazon,2026-05-07T08:58:16.200801,{},0.2916106915465541,0,2026-05-07T08:58:16.200801
981,TX-293469,10660.84,Flipkart,2026-05-07T08:14:16.200801,{},0.14770658309358725,0,2026-05-07T08:14:16.200801
982,TX-650031,14840.17,Uber,2026-05-06T22:08:16.200801,{},0.09465777010791787,0,2026-05-06T22:08:16.200801
983,TX-904956,2508.36,Uber,2026-05-07T11:55:16.200801,{},0.19469689833299508,0,2026-05-07T11:55:16.200801
984,TX-743160,10484.22,Flipkart,2026-05-07T11:48:16.200801,{},0.2853623604802753,0,2026-05-07T11:48:16.200801
985,TX-797509,5765.83,Local Grocery,2026-05-07T08:53:16.200801,{},0.28838310900258,0,2026-05-07T08:53:16.200801
986,TX-814581,6183.88,Electronics Store,2026-05-06T14:33:16.200801,{},0.1754256479696815,0,2026-05-06T14:33:16.200801
987,TX-321057,3781.75,Electronics Store,2026-05-06T12:34:16.200801,{},0.23901871299083677,0,2026-05-06T12:34:16.200801
988,TX-109779,79.88,Zomato,2026-05-07T04:45:16.200801,{},0.014884167583311722,0,2026-05-07T04:45:16.200801
989,TX-467327,1088.87,Amazon,2026-05-07T07:26:16.200801,{},0.18508644346315148,0,2026-05-07T07:26:16.200801
990,TX-170069,3292.64,Uber,2026-05-06T21:44:16.200801,{},0.049595277449751146,0,2026-05-06T21:44:16.200801
991,TX-447013,2738.37,Flipkart,2026-05-06T14:18:16.200801,{},0.19315231502309924,0,2026-05-06T14:18:16.200801
992,TX-226594,10110.23,Uber,2026-05-07T05:45:16.200801,{},0.03472358572964451,0,2026-05-07T05:45:16.200801
993,TX-837203,11960.73,Amazon,2026-05-06T15:44:16.200801,{},0.20778647407851086,0,2026-05-06T15:44:16.200801
994,TX-213397,4878.43,Flipkart,2026-05-06T20:59:16.200801,{},0.23700548651857645,0,2026-05-06T20:59:16.200801
995,TX-316510,676.35,Flipkart,2026-05-06T18:08:16.200801,{},0.17102999235733984,0,2026-05-06T18:08:16.200801
996,TX-778684,11601.42,Foreign/Unrecognized,2026-05-07T04:03:16.200801,{},0.2182471713566082,0,2026-05-07T04:03:16.200801
997,TX-799658,11085.82,Flipkart,2026-05-06T17:34:16.200801,{},0.173746323993949,0,2026-05-06T17:34:16.200801
998,TX-700357,6578.81,Local Grocery,2026-05-06T13:53:16.200801,{},0.16533546427623924,0,2026-05-06T13:53:16.200801
999,TX-802793,107.49,Amazon,2026-05-07T06:01:16.200801,{},0.24893849862560447,0,2026-05-07T06:01:16.200801
1000,TX-111062,13728.79,Electronics Store,2026-05-07T12:25:16.200801,{},0.16669039614097395,0,2026-05-07T12:25:16.200801
1001,TX-943714,14510.43,Foreign/Unrecognized,2026-05-06T15:11:16.200801,{},0.03378255546635906,0,2026-05-06T15:11:16.200801
1002,TX-322977,3616.68,Amazon,2026-05-07T01:04:16.200801,{},0.23133725070138011,0,2026-05-07T01:04:16.200801
1003,TX-976193,10027.91,Zomato,2026-05-06T18:56:16.200801,{},0.25362471359839467,0,2026-05-06T18:56:16.200801
1004,TX-430307,4632.51,Foreign/Unrecognized,2026-05-07T06:44:16.200801,{},0.13018749664221826,0,2026-05-07T06:44:16.200801
1005,TX-337712,9167.53,Zomato,2026-05-06T14:31:16.200801,{},0.17824532309836597,0,2026-05-06T14:31:16.200801
1006,TX-209717,10137.64,Zomato,2026-05-06T23:07:16.200801,{},0.08358616330917464,0,2026-05-06T23:07:16.200801
1007,TX-288479,3800.33,Amazon,2026-05-07T02:49:16.200801,{},0.059663617311928374,0,2026-05-07T02:49:16.200801
1008,TX-251647,13644.64,Local Grocery,2026-05-06T19:54:16.200801,{},0.12087617490941834,0,2026-05-06T19:54:16.200801
1009,TX-312597,3147.92,Foreign/Unrecognized,2026-05-07T01:06:16.200801,{},0.24912889788529036,0,2026-05-07T01:06:16.200801
1010,TX-503778,1875.5,Local Grocery,2026-05-06T23:12:16.200801,{},0.2225913860333062,0,2026-05-06T23:12:16.200801
1011,TX-752151,4269.57,Flipkart,2026-05-07T12:09:16.200801,{},0.17365326619485436,0,2026-05-07T12:09:16.200801
1012,TX-483464,12939.12,Zomato,2026-05-07T10:26:16.200801,{},0.014616121252130881,0,2026-05-07T10:26:16.200801
1013,TX-324005,9423.8,Flipkart,2026-05-06T17:04:16.200801,{},0.1419888729728949,0,2026-05-06T17:04:16.200801
1014,TX-198213,11615.58,Flipkart,2026-05-06T15:30:16.200801,{},0.21953422041826054,0,2026-05-06T15:30:16.200801
1015,TX-511926,2955.56,Amazon,2026-05-06T23:03:16.200801,{},0.17352740300937616,0,2026-05-06T23:03:16.200801
1016,TX-656331,10902.12,Uber,2026-05-07T03:31:16.200801,{},0.28497184855601126,0,2026-05-07T03:31:16.200801
1017,TX-213921,12434.61,Local Grocery,2026-05-06T21:23:16.200801,{},0.2658707547262749,0,2026-05-06T21:23:16.200801
1018,TX-866598,2952.68,Uber,2026-05-06T22:38:16.200801,{},0.2452755888170557,0,2026-05-06T22:38:16.200801
1019,TX-344449,4112.02,Electronics Store,2026-05-07T04:13:16.200801,{},0.11152319828132641,0,2026-05-07T04:13:16.200801
1020,TX-730120,6902.83,Flipkart,2026-05-07T11:46:16.200801,{},0.22861843757930517,0,2026-05-07T11:46:16.200801
1021,TX-328595,13684.0,Zomato,2026-05-07T01:18:16.200801,{},0.9192319755878295,1,2026-05-07T01:18:16.200801
1022,TX-461403,11620.78,Foreign/Unrecognized,2026-05-06T22:45:16.200801,{},0.5849943744641084,1,2026-05-06T22:45:16.200801
1023,TX-634422,11391.94,Amazon,2026-05-06T21:11:16.200801,{},0.11369658821857351,0,2026-05-06T21:11:16.200801
1024,TX-618653,3361.34,Flipkart,2026-05-07T12:04:16.200801,{},0.18496884428100696,0,2026-05-07T12:04:16.200801
1025,TX-159242,5764.7,Uber,2026-05-06T23:49:16.200801,{},0.1414582558575905,0,2026-05-06T23:49:16.200801
1026,TX-772827,3778.97,Local Grocery,2026-05-06T22:29:16.200801,{},0.07055727469364523,0,2026-05-06T22:29:16.200801
1027,TX-225653,1682.53,Electronics Store,2026-05-06T16:26:16.200801,{},0.12985802870926585,0,2026-05-06T16:26:16.200801
1028,TX-450826,14451.83,Amazon,2026-05-06T20:22:16.200801,{},0.022873437961927173,0,2026-05-06T20:22:16.200801
1029,TX-445099,4820.43,Zomato,2026-05-07T07:46:16.200801,{},0.2719462401037805,0,2026-05-07T07:46:16.200801
1030,TX-599144,5695.18,Foreign/Unrecognized,2026-05-06T20:29:16.200801,{},0.22020223303946532,0,2026-05-06T20:29:16.200801
1031,TX-432596,6110.38,Electronics Store,2026-05-07T07:02:16.200801,{},0.2622471039126372,0,2026-05-07T07:02:16.200801
1032,TX-439181,1027.4,Local Grocery,2026-05-07T03:36:16.200801,{},0.25516262746734586,0,2026-05-07T03:36:16.200801
1033,TX-477331,12896.6,Amazon,2026-05-06T16:00:16.200801,{},0.022928444356280137,0,2026-05-06T16:00:16.200801
1034,TX-984457,4960.43,Electronics Store,2026-05-07T09:11:16.200801,{},0.20772042664987958,0,2026-05-07T09:11:16.200801
1035,TX-759357,8982.64,Zomato,2026-05-07T10:46:16.200801,{},0.18754680439731236,0,2026-05-07T10:46:16.200801
1036,TX-129623,3373.39,Amazon,2026-05-07T01:25:16.200801,{},0.8056299440066967,1,2026-05-07T01:25:16.200801
1037,TX-473734,14777.26,Local Grocery,2026-05-07T08:14:16.200801,{},0.12002134908201392,0,2026-05-07T08:14:16.200801
1038,TX-398970,12488.67,Flipkart,2026-05-07T03:06:16.200801,{},0.5427839683500552,1,2026-05-07T03:06:16.200801
1039,TX-887068,7100.68,Foreign/Unrecognized,2026-05-06T21:53:16.200801,{},0.9345626615485834,1,2026-05-06T21:53:16.200801
1040,TX-120556,3823.36,Electronics Store,2026-05-07T06:34:16.200801,{},0.026708719831352902,0,2026-05-07T06:34:16.200801
1041,TX-278598,14139.99,Uber,2026-05-07T04:36:16.200801,{},0.21447076643322685,0,2026-05-07T04:36:16.200801
1042,TX-575592,531.37,Zomato,2026-05-07T05:48:16.200801,{},0.12240341132672804,0,2026-05-07T05:48:16.200801
1043,TX-123260,7552.04,Uber,2026-05-07T00:52:16.200801,{},0.1746888675128608,0,2026-05-07T00:52:16.200801
1044,TX-890151,12557.35,Amazon,2026-05-06T17:24:16.200801,{},0.10595520291574441,0,2026-05-06T17:24:16.200801
1045,TX-593011,7726.4,Flipkart,2026-05-06T16:28:16.200801,{},0.070798523916762,0,2026-05-06T16:28:16.200801
1046,TX-795517,10494.2,Zomato,2026-05-07T09:46:16.200801,{},0.13055950854779452,0,2026-05-07T09:46:16.200801
1047,TX-873900,11223.64,Electronics Store,2026-05-07T05:02:16.200801,{},0.12281509535539528,0,2026-05-07T05:02:16.200801
1048,TX-104323,10884.02,Zomato,2026-05-07T09:58:16.200801,{},0.07819219412125404,0,2026-05-07T09:58:16.200801
1049,TX-889320,10776.52,Electronics Store,2026-05-06T21:25:16.200801,{},0.2046034659087012,0,2026-05-06T21:25:16.200801
1050,TX-522467,593.31,Amazon,2026-05-06T17:37:16.200801,{},0.29230663994528183,0,2026-05-06T17:37:16.200801
1051,TX-893710,7862.77,Flipkart,2026-05-07T03:23:16.200801,{},0.0846137889144532,0,2026-05-07T03:23:16.200801
1052,TX-249262,12817.34,Zomato,2026-05-07T09:55:16.200801,{},0.01613736081407151,0,2026-05-07T09:55:16.200801
1053,TX-323600,4431.63,Foreign/Unrecognized,2026-05-07T08:44:16.200801,{},0.09848552932329997,0,2026-05-07T08:44:16.200801
1054,TX-759909,3583.27,Local Grocery,2026-05-07T04:45:16.200801,{},0.23932256989552053,0,2026-05-07T04:45:16.200801
1055,TX-871511,6252.18,Foreign/Unrecognized,2026-05-07T05:24:16.200801,{},0.6028914646319988,1,2026-05-07T05:24:16.200801
1056,TX-872724,14196.49,Local Grocery,2026-05-07T10:44:16.200801,{},0.19403443304044093,0,2026-05-07T10:44:16.200801
1057,TX-831372,398.67,Local Grocery,2026-05-06T16:45:16.200801,{},0.1924919404947487,0,2026-05-06T16:45:16.200801
1058,TX-835640,9052.24,Foreign/Unrecognized,2026-05-07T04:24:16.200801,{},0.9831434892667885,1,2026-05-07T04:24:16.200801
1059,TX-375059,11452.53,Zomato,2026-05-07T03:11:16.200801,{},0.6098439623236458,1,2026-05-07T03:11:16.200801
1060,TX-672046,8391.03,Foreign/Unrecognized,2026-05-06T14:04:16.200801,{},0.9319517768762648,1,2026-05-06T14:04:16.200801
1061,TX-143057,3428.79,Electronics Store,2026-05-06T13:13:16.200801,{},0.08996087694359603,0,2026-05-06T13:13:16.200801
1062,TX-999717,1697.83,Local Grocery,2026-05-07T00:21:16.200801,{},0.2929497003793015,0,2026-05-07T00:21:16.200801
1063,TX-379230,4411.04,Flipkart,2026-05-07T05:46:16.200801,{},0.13594370327842187,0,2026-05-07T05:46:16.200801
1064,TX-171645,5529.67,Flipkart,2026-05-06T13:52:16.200801,{},0.021323640082198635,0,2026-05-06T13:52:16.200801
1065,TX-651898,7005.25,Amazon,2026-05-07T00:13:16.200801,{},0.2692382290564091,0,2026-05-07T00:13:16.200801
1066,TX-201086,2592.64,Foreign/Unrecognized,2026-05-06T13:39:16.200801,{},0.2753216208331852,0,2026-05-06T13:39:16.200801
1067,TX-492339,5974.59,Flipkart,2026-05-06T18:46:16.200801,{},0.0441064340574149,0,2026-05-06T18:46:16.200801
1068,TX-111755,14632.76,Foreign/Unrecognized,2026-05-07T12:05:16.200801,{},0.24045250727334486,0,2026-05-07T12:05:16.200801
1069,TX-749194,5535.54,Foreign/Unrecognized,2026-05-06T18:56:16.200801,{},0.8427526940363231,1,2026-05-06T18:56:16.200801
1070,TX-370747,5956.92,Flipkart,2026-05-06T15:38:16.200801,{},0.0649318531797888,0,2026-05-06T15:38:16.200801
1071,TX-501556,4168.76,Foreign/Unrecognized,2026-05-06T17:43:16.200801,{},0.08024427636783829,0,2026-05-06T17:43:16.200801
1072,TX-886203,12303.66,Local Grocery,2026-05-07T05:34:16.200801,{},0.10736079039339157,0,2026-05-07T05:34:16.200801
1073,TX-522804,2935.6,Flipkart,2026-05-06T14:45:16.200801,{},0.15909006928228714,0,2026-05-06T14:45:16.200801
1074,TX-236056,6682.09,Uber,2026-05-06T15:35:16.200801,{},0.06888998979167713,0,2026-05-06T15:35:16.200801
1075,TX-401959,196.12,Amazon,2026-05-07T01:57:16.200801,{},0.1721467099764601,0,2026-05-07T01:57:16.200801
1076,TX-474556,4161.1,Electronics Store,2026-05-07T11:37:16.200801,{},0.26352918480718357,0,2026-05-07T11:37:16.200801
1077,TX-417941,2893.47,Uber,2026-05-07T04:02:16.200801,{},0.22222486302248962,0,2026-05-07T04:02:16.200801
1078,TX-723697,7180.23,Foreign/Unrecognized,2026-05-06T13:04:16.200801,{},0.05504244599867497,0,2026-05-06T13:04:16.200801
1079,TX-508053,1090.85,Foreign/Unrecognized,2026-05-07T03:50:16.200801,{},0.11538882042691534,0,2026-05-07T03:50:16.200801
1080,TX-228573,7017.95,Flipkart,2026-05-06T23:33:16.200801,{},0.24062397376362127,0,2026-05-06T23:33:16.200801
1081,TX-849920,9970.23,Amazon,2026-05-06T18:02:16.200801,{},0.09433952820445775,0,2026-05-06T18:02:16.200801
1082,TX-935609,7258.48,Amazon,2026-05-07T08:58:16.200801,{},0.25967855101324266,0,2026-05-07T08:58:16.200801
1083,TX-198889,9522.38,Flipkart,2026-05-07T00:22:16.200801,{},0.19207702191949413,0,2026-05-07T00:22:16.200801
1084,TX-588294,9237.49,Zomato,2026-05-06T15:35:16.200801,{},0.29563489438471097,0,2026-05-06T15:35:16.200801
1085,TX-696430,546.66,Uber,2026-05-06T22:06:16.200801,{},0.29867150476575094,0,2026-05-06T22:06:16.200801
1086,TX-380324,5717.67,Zomato,2026-05-07T07:54:16.200801,{},0.14783332012597133,0,2026-05-07T07:54:16.200801
1087,TX-256486,247.59,Zomato,2026-05-06T23:03:16.200801,{},0.182605725000722,0,2026-05-06T23:03:16.200801
1088,TX-569046,12581.87,Flipkart,2026-05-07T01:01:16.200801,{},0.9201119079559272,1,2026-05-07T01:01:16.200801
1089,TX-738032,10991.94,Foreign/Unrecognized,2026-05-06T16:22:16.200801,{},0.24638156271435763,0,2026-05-06T16:22:16.200801
1090,TX-585013,11615.58,Foreign/Unrecognized,2026-05-07T00:57:16.200801,{},0.8485584700414865,1,2026-05-07T00:57:16.200801
1091,TX-431868,10801.67,Amazon,2026-05-06T23:28:16.200801,{},0.03456812211243115,0,2026-05-06T23:28:16.200801
1092,TX-708190,10331.9,Local Grocery,2026-05-07T01:37:16.200801,{},0.048199662590533265,0,2026-05-07T01:37:16.200801
1093,TX-894431,538.37,Local Grocery,2026-05-07T06:40:16.200801,{},0.24393954225887546,0,2026-05-07T06:40:16.200801
1094,TX-746918,3452.15,Local Grocery,2026-05-06T20:43:16.200801,{},0.01820518848397354,0,2026-05-06T20:43:16.200801
1095,TX-351315,3360.37,Electronics Store,2026-05-07T04:05:16.200801,{},0.6540268214632833,1,2026-05-07T04:05:16.200801
1096,TX-960335,10134.78,Uber,2026-05-06T23:36:16.200801,{},0.2860341735493793,0,2026-05-06T23:36:16.200801
1097,TX-403156,11673.59,Amazon,2026-05-06T15:43:16.200801,{},0.2554459691985903,0,2026-05-06T15:43:16.200801
1098,TX-817416,8380.92,Zomato,2026-05-06T17:29:16.200801,{},0.29444448082377284,0,2026-05-06T17:29:16.200801
1099,TX-386996,12073.47,Uber,2026-05-07T12:25:16.200801,{},0.07771365990578313,0,2026-05-07T12:25:16.200801
1100,TX-732071,2885.66,Foreign/Unrecognized,2026-05-06T22:37:16.200801,{},0.1625413990293135,0,2026-05-06T22:37:16.200801
1101,TX-354922,11195.26,Electronics Store,2026-05-06T20:14:16.200801,{},0.10102454845308872,0,2026-05-06T20:14:16.200801
1102,TX-405041,14627.99,Local Grocery,2026-05-06T18:45:16.200801,{},0.08860892197926569,0,2026-05-06T18:45:16.200801
1103,TX-290179,14372.9,Flipkart,2026-05-06T21:27:16.200801,{},0.16658743874238408,0,2026-05-06T21:27:16.200801
1104,TX-491660,91.39,Amazon,2026-05-06T23:31:16.200801,{},0.19952800887004923,0,2026-05-06T23:31:16.200801
1105,TX-294676,9565.94,Amazon,2026-05-07T12:25:16.200801,{},0.22235073774406441,0,2026-05-07T12:25:16.200801
1106,TX-877140,9728.42,Foreign/Unrecognized,2026-05-06T15:26:16.200801,{},0.05886810276008783,0,2026-05-06T15:26:16.200801
1107,TX-289847,9345.38,Uber,2026-05-07T07:37:16.200801,{},0.09034624197750732,0,2026-05-07T07:37:16.200801
1108,TX-694518,8005.05,Local Grocery,2026-05-07T00:09:16.200801,{},0.0694419801629314,0,2026-05-07T00:09:16.200801
1109,TX-948717,12806.7,Zomato,2026-05-06T21:47:16.200801,{},0.09749346616824181,0,2026-05-06T21:47:16.200801
1110,TX-528730,8705.92,Amazon,2026-05-06T14:18:16.200801,{},0.15093653837788162,0,2026-05-06T14:18:16.200801
1111,TX-333904,5702.67,Local Grocery,2026-05-06T15:10:16.200801,{},0.27761282766799505,0,2026-05-06T15:10:16.200801
1112,TX-471064,10615.19,Uber,2026-05-07T01:55:16.200801,{},0.12503967968505364,0,2026-05-07T01:55:16.200801
1113,TX-868417,4833.79,Uber,2026-05-07T08:34:16.200801,{},0.11265490971566935,0,2026-05-07T08:34:16.200801
1114,TX-468595,14009.45,Amazon,2026-05-06T15:39:16.200801,{},0.21039222290982115,0,2026-05-06T15:39:16.200801
1115,TX-641361,14374.94,Zomato,2026-05-07T12:24:16.200801,{},0.05377805908353747,0,2026-05-07T12:24:16.200801
1116,TX-404905,2406.64,Local Grocery,2026-05-07T09:37:16.200801,{},0.17440979209214855,0,2026-05-07T09:37:16.200801
1117,TX-986429,7882.34,Flipkart,2026-05-06T13:31:16.200801,{},0.24778548015159904,0,2026-05-06T13:31:16.200801
1118,TX-452887,8371.01,Foreign/Unrecognized,2026-05-06T19:34:16.200801,{},0.015929598287130923,0,2026-05-06T19:34:16.200801
1119,TX-459499,7055.42,Amazon,2026-05-06T18:13:16.200801,{},0.17388703119221105,0,2026-05-06T18:13:16.200801
1120,TX-693535,13128.67,Local Grocery,2026-05-07T00:40:16.200801,{},0.20124084506588513,0,2026-05-07T00:40:16.200801
1121,TX-148198,5249.35,Amazon,2026-05-06T16:17:16.200801,{},0.09933203185427682,0,2026-05-06T16:17:16.200801
1122,TX-310854,10736.44,Flipkart,2026-05-07T10:21:16.200801,{},0.03640546918471409,0,2026-05-07T10:21:16.200801
1123,TX-484411,7537.42,Local Grocery,2026-05-07T10:46:16.200801,{},0.12622726145400592,0,2026-05-07T10:46:16.200801
1124,TX-944116,8006.21,Flipkart,2026-05-06T13:40:16.200801,{},0.23215611409237485,0,2026-05-06T13:40:16.200801
1125,TX-441517,8932.6,Foreign/Unrecognized,2026-05-06T22:54:16.200801,{},0.2524473621104738,0,2026-05-06T22:54:16.200801
1126,TX-435140,7691.81,Foreign/Unrecognized,2026-05-07T03:51:16.200801,{},0.038995900740273134,0,2026-05-07T03:51:16.200801
1127,TX-157202,10062.19,Local Grocery,2026-05-06T19:24:16.200801,{},0.07355163488797592,0,2026-05-06T19:24:16.200801
1128,TX-218507,10283.52,Uber,2026-05-06T22:31:16.200801,{},0.281693017040081,0,2026-05-06T22:31:16.200801
1129,TX-216680,9742.8,Foreign/Unrecognized,2026-05-07T08:22:16.200801,{},0.7525555212344618,1,2026-05-07T08:22:16.200801
1130,TX-366470,4556.39,Foreign/Unrecognized,2026-05-06T22:31:16.200801,{},0.13686724722612106,0,2026-05-06T22:31:16.200801
1131,TX-713862,679.24,Uber,2026-05-06T21:37:16.200801,{},0.03864014271087562,0,2026-05-06T21:37:16.200801
1132,TX-226079,13807.59,Zomato,2026-05-06T18:24:16.200801,{},0.19103187292524382,0,2026-05-06T18:24:16.200801
1133,TX-861324,1635.17,Foreign/Unrecognized,2026-05-07T10:49:16.200801,{},0.2960368809182335,0,2026-05-07T10:49:16.200801
1134,TX-324090,9846.0,Local Grocery,2026-05-07T07:10:16.200801,{},0.26089868775278974,0,2026-05-07T07:10:16.200801
1135,TX-444726,328.21,Foreign/Unrecognized,2026-05-06T22:16:16.200801,{},0.10992371269611348,0,2026-05-06T22:16:16.200801
1136,TX-354861,14420.36,Foreign/Unrecognized,2026-05-06T17:06:16.200801,{},0.5733434306147277,1,2026-05-06T17:06:16.200801
1137,TX-460336,4266.91,Amazon,2026-05-06T20:10:16.200801,{},0.20330729266757827,0,2026-05-06T20:10:16.200801
1138,TX-755449,9713.69,Amazon,2026-05-06T21:33:16.200801,{},0.09251027776998007,0,2026-05-06T21:33:16.200801
1139,TX-972008,3939.13,Amazon,2026-05-07T03:24:16.200801,{},0.06923682721547691,0,2026-05-07T03:24:16.200801
1140,TX-736976,8252.08,Flipkart,2026-05-07T10:53:16.200801,{},0.15898093482782757,0,2026-05-07T10:53:16.200801
1141,TX-909897,1906.69,Uber,2026-05-06T23:23:16.200801,{},0.2358522880325239,0,2026-05-06T23:23:16.200801
1142,TX-348237,1036.74,Zomato,2026-05-06T14:43:16.200801,{},0.22110375582174227,0,2026-05-06T14:43:16.200801
1143,TX-847777,12920.0,Flipkart,2026-05-07T05:16:16.200801,{},0.07288355161019934,0,2026-05-07T05:16:16.200801
1144,TX-126813,11299.26,Foreign/Unrecognized,2026-05-06T18:51:16.200801,{},0.8272741601220233,1,2026-05-06T18:51:16.200801
1145,TX-232879,13510.16,Flipkart,2026-05-06T22:22:16.200801,{},0.1390469088701535,0,2026-05-06T22:22:16.200801
1146,TX-234457,190.94,Zomato,2026-05-07T00:55:16.200801,{},0.6001150452575708,1,2026-05-07T00:55:16.200801
1147,TX-726981,5239.59,Foreign/Unrecognized,2026-05-07T09:13:16.200801,{},0.9722173644665781,1,2026-05-07T09:13:16.200801
1148,TX-354624,5602.4,Local Grocery,2026-05-06T21:25:16.200801,{},0.2858796574826209,0,2026-05-06T21:25:16.200801
1149,TX-493981,11701.9,Uber,2026-05-07T11:39:16.200801,{},0.23802147968863466,0,2026-05-07T11:39:16.200801
1150,TX-478087,1364.65,Flipkart,2026-05-06T13:19:16.200801,{},0.24359011148788257,0,2026-05-06T13:19:16.200801
1151,TX-417359,9664.44,Foreign/Unrecognized,2026-05-07T05:00:16.200801,{},0.6629863001734759,1,2026-05-07T05:00:16.200801
1152,TX-174286,6100.77,Uber,2026-05-07T07:16:16.200801,{},0.19978324273826267,0,2026-05-07T07:16:16.200801
1153,TX-540096,4487.7,Amazon,2026-05-07T00:02:16.200801,{},0.0731041406241401,0,2026-05-07T00:02:16.200801
1154,TX-454592,10834.47,Local Grocery,2026-05-06T20:28:16.200801,{},0.2106141515481834,0,2026-05-06T20:28:16.200801
1155,TX-101120,7215.81,Local Grocery,2026-05-06T22:44:16.200801,{},0.024080159995469162,0,2026-05-06T22:44:16.200801
1156,TX-197716,4357.29,Electronics Store,2026-05-06T14:56:16.200801,{},0.2324048758877695,0,2026-05-06T14:56:16.200801
1157,TX-488361,5291.12,Uber,2026-05-06T19:28:16.200801,{},0.27610402977155935,0,2026-05-06T19:28:16.200801
1158,TX-371039,10182.35,Flipkart,2026-05-06T20:38:16.200801,{},0.24172545490867334,0,2026-05-06T20:38:16.200801
1159,TX-135466,9668.21,Electronics Store,2026-05-07T01:01:16.200801,{},0.2538426022342225,0,2026-05-07T01:01:16.200801
1160,TX-391787,12462.58,Uber,2026-05-06T16:04:16.200801,{},0.058563523788960986,0,2026-05-06T16:04:16.200801
1161,TX-746284,10956.42,Electronics Store,2026-05-06T13:56:16.200801,{},0.12250818647939578,0,2026-05-06T13:56:16.200801
1162,TX-511708,1223.87,Flipkart,2026-05-07T07:31:16.200801,{},0.21465194853247271,0,2026-05-07T07:31:16.200801
1163,TX-293713,11687.78,Local Grocery,2026-05-06T21:33:16.200801,{},0.20694599581389286,0,2026-05-06T21:33:16.200801
1164,TX-863541,11107.5,Uber,2026-05-07T12:26:16.200801,{},0.0946503782922984,0,2026-05-07T12:26:16.200801
1165,TX-685123,14330.58,Uber,2026-05-07T08:09:16.200801,{},0.08895434944105281,0,2026-05-07T08:09:16.200801
1166,TX-796382,1684.31,Flipkart,2026-05-07T03:01:16.200801,{},0.11469000193097473,0,2026-05-07T03:01:16.200801
1167,TX-317088,4054.41,Foreign/Unrecognized,2026-05-07T02:25:16.200801,{},0.19887625120171062,0,2026-05-07T02:25:16.200801
1168,TX-292685,14875.37,Zomato,2026-05-07T03:25:16.200801,{},0.11985460611849373,0,2026-05-07T03:25:16.200801
1169,TX-611628,11230.2,Uber,2026-05-07T05:01:16.200801,{},0.7134440305886073,1,2026-05-07T05:01:16.200801
1170,TX-637024,5117.07,Foreign/Unrecognized,2026-05-07T08:45:16.200801,{},0.8516629604713711,1,2026-05-07T08:45:16.200801
1171,TX-657141,13987.04,Flipkart,2026-05-07T06:38:16.200801,{},0.27281649220699766,0,2026-05-07T06:38:16.200801
1172,TX-604536,9901.05,Amazon,2026-05-06T14:42:16.200801,{},0.028120470670583028,0,2026-05-06T14:42:16.200801
1173,TX-120272,12291.81,Amazon,2026-05-06T18:20:16.200801,{},0.10758672244200555,0,2026-05-06T18:20:16.200801
1174,TX-857580,6986.13,Zomato,2026-05-06T19:35:16.200801,{},0.12750636276390828,0,2026-05-06T19:35:16.200801
1175,TX-167587,1062.81,Flipkart,2026-05-07T01:29:16.200801,{},0.22393412577282834,0,2026-05-07T01:29:16.200801
1176,TX-134474,7884.82,Local Grocery,2026-05-07T09:06:16.200801,{},0.03188562629160559,0,2026-05-07T09:06:16.200801
1177,TX-258202,12523.84,Zomato,2026-05-06T22:51:16.200801,{},0.17181800519829368,0,2026-05-06T22:51:16.200801
1178,TX-567326,14941.54,Uber,2026-05-07T05:49:16.200801,{},0.25336487369496796,0,2026-05-07T05:49:16.200801
1179,TX-993513,8681.47,Uber,2026-05-06T19:25:16.200801,{},0.1535170438095082,0,2026-05-06T19:25:16.200801
1180,TX-853911,8171.17,Uber,2026-05-06T21:53:16.200801,{},0.04788329852368871,0,2026-05-06T21:53:16.200801
1181,TX-960390,4246.09,Flipkart,2026-05-07T09:00:16.200801,{},0.16754313337212845,0,2026-05-07T09:00:16.200801
1182,TX-602663,1970.1,Electronics Store,2026-05-07T02:39:16.200801,{},0.1917912197457253,0,2026-05-07T02:39:16.200801
1183,TX-828999,4405.07,Electronics Store,2026-05-07T11:57:16.200801,{},0.24136861890574499,0,2026-05-07T11:57:16.200801
1184,TX-409563,3463.92,Amazon,2026-05-06T18:48:16.200801,{},0.08208299242178248,0,2026-05-06T18:48:16.200801
1185,TX-577423,6800.72,Zomato,2026-05-06T19:28:16.200801,{},0.0631493512229919,0,2026-05-06T19:28:16.200801
1186,TX-789477,11627.03,Foreign/Unrecognized,2026-05-06T15:08:16.200801,{},0.5684823217690924,1,2026-05-06T15:08:16.200801
1187,TX-355431,7397.34,Foreign/Unrecognized,2026-05-06T23:16:16.200801,{},0.010200130155646144,0,2026-05-06T23:16:16.200801
1188,TX-453266,5534.6,Local Grocery,2026-05-06T23:47:16.200801,{},0.261721054442145,0,2026-05-06T23:47:16.200801
1189,TX-673934,946.26,Foreign/Unrecognized,2026-05-06T16:49:16.200801,{},0.011550970321948786,0,2026-05-06T16:49:16.200801
1190,TX-178677,10870.12,Local Grocery,2026-05-07T05:19:16.200801,{},0.05379019142926556,0,2026-05-07T05:19:16.200801
1191,TX-647551,6588.22,Amazon,2026-05-07T04:50:16.200801,{},0.15917822984011595,0,2026-05-07T04:50:16.200801
1192,TX-373497,11304.94,Electronics Store,2026-05-06T21:55:16.200801,{},0.18251585773913453,0,2026-05-06T21:55:16.200801
1193,TX-869810,3543.66,Uber,2026-05-06T18:18:16.200801,{},0.061181705689718216,0,2026-05-06T18:18:16.200801
1194,TX-351404,2803.08,Foreign/Unrecognized,2026-05-06T17:20:16.200801,{},0.10900404533019632,0,2026-05-06T17:20:16.200801
1195,TX-314588,11381.69,Uber,2026-05-06T19:13:16.200801,{},0.17093135956954714,0,2026-05-06T19:13:16.200801
1196,TX-554609,10681.09,Electronics Store,2026-05-07T03:21:16.200801,{},0.23721620781840366,0,2026-05-07T03:21:16.200801
1197,TX-407451,11614.48,Foreign/Unrecognized,2026-05-07T04:23:16.200801,{},0.9240852577011616,1,2026-05-07T04:23:16.200801
1198,TX-531393,3338.8,Zomato,2026-05-07T01:49:16.200801,{},0.232003663025769,0,2026-05-07T01:49:16.200801
1199,TX-495174,7342.91,Foreign/Unrecognized,2026-05-07T01:25:16.200801,{},0.2773624761628617,0,2026-05-07T01:25:16.200801
1200,TX-486945,7232.92,Flipkart,2026-05-07T06:34:16.200801,{},0.27785262406666006,0,2026-05-07T06:34:16.200801
1201,TX-784531,1322.09,Amazon,2026-05-06T21:05:16.200801,{},0.0176620006127266,0,2026-05-06T21:05:16.200801
1202,TX-862125,5868.37,Amazon,2026-05-07T08:44:16.200801,{},0.16319231850768126,0,2026-05-07T08:44:16.200801
