ds,ticker,yhat,yhat_lower,yhat_upper,is_forecast
2024-05-06,HDFCBANK.NS,732.4289643629968,703.530811819848,762.8788686466444,False
2024-05-07,HDFCBANK.NS,731.5647547919721,700.1760173186068,761.3309199109692,False
2024-05-08,HDFCBANK.NS,731.5933455680453,700.2756585106382,762.6559870615517,False
2024-05-09,HDFCBANK.NS,730.9503538272362,700.6428080348119,761.2062235434852,False
2024-05-10,HDFCBANK.NS,728.2120693876277,695.2657954706108,756.111658787393,False
2024-05-13,HDFCBANK.NS,727.329553007144,695.5151959703594,758.251320812055,False
2024-05-14,HDFCBANK.NS,727.9891908499721,698.5609127801929,758.5505802082628,False
2024-05-15,HDFCBANK.NS,729.6379422460329,701.5263306348745,759.4664136520219,False
2024-05-16,HDFCBANK.NS,730.6708588545848,701.8661157903321,761.3134508605145,False
2024-05-17,HDFCBANK.NS,729.6239203554283,699.6064171955874,759.0786969177299,False
2024-05-21,HDFCBANK.NS,735.5853226928134,707.5466351585825,765.4959999460173,False
2024-05-22,HDFCBANK.NS,738.4823662423199,709.1691876769602,771.2451993724271,False
2024-05-23,HDFCBANK.NS,740.6004480467384,712.0812181787744,770.6554895920348,False
2024-05-24,HDFCBANK.NS,740.4635986985827,708.8187840976577,772.2740708608013,False
2024-05-27,HDFCBANK.NS,746.025289074918,714.9038981699025,775.1249795542642,False
2024-05-28,HDFCBANK.NS,748.2919020041667,716.8786304755548,779.9058644882818,False
2024-05-29,HDFCBANK.NS,751.2581347777233,721.2245694045599,782.0311094338381,False
2024-05-30,HDFCBANK.NS,753.3227842875027,724.5804729864655,786.4250101237366,False
2024-05-31,HDFCBANK.NS,753.0351736777228,721.0961807622283,784.6349216164034,False
2024-06-03,HDFCBANK.NS,757.8470113748671,726.3841627965115,788.4677873972028,False
2024-06-04,HDFCBANK.NS,759.8638131913714,729.9619002797356,790.8352304604433,False
2024-06-05,HDFCBANK.NS,762.6281707910773,730.7354479232733,793.3709353915654,False
2024-06-06,HDFCBANK.NS,764.5643559705657,734.4548088968999,794.1683503459752,False
2024-06-07,HDFCBANK.NS,764.2436844505994,733.2650976883633,795.4729490384495,False
2024-06-10,HDFCBANK.NS,769.6806282858049,740.1731073823025,800.8494392878887,False
2024-06-11,HDFCBANK.NS,772.1712918668659,742.4203279823996,803.6533290746275,False
2024-06-12,HDFCBANK.NS,775.5398795539701,746.087208241014,805.6028865085576,False
2024-06-13,HDFCBANK.NS,778.2004346447899,747.6148494406012,807.6723708405411,False
2024-06-14,HDFCBANK.NS,778.7084301785015,747.4401664955687,808.6753823060211,False
2024-06-18,HDFCBANK.NS,790.509121761255,761.2994277672149,822.5851568816706,False
2024-06-19,HDFCBANK.NS,794.8330075639678,764.4471338422959,821.212877395525,False
2024-06-20,HDFCBANK.NS,798.3753056565187,769.1496709299266,829.3623486762768,False
2024-06-21,HDFCBANK.NS,799.656613881826,768.3743474700741,827.6582452567006,False
2024-06-24,HDFCBANK.NS,807.5709536790407,780.0026388394264,838.5159353761393,False
2024-06-25,HDFCBANK.NS,810.5070049272408,782.733091389395,842.3309482180707,False
2024-06-26,HDFCBANK.NS,814.0418500176255,784.0681012082212,845.025140684339,False
2024-06-27,HDFCBANK.NS,816.5429029266269,787.0343342495855,846.8340025869536,False
2024-06-28,HDFCBANK.NS,816.5258470554086,784.9579716855654,847.5192752914897,False
2024-07-01,HDFCBANK.NS,820.807618823241,792.971254909411,850.5768066339033,False
2024-07-02,HDFCBANK.NS,822.0900237099647,788.7300806005002,850.3181773898174,False
2024-07-03,HDFCBANK.NS,823.7927701218944,794.1624503568208,855.2082270525874,False
2024-07-04,HDFCBANK.NS,824.3177438397652,797.0581796425529,854.0701137649066,False
2024-07-05,HDFCBANK.NS,822.2198100769414,789.8783165761852,855.8830073752018,False
2024-07-08,HDFCBANK.NS,820.0710236286178,791.4802310701454,849.6996738592829,False
2024-07-09,HDFCBANK.NS,819.302396903157,790.996268641319,851.8606253971694,False
2024-07-10,HDFCBANK.NS,819.0776279185865,787.8815854874201,847.7371393453835,False
2024-07-11,HDFCBANK.NS,817.84211614842,789.5983406252336,847.6055781236639,False
2024-07-12,HDFCBANK.NS,814.1906141001724,783.2218373282329,845.0896208818137,False
2024-07-15,HDFCBANK.NS,808.944206081549,781.1945541915421,839.3403513663545,False
2024-07-16,HDFCBANK.NS,807.7391349266065,778.5913987690858,837.7903763129574,False
2024-07-18,HDFCBANK.NS,806.3568801310048,774.7780032487913,835.0086867602106,False
2024-07-19,HDFCBANK.NS,803.2107174209648,774.3530074720644,833.9398083552962,False
2024-07-22,HDFCBANK.NS,801.1248546706523,771.5356376180299,832.9055485844873,False
2024-07-23,HDFCBANK.NS,801.4183096291603,772.3196170013304,832.1194250178905,False
2024-07-24,HDFCBANK.NS,802.7287945566974,773.2217661034739,834.6838116619692,False
2024-07-25,HDFCBANK.NS,803.4545497228412,774.377318076324,834.573929322721,False
2024-07-26,HDFCBANK.NS,802.132184503688,771.078612508955,835.9395917818965,False
2024-07-29,HDFCBANK.NS,805.3675271793695,775.5205108155155,834.5166830404172,False
2024-07-30,HDFCBANK.NS,807.2197446893483,778.0815804192376,837.1670479563369,False
2024-07-31,HDFCBANK.NS,809.9062152333408,779.2865602696261,841.2267411417937,False
2024-08-01,HDFCBANK.NS,811.7869375165685,779.8095023786384,842.0492883426411,False
2024-08-02,HDFCBANK.NS,811.3664390241745,779.9236707567167,841.6036457894662,False
2024-08-05,HDFCBANK.NS,815.5776500991607,785.4823410606288,846.9351708286696,False
2024-08-06,HDFCBANK.NS,817.1486436278811,787.7353327653337,848.628344939658,False
2024-08-07,HDFCBANK.NS,819.2567874834929,787.6729442934662,848.8403542755825,False
2024-08-08,HDFCBANK.NS,820.278337477304,788.284755872246,851.0124061938614,False
2024-08-09,HDFCBANK.NS,818.741950139877,785.9886279270874,848.8080128888444,False
2024-08-12,HDFCBANK.NS,818.4094470496372,787.9330205218308,849.6571785137941,False
2024-08-13,HDFCBANK.NS,818.2094857854652,789.0244842942326,849.3294178324011,False
2024-08-14,HDFCBANK.NS,818.4993170768496,788.2839939525115,848.7220901856938,False
2024-08-16,HDFCBANK.NS,814.4120621636721,782.2275207499922,845.8966396675687,False
2024-08-19,HDFCBANK.NS,809.6275933738227,776.9319692038471,840.5513718641051,False
2024-08-20,HDFCBANK.NS,808.3619374552839,779.0322094046918,838.7317753583876,False
2024-08-21,HDFCBANK.NS,807.8537357621171,777.4027568409575,839.7017513172261,False
2024-08-22,HDFCBANK.NS,806.5557500996572,774.203951161287,835.8771787322632,False
2024-08-23,HDFCBANK.NS,803.065414217914,772.6744941693368,832.1328485987323,False
2024-08-26,HDFCBANK.NS,799.5989586346005,769.4939582201253,829.6470612187189,False
2024-08-27,HDFCBANK.NS,799.3808504101852,767.6643257389533,826.9852949227973,False
2024-08-28,HDFCBANK.NS,800.1906180104439,770.8099118213836,832.0052164358108,False
2024-08-29,HDFCBANK.NS,800.44975576736,769.219326151726,828.9040707137467,False
2024-08-30,HDFCBANK.NS,798.7181858671477,767.8070994020227,829.4119148728116,False
2024-09-02,HDFCBANK.NS,801.2918958986129,770.5907264196653,832.1496666508731,False
2024-09-03,HDFCBANK.NS,803.1782325300136,772.1974268673767,833.5800515065998,False
2024-09-04,HDFCBANK.NS,806.0534493428502,773.1978973713374,833.8670913949564,False
2024-09-05,HDFCBANK.NS,808.2895835183537,777.0631754568229,840.236676868315,False
2024-09-06,HDFCBANK.NS,808.3998300816061,778.8140929046128,836.8309872295391,False
2024-09-09,HDFCBANK.NS,815.2871260737758,785.0712404856084,846.8524592577238,False
2024-09-10,HDFCBANK.NS,818.1032026252127,788.0568093669044,846.7880807071323,False
2024-09-11,HDFCBANK.NS,821.6195683103501,791.2146590053142,851.018006277831,False
2024-09-12,HDFCBANK.NS,824.1992253731477,792.8963015005559,853.1123179046751,False
2024-09-13,HDFCBANK.NS,824.354485536534,793.554329312696,854.4620635283212,False
2024-09-16,HDFCBANK.NS,829.6967689944859,801.2795126870928,859.6811248195642,False
2024-09-17,HDFCBANK.NS,831.5119127933349,803.8893303479166,862.3244632339571,False
2024-09-18,HDFCBANK.NS,833.8375991174831,800.7379456608359,862.2128340806916,False
2024-09-19,HDFCBANK.NS,835.0765489308423,804.8040983099454,866.0857607378457,False
2024-09-20,HDFCBANK.NS,833.7844418629679,802.6966800531139,864.0645493254182,False
2024-09-23,HDFCBANK.NS,833.1033043723213,802.7083435894666,863.8323233492042,False
2024-09-24,HDFCBANK.NS,833.0056690746216,805.4544843337897,862.3125804436975,False
2024-09-25,HDFCBANK.NS,833.5389000213297,803.6355073517847,864.1294629700883,False
2024-09-26,HDFCBANK.NS,833.1442392093188,804.3237041536562,860.9127054495847,False
2024-09-27,HDFCBANK.NS,830.4109315139958,802.4835415906156,859.8898394843983,False
2024-09-30,HDFCBANK.NS,828.3078007029288,798.0396886240326,857.4113003821379,False
2024-10-01,HDFCBANK.NS,828.2486921057598,799.6079817484951,857.7610204622879,False
2024-10-03,HDFCBANK.NS,829.2387618359638,799.019632654862,858.2264635488114,False
2024-10-04,HDFCBANK.NS,827.2944647759994,796.1964968037497,856.2706051748719,False
2024-10-07,HDFCBANK.NS,828.729310291763,796.2275382910791,859.1614451547665,False
2024-10-08,HDFCBANK.NS,830.1299004893607,799.7935561281776,860.5120909105468,False
2024-10-09,HDFCBANK.NS,832.4977971331647,802.9423589642645,863.2217649454713,False
2024-10-10,HDFCBANK.NS,834.2235154662785,802.7010466599543,864.8918988548736,False
2024-10-11,HDFCBANK.NS,833.8377577679114,803.7050143293659,863.526328053062,False
2024-10-14,HDFCBANK.NS,839.4747572226734,809.3082812241976,870.89602450509,False
2024-10-15,HDFCBANK.NS,841.9931613512583,813.210913451231,872.7351490915524,False
2024-10-16,HDFCBANK.NS,845.2850266587302,817.0525584439192,876.1764415477085,False
2024-10-17,HDFCBANK.NS,847.7173351715325,813.6534978919584,877.0096858508147,False
2024-10-18,HDFCBANK.NS,847.803448189433,817.7910810820673,877.0805726239521,False
2024-10-21,HDFCBANK.NS,853.3748114720966,821.1470810675773,886.0951830035223,False
2024-10-22,HDFCBANK.NS,855.3875052541879,823.6046068773835,885.3982635752052,False
2024-10-23,HDFCBANK.NS,857.9532853060175,826.3705734080543,889.3894971047123,False
2024-10-24,HDFCBANK.NS,859.4611717586699,828.1737461894836,890.7123582787722,False
2024-10-25,HDFCBANK.NS,858.4517696736687,828.0815617261252,889.1018759155944,False
2024-10-28,HDFCBANK.NS,860.0427277274729,830.0194505040589,887.5111747221523,False
2024-10-29,HDFCBANK.NS,860.6214765536506,829.2747974954468,890.484134554925,False
2024-10-30,HDFCBANK.NS,861.7647363554985,829.8968873736685,893.8101165065887,False
2024-10-31,HDFCBANK.NS,861.9000065008128,830.8386860854464,890.1750031767998,False
2024-11-01,HDFCBANK.NS,859.6045477896588,827.2562747609586,888.7100158170609,False
2024-11-04,HDFCBANK.NS,858.176051122047,825.7911917202572,886.9687219112376,False
2024-11-05,HDFCBANK.NS,858.1129868910162,827.9176890264962,886.8968241869754,False
2024-11-06,HDFCBANK.NS,858.8264573527887,829.0315924436559,886.5265874236627,False
2024-11-07,HDFCBANK.NS,858.7531752123084,826.9173660228595,890.1473437357877,False
2024-11-08,HDFCBANK.NS,856.473603843366,827.509083973931,885.7475307173007,False
2024-11-11,HDFCBANK.NS,856.3830236771636,824.9632236845665,886.372377122964,False
2024-11-12,HDFCBANK.NS,857.1498426842033,825.9217132688148,887.0751658990812,False
2024-11-13,HDFCBANK.NS,858.8500994252145,828.4352624523709,890.0749644106952,False
2024-11-14,HDFCBANK.NS,859.8936755664964,831.1577637033254,889.269509609405,False
2024-11-18,HDFCBANK.NS,862.6766324248209,830.3388099119306,894.9985582907382,False
2024-11-19,HDFCBANK.NS,864.7422199544977,833.7090683035227,892.664871795049,False
2024-11-21,HDFCBANK.NS,869.8814511183635,839.7675049008166,898.3795275208597,False
2024-11-22,HDFCBANK.NS,869.8632236501389,840.2404328852463,900.7012882361346,False
2024-11-25,HDFCBANK.NS,875.9843069395969,842.6938615452691,907.017639316132,False
2024-11-26,HDFCBANK.NS,878.4802392734126,847.7574731195926,908.4477311391832,False
2024-11-27,HDFCBANK.NS,881.6769536732111,849.8265503222947,911.2218876462268,False
2024-11-28,HDFCBANK.NS,883.9568100281238,855.0500983979426,912.8309748785038,False
2024-11-29,HDFCBANK.NS,883.8502451112914,852.3871819703079,915.2736535877829,False
2024-12-02,HDFCBANK.NS,888.7830654880387,858.1162413259276,918.7745753769732,False
2024-12-03,HDFCBANK.NS,890.620931720011,859.3846488286323,920.3666575536471,False
2024-12-04,HDFCBANK.NS,893.0562013174148,862.3993222393171,922.6641535610656,False
2024-12-05,HDFCBANK.NS,894.4892401517435,864.3960549783156,924.3825978021234,False
2024-12-06,HDFCBANK.NS,893.4685102512261,864.6138865140427,925.4889757225591,False
2024-12-09,HDFCBANK.NS,895.422233024315,863.5830247453173,924.9793723706952,False
2024-12-10,HDFCBANK.NS,896.2360053580171,865.0111794432312,925.1756496357535,False
2024-12-11,HDFCBANK.NS,897.65005724185,867.3327248269994,926.93695715973,False
2024-12-12,HDFCBANK.NS,898.0718996705388,868.4350647349836,928.417910232404,False
2024-12-13,HDFCBANK.NS,896.0543524524975,866.2890424792046,924.1804464314605,False
2024-12-16,HDFCBANK.NS,895.1070193937813,864.7355113178893,924.8271142041493,False
2024-12-17,HDFCBANK.NS,894.9726432350498,864.2312959432498,927.0829338363453,False
2024-12-18,HDFCBANK.NS,895.437768383949,865.4052732859774,926.323781831754,False
2024-12-19,HDFCBANK.NS,894.9019071998977,861.5700276110329,923.7495118525826,False
2024-12-20,HDFCBANK.NS,891.9094028509329,859.4361097772567,923.465662857657,False
2024-12-23,HDFCBANK.NS,887.8543305514125,856.1193290045854,917.7895836262616,False
2024-12-24,HDFCBANK.NS,886.602592560467,857.4189693108506,916.5223453745605,False
2024-12-26,HDFCBANK.NS,884.15960641359,855.6439516320248,914.362639849192,False
2024-12-27,HDFCBANK.NS,879.9167212582934,849.5072823819709,910.7672633400138,False
2024-12-30,HDFCBANK.NS,871.949209013484,840.8206439694552,903.0159810584723,False
2024-12-31,HDFCBANK.NS,869.3856456208242,838.9071532444564,899.7687760098788,False
2025-01-01,HDFCBANK.NS,867.4024783401824,838.6451962075834,895.8867699147874,False
2025-01-02,HDFCBANK.NS,864.4223600206437,833.7233457119656,895.1822212752734,False
2025-01-03,HDFCBANK.NS,859.0178168013966,831.45654189505,891.6200379521409,False
2025-01-06,HDFCBANK.NS,848.2671594475833,817.7826484176591,877.6261150215752,False
2025-01-07,HDFCBANK.NS,845.0960581160284,815.7612636242848,877.0635582256745,False
2025-01-08,HDFCBANK.NS,842.7056838936489,812.9342114188363,873.4676673715853,False
2025-01-09,HDFCBANK.NS,839.5394017754287,809.8296385237868,869.537794203679,False
2025-01-10,HDFCBANK.NS,834.1870673046426,804.9890743460614,862.8294209036812,False
2025-01-13,HDFCBANK.NS,825.1316442850529,793.5662280269387,854.1353058967093,False
2025-01-14,HDFCBANK.NS,823.0491786363417,793.1512822397951,854.2487417230293,False
2025-01-15,HDFCBANK.NS,822.0005282397213,791.4255836489682,853.7897755761094,False
2025-01-16,HDFCBANK.NS,821.0833397918592,790.6005324055617,851.2108023241494,False
2025-01-17,HDFCBANK.NS,818.19930417725,787.0454827019634,848.8872145328734,False
2025-01-20,HDFCBANK.NS,817.5840109913406,789.3430374645092,850.1639986351184,False
2025-01-21,HDFCBANK.NS,818.543046395497,787.5654775837143,848.0467456356015,False
2025-01-22,HDFCBANK.NS,820.5820884135767,789.7108770669709,851.538891056922,False
2025-01-23,HDFCBANK.NS,822.085907982422,791.5172785996485,852.7655513996289,False
2025-01-24,HDFCBANK.NS,821.5787291107085,790.8777021985568,852.5673419937614,False
2025-01-27,HDFCBANK.NS,827.3757632115444,797.4695950494582,858.1232188580246,False
2025-01-28,HDFCBANK.NS,830.0907144264628,799.6606233728295,860.755406855234,False
2025-01-29,HDFCBANK.NS,833.6319881695503,804.6352995757626,864.9928520061895,False
2025-01-30,HDFCBANK.NS,836.3534807379114,805.0801509292476,867.2104204711972,False
2025-01-31,HDFCBANK.NS,836.7542698459487,805.8209321760881,867.9654675367642,False
2025-02-01,HDFCBANK.NS,834.3054566141703,803.1707090045176,864.0336162936758,False
2025-02-03,HDFCBANK.NS,843.2637979053011,812.0439367263635,872.2744301385075,False
2025-02-04,HDFCBANK.NS,845.5300630374526,814.9534979322681,876.0148429174662,False
2025-02-05,HDFCBANK.NS,848.2898342562862,818.8790676751119,878.8370062051341,False
2025-02-06,HDFCBANK.NS,851.5171877091822,821.4481284446048,882.3040536178178,False
2025-02-07,HDFCBANK.NS,852.1312209472818,819.9189984506654,883.6963867565923,False
2025-02-10,HDFCBANK.NS,857.8442296414044,825.6256373268602,887.9067480342076,False
2025-02-11,HDFCBANK.NS,859.4954349606548,827.1955119734757,888.9293251892877,False
2025-02-12,HDFCBANK.NS,861.5379080184948,833.375883509437,892.8519574962646,False
2025-02-13,HDFCBANK.NS,862.3883659006808,832.5900869204715,891.2716350869467,False
2025-02-14,HDFCBANK.NS,860.6153720656071,831.2637298839815,890.9757913109287,False
2025-02-17,HDFCBANK.NS,859.5449672577699,828.1586386099744,889.0137646397922,False
2025-02-18,HDFCBANK.NS,859.1922746555427,828.610393712277,891.2808781362644,False
2025-02-19,HDFCBANK.NS,859.4145194661969,828.4748820913481,889.9821306113679,False
2025-02-20,HDFCBANK.NS,858.6534898746414,830.158959995512,890.702199615655,False
2025-02-21,HDFCBANK.NS,855.496742900287,824.6968439510209,885.161790234037,False
2025-02-24,HDFCBANK.NS,851.734772263811,819.5542539415526,882.4068002324505,False
2025-02-25,HDFCBANK.NS,850.970225993261,820.742653799768,880.6570347842303,False
2025-02-27,HDFCBANK.NS,850.269940587771,822.5983843568947,881.6218855493962,False
2025-02-28,HDFCBANK.NS,847.3232636662663,817.407001943516,877.7165076372183,False
2025-03-03,HDFCBANK.NS,846.6263170440512,816.3168438965502,876.8268849294699,False
2025-03-04,HDFCBANK.NS,847.0628654712546,818.4496739982624,877.5254349215649,False
2025-03-05,HDFCBANK.NS,848.3384202489893,819.9041572766686,879.3793786944942,False
2025-03-06,HDFCBANK.NS,848.846806282457,818.4641584852851,877.3340522330818,False
2025-03-07,HDFCBANK.NS,847.1252592042725,817.56477230214,878.9364492038152,False
2025-03-10,HDFCBANK.NS,848.1607309129719,818.686621685748,876.7124860070916,False
2025-03-11,HDFCBANK.NS,849.0032823323717,818.6257859245821,879.7277513064366,False
2025-03-12,HDFCBANK.NS,850.5845023853261,817.9287377112134,881.6865131965743,False
2025-03-13,HDFCBANK.NS,851.2975067199121,821.8020783011154,880.6932223228432,False
2025-03-17,HDFCBANK.NS,850.5883745398307,819.2732762569746,884.1438412674814,False
2025-03-18,HDFCBANK.NS,851.2974373453185,818.2345894925415,883.9156639377214,False
2025-03-19,HDFCBANK.NS,852.739888435095,823.4768967305159,883.3941082068636,False
2025-03-20,HDFCBANK.NS,853.3358830166795,823.1625029405237,884.0635947201072,False
2025-03-21,HDFCBANK.NS,851.6552492041442,821.9514603499815,882.2758614931071,False
2025-03-24,HDFCBANK.NS,852.9261473399157,821.5409467194188,882.2667349595793,False
2025-03-25,HDFCBANK.NS,854.0275819870069,823.2839566121639,884.5139559429863,False
2025-03-26,HDFCBANK.NS,856.0296194359597,825.1622443932001,885.3734701111331,False
2025-03-27,HDFCBANK.NS,857.3651380591533,827.0803071259013,889.564127182766,False
2025-03-28,HDFCBANK.NS,856.611405668737,822.895416430477,888.1803293883268,False
2025-04-01,HDFCBANK.NS,864.5089200503407,834.847677556115,894.1319839620952,False
2025-04-02,HDFCBANK.NS,868.2800798464958,837.3461823610706,899.5668200015841,False
2025-04-03,HDFCBANK.NS,871.4932580681584,839.3184697921588,902.3063461864818,False
2025-04-04,HDFCBANK.NS,872.6937158711987,838.2732470980769,901.281335908842,False
2025-04-07,HDFCBANK.NS,883.805979609406,853.545145576486,914.319471286702,False
2025-04-08,HDFCBANK.NS,888.4179687836776,857.1682398265976,917.9498701193793,False
2025-04-09,HDFCBANK.NS,893.9446801916839,864.8986028334663,925.1900014201668,False
2025-04-11,HDFCBANK.NS,901.3471106575997,871.9392747816744,929.6316869657009,False
2025-04-15,HDFCBANK.NS,920.0617748659078,891.7525883617197,949.5255380939658,False
2025-04-16,HDFCBANK.NS,925.587727796502,895.3131137204994,954.8100828077851,False
2025-04-17,HDFCBANK.NS,930.0773944049699,902.0010961933885,959.4709593356835,False
2025-04-21,HDFCBANK.NS,942.2160874530427,911.8455845662791,973.7131950906444,False
2025-04-22,HDFCBANK.NS,945.4432694259756,916.1819816250835,973.1304559073902,False
2025-04-23,HDFCBANK.NS,947.9320240793703,919.3051425683589,978.9391052344837,False
2025-04-24,HDFCBANK.NS,949.2371083504389,918.5374244305997,980.8986045438404,False
2025-04-25,HDFCBANK.NS,947.9154762216652,918.3025628866849,978.528773627378,False
2025-04-28,HDFCBANK.NS,948.0924649274864,915.4025417169645,980.5244519725431,False
2025-04-29,HDFCBANK.NS,948.1029240294893,918.0485358017174,977.9515912407562,False
2025-04-30,HDFCBANK.NS,948.6602147239627,920.18870997004,980.5424760995163,False
2025-05-02,HDFCBANK.NS,945.3438938641218,915.4423337524121,975.0479462533169,False
2025-05-05,HDFCBANK.NS,942.4422003697503,912.1597616670773,970.2880378915992,False
2025-05-06,HDFCBANK.NS,942.0040538349265,911.3139127032066,973.7572004671463,False
2025-05-07,HDFCBANK.NS,942.4136288405994,909.9594285378946,969.6895810646931,False
2025-05-08,HDFCBANK.NS,942.112171451957,911.3363761347567,973.3589641900104,False
2025-05-09,HDFCBANK.NS,939.6824134586768,909.4380199316377,970.2745746257908,False
2025-05-12,HDFCBANK.NS,939.5998735184533,908.1225130319928,970.9027644809775,False
2025-05-13,HDFCBANK.NS,940.5096288385117,910.9491928164986,973.8318566852587,False
2025-05-14,HDFCBANK.NS,942.4127152816839,912.6903539303823,972.0882496472175,False
2025-05-15,HDFCBANK.NS,942.4383270436141,910.868061773177,971.6918364463985,False
2025-05-16,HDFCBANK.NS,940.401548575054,909.8055652198592,970.4222709288678,False
2025-05-19,HDFCBANK.NS,941.495245165327,912.7971932332916,969.6519087370087,False
2025-05-20,HDFCBANK.NS,942.6733210007748,912.8115426214881,971.623249287508,False
2025-05-21,HDFCBANK.NS,944.7298738147322,914.7967021152052,974.7632684524342,False
2025-05-22,HDFCBANK.NS,946.0419803461381,915.6901324866478,975.1149515607705,False
2025-05-23,HDFCBANK.NS,945.1325089089715,915.564508077059,977.2492709111242,False
2025-05-26,HDFCBANK.NS,948.5491772167063,917.8222244913944,977.944987571346,False
2025-05-27,HDFCBANK.NS,950.1449234690238,919.8563445080418,980.2457686744931,False
2025-05-28,HDFCBANK.NS,952.453971405825,923.0773819692621,983.692886291146,False
2025-05-29,HDFCBANK.NS,953.8694738932745,923.3144087916263,984.4037241931401,False
2025-05-30,HDFCBANK.NS,952.9349791328257,922.8465388499993,984.4670413727774,False
2025-06-02,HDFCBANK.NS,955.7643009109204,927.1904117995506,984.8171199793443,False
2025-06-03,HDFCBANK.NS,957.0899563453189,927.0187144962684,988.1430820007292,False
2025-06-04,HDFCBANK.NS,959.1415120856718,927.2877243958321,989.719543474291,False
2025-06-05,HDFCBANK.NS,960.3406507217769,928.8056766190706,989.2369633845854,False
2025-06-06,HDFCBANK.NS,959.2571264720201,928.9333943095377,990.0822432488508,False
2025-06-09,HDFCBANK.NS,962.2516252898324,932.3697476102493,990.7268967815725,False
2025-06-10,HDFCBANK.NS,963.8827322151933,934.1404313936366,994.7334905289024,False
2025-06-11,HDFCBANK.NS,966.3746433970312,937.1678450374923,997.1790549525034,False
2025-06-12,HDFCBANK.NS,968.1461528070861,939.134626501555,996.5994325487255,False
2025-06-13,HDFCBANK.NS,967.7582354218935,937.4519133244928,996.7545387873264,False
2025-06-16,HDFCBANK.NS,973.40826728096,944.8438259249042,1002.3092026807469,False
2025-06-17,HDFCBANK.NS,976.0330861740773,945.210810447226,1004.2882825159056,False
2025-06-18,HDFCBANK.NS,979.522896298267,950.4635824900049,1007.3499867247505,False
2025-06-19,HDFCBANK.NS,982.2625871821875,951.7140910014261,1011.1847134589485,False
2025-06-20,HDFCBANK.NS,982.7781009456544,953.7581036984186,1010.4659731138516,False
2025-06-23,HDFCBANK.NS,990.406143582735,961.242065274974,1022.730696454657,False
2025-06-24,HDFCBANK.NS,993.3416161038563,963.9892816382658,1023.876145546074,False
2025-06-25,HDFCBANK.NS,996.9241506781883,966.5141159148629,1027.0681323425808,False
2025-06-26,HDFCBANK.NS,999.519689776005,968.9301077960857,1030.032316242031,False
2025-06-27,HDFCBANK.NS,999.6411201776066,969.4175312086828,1032.828794289622,False
2025-06-30,HDFCBANK.NS,1004.5557551969791,972.2684711785495,1034.3211594533648,False
2025-07-01,HDFCBANK.NS,1006.1006018990184,974.0080538130906,1038.7505996147734,False
2025-07-02,HDFCBANK.NS,1008.0788550586137,978.4774864066917,1037.4266656972534,False
2025-07-03,HDFCBANK.NS,1008.8838804361156,979.0500093433577,1037.4031694223488,False
2025-07-04,HDFCBANK.NS,1007.0617215455652,975.7176714655897,1037.5083235814482,False
2025-07-07,HDFCBANK.NS,1005.626871497337,976.7172898481202,1035.1477826724006,False
2025-07-08,HDFCBANK.NS,1005.0310310017159,974.5173994961718,1037.0621650978378,False
2025-07-09,HDFCBANK.NS,1004.9344823855017,973.9583195985305,1038.4333878066186,False
2025-07-10,HDFCBANK.NS,1003.776918490763,973.251219339351,1033.717932908816,False
2025-07-11,HDFCBANK.NS,1000.1486154203174,969.4257796778669,1030.213806796139,False
2025-07-14,HDFCBANK.NS,994.619572620292,963.9374115537371,1022.3552362719793,False
2025-07-15,HDFCBANK.NS,993.2024750409322,963.3121382940752,1023.3040205818041,False
2025-07-16,HDFCBANK.NS,992.5910734659926,961.4526825265385,1020.7552761847718,False
2025-07-17,HDFCBANK.NS,991.2346444641836,961.60939448988,1020.949100663575,False
2025-07-18,HDFCBANK.NS,987.7250079793588,956.6468774562088,1017.5775232246663,False
2025-07-21,HDFCBANK.NS,984.3511953917533,955.9667921013879,1014.4143495510108,False
2025-07-22,HDFCBANK.NS,983.9439412331974,951.2423571326524,1012.5710642193483,False
2025-07-23,HDFCBANK.NS,984.5508759843833,954.0299183255914,1014.3744857586078,False
2025-07-24,HDFCBANK.NS,984.5798947093868,953.7440861627853,1013.7170791798409,False
2025-07-25,HDFCBANK.NS,982.5770588120861,949.6402293412563,1013.0573443294661,False
2025-07-28,HDFCBANK.NS,983.9547330070933,954.4161885446396,1015.4931987480179,False
2025-07-29,HDFCBANK.NS,985.2732698159041,953.3423567068565,1013.8155724940175,False
2025-07-30,HDFCBANK.NS,987.4780625973767,956.9483393649255,1019.3470551082894,False
2025-07-31,HDFCBANK.NS,988.9325649213155,957.6959307969603,1021.3041432100836,False
2025-08-01,HDFCBANK.NS,988.1432156121004,956.5153696360835,1014.9191228751338,False
2025-08-04,HDFCBANK.NS,991.5872085971109,959.0011642870301,1022.7629251723928,False
2025-08-05,HDFCBANK.NS,993.0060800630589,965.2782474716423,1023.8718344196867,False
2025-08-06,HDFCBANK.NS,995.0054973724901,964.2653364017906,1025.1886857034374,False
2025-08-07,HDFCBANK.NS,995.9547434036424,967.0439320702202,1024.184003957764,False
2025-08-08,HDFCBANK.NS,994.3744690277367,963.5939169486817,1024.6858455981294,False
2025-08-11,HDFCBANK.NS,993.9900127636171,963.3460000555058,1027.1795090227329,False
2025-08-12,HDFCBANK.NS,993.7672184494934,964.0416325805144,1022.7740391116267,False
2025-08-13,HDFCBANK.NS,993.5900773108365,963.5720185554533,1023.2522876152175,False
2025-08-14,HDFCBANK.NS,992.3026976085966,959.8306412381214,1023.4442156318512,False
2025-08-18,HDFCBANK.NS,981.8149850364869,950.2448397137161,1014.4830308801772,False
2025-08-19,HDFCBANK.NS,979.8124395360404,949.5772805333446,1008.8820272666021,False
2025-08-20,HDFCBANK.NS,978.5074408385667,950.1499762682037,1011.7616911282894,False
2025-08-21,HDFCBANK.NS,976.3524815545198,946.0581944720603,1009.2469277401128,False
2025-08-22,HDFCBANK.NS,971.9463314646559,942.1738967223387,1003.0597417308303,False
2025-08-25,HDFCBANK.NS,965.4157003752088,933.2244758419604,995.819223686494,False
2025-08-26,HDFCBANK.NS,964.0896124352892,934.4795529336477,995.2488560597709,False
2025-08-28,HDFCBANK.NS,962.8585593007713,932.4997049430286,995.2225025532946,False
2025-08-29,HDFCBANK.NS,959.9530334681779,928.7379866800078,991.3029109866465,False
2025-09-01,HDFCBANK.NS,959.0231737889841,928.3654987973207,990.3298555744291,False
2025-09-02,HDFCBANK.NS,959.7787374132585,927.4196808493062,990.1953757172085,False
2025-09-03,HDFCBANK.NS,961.5558856233934,932.1280990901982,992.3555500982544,False
2025-09-04,HDFCBANK.NS,962.7338695721921,931.459199102613,992.7423473582415,False
2025-09-05,HDFCBANK.NS,961.8319629268244,932.6550704671217,992.1634639592546,False
2025-09-08,HDFCBANK.NS,965.9994699941302,936.9871084614277,995.2489466401264,False
2025-09-09,HDFCBANK.NS,968.0207066273317,936.8217390672783,996.5925162496284,False
2025-09-10,HDFCBANK.NS,970.7973899700634,940.8630980983935,1000.0447873722011,False
2025-09-11,HDFCBANK.NS,972.6898336687723,940.3926287798619,1002.2669586450826,False
2025-09-12,HDFCBANK.NS,972.2062586749315,940.0374819478199,1001.8160463647494,False
2025-09-15,HDFCBANK.NS,975.8632277168349,946.7411501842946,1004.4545203400697,False
2025-09-16,HDFCBANK.NS,977.1691658024963,946.313959032575,1007.2428837474512,False
2025-09-17,HDFCBANK.NS,978.9980207228723,949.9283468277391,1010.1487599587372,False
2025-09-18,HDFCBANK.NS,979.7436666548593,947.8751787711743,1009.6224142334627,False
2025-09-19,HDFCBANK.NS,977.9529476175738,949.1275874027738,1007.5158299736197,False
2025-09-22,HDFCBANK.NS,977.1644441724075,947.1819786536828,1009.219463898949,False
2025-09-23,HDFCBANK.NS,976.9683552744006,947.1337816566755,1007.0845264055218,False
2025-09-24,HDFCBANK.NS,977.3619860928468,944.5188925769132,1008.211138586097,False
2025-09-25,HDFCBANK.NS,976.7824463233413,945.8508545314513,1006.854162230997,False
2025-09-26,HDFCBANK.NS,973.8161822892891,943.408354181082,1005.616990858805,False
2025-09-29,HDFCBANK.NS,970.7188527972753,939.1332896890459,1000.3428523871274,False
2025-09-30,HDFCBANK.NS,970.2346507590851,938.3583400877689,999.5910205608009,False
2025-10-01,HDFCBANK.NS,970.6011270349165,941.3647702046472,1001.2917859632742,False
2025-10-03,HDFCBANK.NS,967.7801356638274,937.3569376532228,999.388869541011,False
2025-10-06,HDFCBANK.NS,967.5136209742565,936.8379765213917,998.7500270924168,False
2025-10-07,HDFCBANK.NS,968.3382086105692,938.3863056846492,1001.1956059892655,False
2025-10-08,HDFCBANK.NS,970.1390921818268,941.4258448286146,999.1727862601975,False
2025-10-09,HDFCBANK.NS,971.3145233635576,941.8031223008867,999.7441012708059,False
2025-10-10,HDFCBANK.NS,970.4024211264112,938.7441025426064,999.9083274670882,False
2025-10-13,HDFCBANK.NS,974.6644183684884,945.5377911353971,1005.9970066407492,False
2025-10-14,HDFCBANK.NS,976.8075935668808,944.4593589027407,1008.0011114444993,False
2025-10-15,HDFCBANK.NS,979.770404918756,949.6148983729753,1008.3621204327309,False
2025-10-16,HDFCBANK.NS,981.9207022135105,951.637735048496,1011.8561826528404,False
2025-10-17,HDFCBANK.NS,981.7714110646161,950.655499804569,1012.6334924707813,False
2025-10-20,HDFCBANK.NS,986.8930768546037,954.3130242809843,1016.2436825689311,False
2025-10-21,HDFCBANK.NS,988.8279907617895,958.2977779008803,1018.179374062705,False
2025-10-23,HDFCBANK.NS,992.7119469284208,963.2472716106087,1022.7217428542373,False
2025-10-24,HDFCBANK.NS,991.6312219943612,961.1080900882926,1020.6152233405548,False
2025-10-27,HDFCBANK.NS,993.0146820823007,964.9401275918151,1023.9680300458732,False
2025-10-28,HDFCBANK.NS,993.5023333695192,962.4640582968705,1021.9063704294775,False
2025-10-29,HDFCBANK.NS,994.5323889313178,962.3764065167904,1024.374684565663,False
2025-10-30,HDFCBANK.NS,994.52658316348,964.382955645407,1023.993141328688,False
2025-10-31,HDFCBANK.NS,992.0572409115935,963.0237756162359,1021.6302506149266,False
2025-11-03,HDFCBANK.NS,989.8756721858553,959.0191508781251,1019.2462432762928,False
2025-11-04,HDFCBANK.NS,989.4783503327737,960.5275381143548,1019.70967841155,False
2025-11-06,HDFCBANK.NS,989.3260220187803,959.6588706168149,1020.6071539363683,False
2025-11-07,HDFCBANK.NS,986.5922824429152,956.4286461639847,1016.9682770162701,False
2025-11-10,HDFCBANK.NS,984.9517085341171,954.5031799079985,1015.0767203382774,False
2025-11-11,HDFCBANK.NS,985.1559366689437,953.0633035139521,1015.0320995208098,False
2025-11-12,HDFCBANK.NS,986.2801742442912,956.307109907967,1017.2990661629992,False
2025-11-13,HDFCBANK.NS,986.7404259604267,956.4791614016856,1016.9135602887567,False
2025-11-14,HDFCBANK.NS,985.0937080095749,956.119249722455,1013.7851462417042,False
2025-11-17,HDFCBANK.NS,987.1235080861029,957.5424474860357,1017.9230703862903,False
2025-11-18,HDFCBANK.NS,988.6186200038594,958.679621978383,1018.6044617445988,False
2025-11-19,HDFCBANK.NS,991.0136599989359,959.4321840160605,1021.5050700463543,False
2025-11-20,HDFCBANK.NS,992.693963157077,961.7269457634062,1023.5098961255344,False
2025-11-21,HDFCBANK.NS,992.1880638559461,962.6168641015365,1022.9070363204694,False
2025-11-24,HDFCBANK.NS,997.0401328760876,968.0228701051815,1026.7810600563969,False
2025-11-25,HDFCBANK.NS,999.177603466166,967.9378861016256,1031.17813748304,False
2025-11-26,HDFCBANK.NS,1002.0461704395773,969.7489375301194,1032.6625825668752,False
2025-11-27,HDFCBANK.NS,1004.02604252187,974.477411044478,1034.1411562026456,False
2025-11-28,HDFCBANK.NS,1003.6449947074503,974.272123353125,1033.2978937114872,False
2025-12-01,HDFCBANK.NS,1007.875631935618,978.3313576576612,1038.2933382952149,False
2025-12-02,HDFCBANK.NS,1009.5084661578189,978.6763818250772,1043.1070969180307,False
2025-12-03,HDFCBANK.NS,1011.7475603399203,982.1376988935194,1042.0814744112236,False
2025-12-04,HDFCBANK.NS,1012.9901606877859,983.4070336434439,1041.7942739732596,False
2025-12-05,HDFCBANK.NS,1011.7819392698923,980.2829081567437,1044.3544288197374,False
2025-12-08,HDFCBANK.NS,1013.1695370688893,982.2416618223938,1043.2515636377207,False
2025-12-09,HDFCBANK.NS,1013.7888125507849,983.5228168794937,1044.1048509572706,False
2025-12-10,HDFCBANK.NS,1015.0045290824063,983.9632521166727,1046.9140645939283,False
2025-12-11,HDFCBANK.NS,1015.224414655454,985.2722318766117,1046.7792133766222,False
2025-12-12,HDFCBANK.NS,1013.001973150567,981.3648900417797,1043.6959059130938,False
2025-12-15,HDFCBANK.NS,1011.4346649080119,981.5011845456642,1041.0085791532952,False
2025-12-16,HDFCBANK.NS,1011.0971594384658,978.9459805938287,1043.3127375293757,False
2025-12-17,HDFCBANK.NS,1011.3637829561143,980.7230596403903,1043.446924190206,False
2025-12-18,HDFCBANK.NS,1010.6356547601923,976.8366414672179,1040.1969407645092,False
2025-12-19,HDFCBANK.NS,1007.4584899371982,978.010376047662,1037.666687214855,False
2025-12-22,HDFCBANK.NS,1002.903080712124,973.0244355508734,1033.8852263781162,False
2025-12-23,HDFCBANK.NS,1001.502599167604,971.6290431153103,1031.3378815708656,False
2025-12-24,HDFCBANK.NS,1000.6631554651177,970.0825522932225,1029.9996853170517,False
2025-12-26,HDFCBANK.NS,994.4082928130124,964.3580030433728,1023.7134882366911,False
2025-12-29,HDFCBANK.NS,986.0313268901117,955.5581711305525,1015.5846194177697,False
2025-12-30,HDFCBANK.NS,983.3130476491822,952.5530296120055,1013.5784788008777,False
2025-12-31,HDFCBANK.NS,981.1582617871462,949.8142115370596,1009.5785210930202,False
2026-01-01,HDFCBANK.NS,977.9846513230032,949.7853882911493,1007.441240429756,False
2026-01-02,HDFCBANK.NS,972.3597697723086,942.7753045222013,1001.6733956862641,False
2026-01-05,HDFCBANK.NS,960.7404967145515,928.7709783316793,992.2458336551202,False
2026-01-06,HDFCBANK.NS,957.1972965428904,926.4109068512336,987.3348697201917,False
2026-01-07,HDFCBANK.NS,954.3884500677034,923.2655473717813,985.8600659839157,False
2026-01-08,HDFCBANK.NS,950.7554925306714,920.8950491885342,979.9755273517013,False
2026-01-09,HDFCBANK.NS,944.8874169892249,913.5942353691065,975.496396603786,False
2026-01-12,HDFCBANK.NS,933.9976840821203,902.4189814319626,963.7755587484401,False
2026-01-13,HDFCBANK.NS,931.2160466817844,900.77651853393,962.9449071761424,False
2026-01-14,HDFCBANK.NS,929.4310666839376,897.586817552237,959.1529388918539,False
2026-01-15,HDFCBANK.NS,927.0776445462668,900.3753242356634,956.7671269052165,False
2026-01-16,HDFCBANK.NS,922.7322287636592,890.750009710103,953.6096127112178,False
2026-01-19,HDFCBANK.NS,917.6570492738355,886.4523475343597,944.9576307455011,False
2026-01-20,HDFCBANK.NS,917.1316370681985,886.9601650936826,946.1205567096277,False
2026-01-21,HDFCBANK.NS,917.7015789490738,890.1875679622792,946.0443981661662,False
2026-01-22,HDFCBANK.NS,917.7601062675978,888.4125097713355,947.5272042730141,False
2026-01-23,HDFCBANK.NS,915.8395554846899,885.7019617663806,948.5842499324244,False
2026-01-27,HDFCBANK.NS,919.1565438884654,890.6121148856524,949.849302633144,False
2026-01-28,HDFCBANK.NS,921.5403995937247,890.6027969089163,951.3484142425236,False
2026-01-29,HDFCBANK.NS,923.167681770095,893.9598964476825,953.740001306384,False
2026-01-30,HDFCBANK.NS,922.538536990418,890.6508508097011,954.2894409731657,False
2026-02-02,HDFCBANK.NS,926.3341148219713,897.2114395355757,957.365687480649,False
2026-02-03,HDFCBANK.NS,927.8111115286235,897.2585475654483,956.4178687093705,False
2026-02-04,HDFCBANK.NS,929.8312961191809,901.700847436013,958.9019546588133,False
2026-02-05,HDFCBANK.NS,930.7589725187239,903.4973508077444,963.3662137173977,False
2026-02-06,HDFCBANK.NS,929.1093712993468,899.4825377280088,959.84234599476,False
2026-02-09,HDFCBANK.NS,928.1665679690651,897.265324334124,958.4773626351626,False
2026-02-10,HDFCBANK.NS,927.6156756557492,898.7592291183987,953.7466677426229,False
2026-02-11,HDFCBANK.NS,927.450056601422,896.7237167613011,958.1901389590371,False
2026-02-12,HDFCBANK.NS,926.0783326531122,895.136656815262,956.7586270802734,False
2026-02-13,HDFCBANK.NS,922.0615536008186,890.2724767234013,950.7109294996809,False
2026-02-16,HDFCBANK.NS,914.0673291166468,884.2708180555968,944.3265947288382,False
2026-02-17,HDFCBANK.NS,911.3266475612076,882.555969523666,943.771133485033,False
2026-02-18,HDFCBANK.NS,909.1157977202911,877.1230225173689,939.2996566082925,False
2026-02-19,HDFCBANK.NS,905.8753499228062,872.7427094450939,937.2537597321679,False
2026-02-20,HDFCBANK.NS,900.1928732576781,871.0985097508388,931.3772714495932,False
2026-02-23,HDFCBANK.NS,888.593348408664,857.4887871976193,918.3878615002271,False
2026-02-24,HDFCBANK.NS,885.1404718526996,857.2829920337193,915.746421562379,False
2026-02-25,HDFCBANK.NS,882.4589142911558,852.2172506003438,912.4048350131977,False
2026-02-26,HDFCBANK.NS,878.9781049939082,849.4672732372296,908.4398251122826,False
2026-02-27,HDFCBANK.NS,873.2690242504308,840.5343210819552,904.2283840763405,False
2026-03-02,HDFCBANK.NS,862.6396905178559,832.5451409001525,894.4871938761327,False
2026-03-04,HDFCBANK.NS,857.7414273262252,830.0327253601996,887.0853227936431,False
2026-03-05,HDFCBANK.NS,854.9621925933625,823.9599345342691,884.5134497606416,False
2026-03-06,HDFCBANK.NS,849.9693128347456,817.4220977483886,879.7538334443616,False
2026-03-09,HDFCBANK.NS,841.3062817107576,808.4365352883725,871.7390488038956,False
2026-03-10,HDFCBANK.NS,838.9553065695475,808.5452548056779,868.461086520845,False
2026-03-11,HDFCBANK.NS,837.3605136838363,804.5540302501747,868.8805656883701,False
2026-03-12,HDFCBANK.NS,834.9123081946244,806.8638810364183,867.6551399219713,False
2026-03-13,HDFCBANK.NS,830.1490774976443,798.9675695619758,859.7906904273525,False
2026-03-16,HDFCBANK.NS,821.6261300751012,791.9408891718997,851.8858814666429,False
2026-03-17,HDFCBANK.NS,819.1834016100386,789.378124581453,849.1575237177649,False
2026-03-18,HDFCBANK.NS,817.4604701280925,787.3991288530749,846.877086926246,False
2026-03-19,HDFCBANK.NS,814.8723364338825,784.2746289983792,843.17060498699,False
2026-03-20,HDFCBANK.NS,809.9840567723967,778.8533351800178,840.438027811154,False
2026-03-23,HDFCBANK.NS,801.4525924600231,773.0383206254197,832.4143363176806,False
2026-03-24,HDFCBANK.NS,799.2181731163074,769.4724553485007,830.1770952034105,False
2026-03-25,HDFCBANK.NS,797.8483617165024,765.991941207263,827.9197463366118,False
2026-03-27,HDFCBANK.NS,791.5819709753196,758.9504077989725,822.9606553107291,False
2026-03-30,HDFCBANK.NS,786.2543784101741,756.3570402398674,815.5137884524363,False
2026-04-01,HDFCBANK.NS,785.6786087460388,754.7467646438079,816.0887082444634,False
2026-04-02,HDFCBANK.NS,785.3443858284406,755.1639157007737,814.3370712638628,False
2026-04-06,HDFCBANK.NS,783.6020250404467,753.6992048756856,816.8221201163805,False
2026-04-07,HDFCBANK.NS,784.7719352724795,755.141246185351,816.4484102686948,False
2026-04-08,HDFCBANK.NS,786.8990535310294,756.2325707248361,815.7570343129823,False
2026-04-09,HDFCBANK.NS,788.354643363706,758.5736458018082,819.2257728398404,False
2026-04-10,HDFCBANK.NS,787.6512684392925,757.0291049144109,817.5946379387685,False
2026-04-13,HDFCBANK.NS,791.8898740818181,762.4428583125399,820.9892587577863,False
2026-04-15,HDFCBANK.NS,796.2647224327466,767.745560495183,824.6594782353351,False
2026-04-16,HDFCBANK.NS,797.7984701057634,768.714607159441,828.6030825560803,False
2026-04-17,HDFCBANK.NS,796.8567716901342,767.994173229847,825.4628985759691,False
2026-04-20,HDFCBANK.NS,798.5397623801878,768.2414475646515,827.4531032034989,False
2026-04-21,HDFCBANK.NS,798.9882474528293,767.3660813315797,828.4755442749824,False
2026-04-22,HDFCBANK.NS,799.8606918070155,769.1246193660922,831.0292758341577,False
2026-04-23,HDFCBANK.NS,799.5517370787946,767.1630255218628,830.6875761379998,False
2026-04-24,HDFCBANK.NS,796.6092040309422,765.5596780922341,827.8415292982821,False
2026-04-27,HDFCBANK.NS,791.7954830383827,760.2499865226562,820.2177317271871,False
2026-04-28,HDFCBANK.NS,790.073775358675,759.6390376463754,818.156124568728,False
2026-04-29,HDFCBANK.NS,788.8538244814204,759.146741147068,816.9991450031501,False
2026-04-30,HDFCBANK.NS,786.5758170574323,755.5410185875468,817.3195579772864,False
2026-05-01,HDFCBANK.NS,781.8298147842362,750.3264241500092,809.8603757666046,False
2026-05-04,HDFCBANK.NS,772.9508740837638,744.1119014060754,802.9447111183244,False
2026-05-05,HDFCBANK.NS,770.4103551159628,738.726781004371,803.6747513593746,False
2026-05-06,HDFCBANK.NS,768.666847594315,739.0805742604161,800.2166456906045,False
2026-05-07,HDFCBANK.NS,766.1659695098613,736.1197133483232,794.4691180304271,True
2026-05-08,HDFCBANK.NS,761.4958503257473,730.890379690402,790.9584601979207,True
2026-05-09,HDFCBANK.NS,754.2120382251454,726.1906451666133,783.0848779732588,True
2026-05-10,HDFCBANK.NS,730.6784478636229,699.147529685444,760.5268037698721,True
2026-05-11,HDFCBANK.NS,754.5122861039704,723.8545162151528,785.8742244986641,True
2026-05-12,HDFCBANK.NS,753.0861335455456,724.0986746397205,782.3559681116216,True
2026-05-13,HDFCBANK.NS,752.6482423877427,723.1063504540598,782.8417215458678,True
2026-05-14,HDFCBANK.NS,751.6080809506941,721.6084085181433,783.763590425978,True
2026-05-15,HDFCBANK.NS,748.5150071071184,719.6411720020328,778.8767805577228,True
2026-05-16,HDFCBANK.NS,742.8843113175358,712.9203122730905,774.8259280632593,True
2026-05-17,HDFCBANK.NS,721.0393259824586,690.1077826514938,750.7326105724242,True
2026-05-18,HDFCBANK.NS,746.5575046512392,715.536029027718,777.8289240046158,True
2026-05-19,HDFCBANK.NS,746.7736153309535,716.7086795431635,776.4818739988979,True
2026-05-20,HDFCBANK.NS,747.901076224346,715.285870770884,779.5840102464365,True
2026-05-21,HDFCBANK.NS,748.3184343060614,717.8756248839902,780.2923023312362,True
2026-05-22,HDFCBANK.NS,746.5488422572307,712.8325006828437,776.9776723237777,True
2026-05-23,HDFCBANK.NS,742.0867516770963,712.8791342664251,770.6931305878898,True
2026-05-24,HDFCBANK.NS,721.2405011364565,688.9581693925345,753.1832464880835,True
2026-05-25,HDFCBANK.NS,747.5786896252764,716.4423234134458,779.2286700022086,True
2026-05-26,HDFCBANK.NS,748.4334721811032,717.4378679781789,778.8944372322371,True
2026-05-27,HDFCBANK.NS,750.0218043236562,718.444472710437,781.5023248158128,True
2026-05-28,HDFCBANK.NS,750.731639791419,718.1226050771756,782.6556987133572,True
2026-05-29,HDFCBANK.NS,749.1009468578854,717.9621461149492,781.3940471528506,True
2026-05-30,HDFCBANK.NS,744.6437762704875,713.4571339173777,774.2095411086588,True
2026-05-31,HDFCBANK.NS,723.6920794248487,691.7590989775974,755.3598750744773,True
2026-06-01,HDFCBANK.NS,749.8411916874154,718.8985803406013,782.4352720395794,True
2026-06-02,HDFCBANK.NS,750.4521456087132,720.2863127367912,783.6906032812412,True
2026-06-03,HDFCBANK.NS,751.771871356141,719.6505284606728,786.7566254892611,True
2026-06-04,HDFCBANK.NS,752.2183214101699,720.8329234032607,784.8141527322373,True
2026-06-05,HDFCBANK.NS,750.3584182027355,717.2758382695162,784.9966897337933,True
2024-05-06,INFY.NS,1255.0179721017257,1164.611043091406,1350.8265305624398,False
2024-05-07,INFY.NS,1265.3796703690705,1172.3255449633905,1357.444678481947,False
2024-05-08,INFY.NS,1279.0701300962503,1193.915157394826,1367.9476170918942,False
2024-05-09,INFY.NS,1288.8592832424745,1203.3396048445934,1378.1446599211758,False
2024-05-10,INFY.NS,1294.9548151373833,1207.1635813224702,1389.134335113189,False
2024-05-13,INFY.NS,1319.765726758844,1235.6235498894073,1407.5075881335401,False
2024-05-14,INFY.NS,1327.2907409096522,1241.0703729641243,1412.5157407270622,False
2024-05-15,INFY.NS,1337.7408209901325,1247.3528944664174,1426.6185245752247,False
2024-05-16,INFY.NS,1343.9699613511475,1258.830119674692,1432.3033211401748,False
2024-05-17,INFY.NS,1346.2757977786302,1250.849145223932,1435.6150477789367,False
2024-05-21,INFY.NS,1363.02923142415,1280.215294584107,1452.569248467063,False
2024-05-22,INFY.NS,1369.9311402241506,1279.7011319376543,1464.8438274974576,False
2024-05-23,INFY.NS,1372.9137209519236,1279.4828165895544,1463.4686811316292,False
2024-05-24,INFY.NS,1372.340861974758,1284.233494658111,1459.2475142062121,False
2024-05-27,INFY.NS,1379.4004602367472,1294.0685400763043,1464.487638248996,False
2024-05-28,INFY.NS,1382.1652037611716,1297.2626094809164,1464.7888067890706,False
2024-05-29,INFY.NS,1388.5916571556322,1300.8449314110967,1478.601557539758,False
2024-05-30,INFY.NS,1392.0214144780812,1307.1957262913204,1474.497345833002,False
2024-05-31,INFY.NS,1392.3692803269273,1306.870922626371,1484.0015215424298,False
2024-06-03,INFY.NS,1404.6097902880338,1311.3491011524172,1494.9400182199145,False
2024-06-04,INFY.NS,1409.7207961352876,1326.3522568152437,1496.7749782261856,False
2024-06-05,INFY.NS,1418.693071515963,1335.1692078129906,1505.5533428982394,False
2024-06-06,INFY.NS,1424.372646830682,1331.2461147597016,1513.6730447232865,False
2024-06-07,INFY.NS,1427.0257748909114,1339.0800657859838,1523.120434962081,False
2024-06-10,INFY.NS,1445.8246525254638,1359.5756724029948,1533.4662593687028,False
2024-06-11,INFY.NS,1452.7978968998807,1361.7966688715057,1541.7650604181374,False
2024-06-12,INFY.NS,1463.3868067690505,1379.9049079216522,1551.226349653222,False
2024-06-13,INFY.NS,1470.4013684783677,1382.3975347605453,1562.1975230326814,False
2024-06-14,INFY.NS,1474.0826040810057,1383.4615965477828,1557.2211915446176,False
2024-06-18,INFY.NS,1500.7913574627262,1410.9597734038036,1581.9588545625782,False
2024-06-19,INFY.NS,1510.8902649983222,1422.6842113143898,1605.6591793373514,False
2024-06-20,INFY.NS,1517.1876105646365,1424.9259820544878,1608.077535172586,False
2024-06-21,INFY.NS,1519.9695447508395,1439.662607313388,1615.0168843079462,False
2024-06-24,INFY.NS,1537.4708813119157,1443.6538429628627,1621.0836555630126,False
2024-06-25,INFY.NS,1543.3923440569706,1451.530475852481,1630.2375364522452,False
2024-06-26,INFY.NS,1552.7498785419145,1465.2472540217268,1635.2262834422145,False
2024-06-27,INFY.NS,1558.4395673258346,1470.6225595744868,1649.335542682558,False
2024-06-28,INFY.NS,1560.789386247439,1468.9552102984765,1645.0662739054103,False
2024-07-01,INFY.NS,1577.5299620674996,1493.4321135520988,1668.520745103937,False
2024-07-02,INFY.NS,1583.694560808739,1497.2547313756102,1667.7365401150932,False
2024-07-03,INFY.NS,1593.5403059647006,1503.0837749568216,1685.676941120224,False
2024-07-04,INFY.NS,1599.9444801170575,1510.5740556345836,1685.7349288330429,False
2024-07-05,INFY.NS,1603.2054284115331,1514.5140253004645,1691.5529979506903,False
2024-07-08,INFY.NS,1623.4190438946935,1534.8403656995486,1715.2680695282124,False
2024-07-09,INFY.NS,1630.8024216917167,1544.3454262333785,1714.9012440955837,False
2024-07-10,INFY.NS,1641.7913481575586,1545.730766187472,1729.965692092377,False
2024-07-11,INFY.NS,1649.1955342655137,1561.5714613413845,1737.4696019717637,False
2024-07-12,INFY.NS,1653.246211348869,1560.7228911047157,1741.0742709916929,False
2024-07-15,INFY.NS,1673.950166267304,1587.5781508140813,1762.117968554848,False
2024-07-16,INFY.NS,1680.6980783660133,1586.6836708808328,1765.8800701618384,False
2024-07-18,INFY.NS,1696.4127977631229,1604.929285494514,1784.2335934268526,False
2024-07-19,INFY.NS,1698.393370977664,1608.0282726578769,1787.1891081097879,False
2024-07-22,INFY.NS,1710.0947099452837,1624.1413823533603,1791.9478022451317,False
2024-07-23,INFY.NS,1713.031273460801,1631.3534255688237,1793.5450659069502,False
2024-07-24,INFY.NS,1718.8001808396968,1627.6394655185275,1806.5045564378977,False
2024-07-25,INFY.NS,1720.2659173703848,1631.3824132352825,1809.993655646632,False
2024-07-26,INFY.NS,1717.7379806230258,1630.0178375516814,1804.04980066665,False
2024-07-29,INFY.NS,1715.969412460828,1628.3510744530993,1809.6104010711297,False
2024-07-30,INFY.NS,1714.7732299914076,1623.6428121379367,1797.1272294433525,False
2024-07-31,INFY.NS,1716.7576137759954,1627.5101901781698,1802.076307418187,False
2024-08-01,INFY.NS,1714.8832621366582,1623.1838895335443,1807.5931149086982,False
2024-08-02,INFY.NS,1709.5484252397364,1626.1070273597106,1798.9343583551329,False
2024-08-05,INFY.NS,1703.282624139514,1614.555620569823,1797.3178022262596,False
2024-08-06,INFY.NS,1702.0675287248357,1610.761149506014,1791.2942996028805,False
2024-08-07,INFY.NS,1704.206394372116,1616.30592263884,1795.7442831014264,False
2024-08-08,INFY.NS,1703.2733491419967,1612.8617405693462,1798.472385486038,False
2024-08-09,INFY.NS,1699.6491037018798,1615.3384684226496,1789.1688313046193,False
2024-08-12,INFY.NS,1702.683962381573,1614.8175760663846,1793.8888315430295,False
2024-08-13,INFY.NS,1705.7255460992799,1613.7733837453695,1804.8697106641498,False
2024-08-14,INFY.NS,1713.1583498956877,1626.1145304717536,1804.524898732867,False
2024-08-16,INFY.NS,1720.0148738340051,1639.7891310049492,1815.1793171272038,False
2024-08-19,INFY.NS,1740.3928987723173,1643.5868174888933,1832.4177541618092,False
2024-08-20,INFY.NS,1748.77394738943,1662.6574470343548,1841.6572182712139,False
2024-08-21,INFY.NS,1761.1270039319904,1681.0856078380716,1853.7767783732131,False
2024-08-22,INFY.NS,1770.1970988538728,1683.677877557027,1866.8086495064256,False
2024-08-23,INFY.NS,1776.1519906292524,1691.1585143138552,1867.2703325386892,False
2024-08-26,INFY.NS,1803.4122702432114,1716.9609959500592,1895.2037621062275,False
2024-08-27,INFY.NS,1812.4560285136117,1721.1438118829376,1901.761840139429,False
2024-08-28,INFY.NS,1824.6281423420705,1742.4086914842076,1914.795252727758,False
2024-08-29,INFY.NS,1832.686457865325,1740.3036838230516,1925.9903435081894,False
2024-08-30,INFY.NS,1834.6304855323285,1747.4147729038696,1919.1890572790664,False
2024-09-02,INFY.NS,1845.6585939287597,1759.8905396250411,1934.081598800275,False
2024-09-03,INFY.NS,1848.1675182367692,1755.244890196172,1937.9366790179363,False
2024-09-04,INFY.NS,1853.4122733278639,1772.6794087430198,1941.554751992225,False
2024-09-05,INFY.NS,1854.265997074397,1771.6202519960386,1945.1283131495054,False
2024-09-06,INFY.NS,1851.0489874542911,1762.1001557998488,1939.3307078803196,False
2024-09-09,INFY.NS,1846.866063568366,1761.9628500485785,1936.6530736009775,False
2024-09-10,INFY.NS,1844.78215737808,1767.4810597879512,1934.7567174948094,False
2024-09-11,INFY.NS,1845.8472926971026,1755.6172667042852,1940.8825340655542,False
2024-09-12,INFY.NS,1843.0224649101012,1753.0350339533481,1929.4455674837686,False
2024-09-13,INFY.NS,1836.7015615331422,1749.692870293402,1922.2711703291272,False
2024-09-16,INFY.NS,1827.144576752126,1741.2588797022665,1909.4356690420416,False
2024-09-17,INFY.NS,1824.656479084916,1727.2405384652059,1907.6976341584698,False
2024-09-18,INFY.NS,1826.0029708406264,1738.457966228573,1918.8852267357374,False
2024-09-19,INFY.NS,1824.1137407364395,1741.523796548313,1912.512923207825,False
2024-09-20,INFY.NS,1819.335057883578,1729.819635034848,1909.227731517028,False
2024-09-23,INFY.NS,1813.0986517624292,1733.2947627485235,1902.7531730587448,False
2024-09-24,INFY.NS,1812.4179839838682,1722.499605196998,1905.311859495373,False
2024-09-25,INFY.NS,1815.7611800832542,1722.3194159496966,1904.3198031660568,False
2024-09-26,INFY.NS,1815.9555408420258,1720.8626945877095,1906.9232999149533,False
2024-09-27,INFY.NS,1813.2449942293247,1721.9563855533302,1900.9214404970608,False
2024-09-30,INFY.NS,1816.414257338393,1728.733342003087,1901.5644165369133,False
2024-10-01,INFY.NS,1818.2308961718047,1723.2982873213798,1903.2405573373053,False
2024-10-03,INFY.NS,1825.4060373165814,1736.017823828368,1917.3447163885828,False
2024-10-04,INFY.NS,1823.7492558267995,1738.4636091424054,1908.7698616488535,False
2024-10-07,INFY.NS,1826.8206205895199,1731.7635729570259,1921.3014203610148,False
2024-10-08,INFY.NS,1827.5531508840136,1739.9487831735642,1916.1948296969188,False
2024-10-09,INFY.NS,1831.4024770986252,1740.3564085903795,1917.7137320745373,False
2024-10-10,INFY.NS,1831.1975257428062,1739.8839180037035,1919.2317811552323,False
2024-10-11,INFY.NS,1827.2094816879812,1728.9559534326545,1910.230718641184,False
2024-10-14,INFY.NS,1821.9040884648691,1735.4742829231998,1907.6534249813787,False
2024-10-15,INFY.NS,1819.659832298239,1731.1912718961644,1907.4009971619162,False
2024-10-16,INFY.NS,1820.5825673674617,1733.3705178635998,1909.3479514847832,False
2024-10-17,INFY.NS,1817.5842440763734,1729.3727235350027,1904.2035292725304,False
2024-10-18,INFY.NS,1811.01425621725,1723.077495566259,1903.7592448113533,False
2024-10-21,INFY.NS,1799.8999942498374,1712.9238900273035,1889.3611888110904,False
2024-10-22,INFY.NS,1796.5386097949313,1706.9720067364262,1890.1368417635795,False
2024-10-23,INFY.NS,1796.8116691940138,1711.370314427779,1887.9421489161932,False
2024-10-24,INFY.NS,1793.6469542123414,1703.0821840528488,1881.565076648645,False
2024-10-25,INFY.NS,1787.3967438074783,1699.0810057245178,1878.2198072278422,False
2024-10-28,INFY.NS,1780.0010990542414,1695.6138339938484,1870.7918277502167,False
2024-10-29,INFY.NS,1778.6899743567672,1698.8247961587706,1862.536811581736,False
2024-10-30,INFY.NS,1781.340174166265,1695.719599769753,1872.7750248147784,False
2024-10-31,INFY.NS,1780.8212755191826,1689.5965430037584,1873.7773714872724,False
2024-11-01,INFY.NS,1777.4224571297873,1690.9835971404966,1867.5739421522287,False
2024-11-04,INFY.NS,1779.1510737701626,1683.9855610000284,1867.7937680443727,False
2024-11-05,INFY.NS,1780.8531931764558,1695.0304927799712,1871.6440809484752,False
2024-11-06,INFY.NS,1786.4014183677618,1696.3307284308853,1873.669948976333,False
2024-11-07,INFY.NS,1788.612945417917,1699.5917137649806,1882.4732467065082,False
2024-11-08,INFY.NS,1787.7320436175528,1695.7477790951255,1875.4224576823074,False
2024-11-11,INFY.NS,1795.4227374922054,1701.1709367677704,1888.1795448984474,False
2024-11-12,INFY.NS,1798.524156217919,1709.853898967319,1892.4279526128416,False
2024-11-13,INFY.NS,1805.1733973448704,1725.3450685908285,1895.8211292003527,False
2024-11-14,INFY.NS,1808.1992085528636,1716.608548534313,1900.5606904981369,False
2024-11-18,INFY.NS,1815.9032732271273,1729.9553054845662,1908.4281275723827,False
2024-11-19,INFY.NS,1818.8148180279345,1725.0721347184292,1902.74257917608,False
2024-11-21,INFY.NS,1827.9068102332606,1739.0549136473242,1913.3404593542698,False
2024-11-22,INFY.NS,1827.265182486627,1746.28528293119,1915.756352227348,False
2024-11-25,INFY.NS,1834.7542883976832,1745.2115566769535,1922.54823256402,False
2024-11-26,INFY.NS,1837.701301167564,1750.883258196325,1925.4401947376803,False
2024-11-27,INFY.NS,1844.2521657861887,1757.9557986067775,1935.0289355349505,False
2024-11-28,INFY.NS,1847.284607581945,1761.5172209697016,1938.0437088753856,False
2024-11-29,INFY.NS,1847.102007830519,1759.443719751434,1939.071854434338,False
2024-12-02,INFY.NS,1856.6710448776091,1767.1633162018957,1945.0879056357378,False
2024-12-03,INFY.NS,1860.4613972274312,1772.2785370370761,1949.30191193542,False
2024-12-04,INFY.NS,1867.8728854167582,1776.7741633150615,1963.4726433402182,False
2024-12-05,INFY.NS,1871.7421668265704,1782.0165344358336,1958.3309814283984,False
2024-12-06,INFY.NS,1872.3291027134694,1788.1142156407818,1957.164494902131,False
2024-12-09,INFY.NS,1883.3634512706071,1800.393710757023,1972.7267494775954,False
2024-12-10,INFY.NS,1887.223697578428,1801.383902338299,1974.6319002257069,False
2024-12-11,INFY.NS,1894.4377078124996,1810.8639831721666,1982.12050991587,False
2024-12-12,INFY.NS,1897.816032278203,1806.9325526854905,1985.7433448610907,False
2024-12-13,INFY.NS,1897.599968247401,1803.0176277006801,1988.9397418757835,False
2024-12-16,INFY.NS,1904.2966893870582,1818.1037789278844,1989.7995649415468,False
2024-12-17,INFY.NS,1906.09537035964,1815.9518477872014,1995.7557497969951,False
2024-12-18,INFY.NS,1910.9766638858143,1823.032837434836,2001.4363014628036,False
2024-12-19,INFY.NS,1911.7862522546864,1824.8260937235348,2005.1409709541313,False
2024-12-20,INFY.NS,1908.8082897982877,1818.3203762120343,1995.8341289408152,False
2024-12-23,INFY.NS,1906.5808223149347,1819.6962328745453,1994.6956598641157,False
2024-12-24,INFY.NS,1905.3883274752634,1817.001135388965,1991.209729234834,False
2024-12-26,INFY.NS,1905.4353506909792,1822.4936164624323,1997.3595757958346,False
2024-12-27,INFY.NS,1899.9227036279278,1814.5607738893111,1986.0518809533112,False
2024-12-30,INFY.NS,1891.8525864692174,1805.5106763075344,1978.2510003400416,False
2024-12-31,INFY.NS,1889.4271357340845,1801.9036613098756,1978.1164138450551,False
2025-01-01,INFY.NS,1890.57778328972,1808.5975741843413,1977.4698570829923,False
2025-01-02,INFY.NS,1888.2209068942739,1793.8286404378603,1967.7491409603178,False
2025-01-03,INFY.NS,1882.6975665674681,1794.135725145894,1962.79759195248,False
2025-01-06,INFY.NS,1876.887947144673,1781.449351300579,1964.2617183055454,False
2025-01-07,INFY.NS,1875.871782145205,1788.58423919288,1965.1564685930425,False
2025-01-08,INFY.NS,1878.6822264977347,1788.7635314634304,1968.7461255785227,False
2025-01-09,INFY.NS,1878.1776815401045,1787.3526709020016,1964.7618204760868,False
2025-01-10,INFY.NS,1874.635521832774,1784.4152046687843,1966.7850150416484,False
2025-01-13,INFY.NS,1874.8554650338044,1789.0933991512052,1962.323275787798,False
2025-01-14,INFY.NS,1875.6446676314538,1790.3569655354943,1961.696696161346,False
2025-01-15,INFY.NS,1880.0459856120333,1794.9955306866832,1970.253906873261,False
2025-01-16,INFY.NS,1880.8585495313343,1789.6143695983083,1975.7703331241948,False
2025-01-17,INFY.NS,1878.3033959695358,1791.6251110702533,1968.1218553775577,False
2025-01-20,INFY.NS,1879.083001137155,1790.3374384379113,1967.7191831528478,False
2025-01-21,INFY.NS,1879.1667672560488,1788.6372547877766,1964.2720506079434,False
2025-01-22,INFY.NS,1882.3975166456983,1787.994863312922,1974.8575472913712,False
2025-01-23,INFY.NS,1881.5776619142941,1787.644890150145,1968.8588275750192,False
2025-01-24,INFY.NS,1876.945905154512,1778.777172710714,1960.9378188454264,False
2025-01-27,INFY.NS,1869.1394289213526,1780.3653311142366,1958.8767594882556,False
2025-01-28,INFY.NS,1865.7220404288487,1778.366699816462,1952.4729308026733,False
2025-01-29,INFY.NS,1865.2225841886952,1771.2145163417722,1954.2600166916047,False
2025-01-30,INFY.NS,1860.5051455928078,1773.9423563089977,1950.8105980295024,False
2025-01-31,INFY.NS,1851.872766664966,1762.2067018568064,1948.697502726571,False
2025-02-01,INFY.NS,1798.4327075784438,1714.1071164568518,1888.691154058955,False
2025-02-03,INFY.NS,1832.0946617258883,1739.0147540265161,1916.7036827708603,False
2025-02-04,INFY.NS,1824.9033648234542,1733.1201839765672,1917.4500152382188,False
2025-02-05,INFY.NS,1820.831600338267,1734.0417623633523,1904.8984094691723,False
2025-02-06,INFY.NS,1812.7907279689994,1727.4742006317106,1903.2168602484364,False
2025-02-07,INFY.NS,1801.1238297292957,1711.444471740248,1889.502473820577,False
2025-02-10,INFY.NS,1774.2541474093096,1685.7117716720995,1861.9929291168814,False
2025-02-11,INFY.NS,1765.4197647080077,1676.6073614519685,1854.3215075221763,False
2025-02-12,INFY.NS,1760.0691607003948,1670.517582965625,1850.2470748159847,False
2025-02-13,INFY.NS,1751.1040835944862,1661.768719548264,1841.9894839968308,False
2025-02-14,INFY.NS,1738.851000818151,1651.9367244581792,1832.5754554988532,False
2025-02-17,INFY.NS,1712.000311281769,1627.549793240767,1803.4403779617194,False
2025-02-18,INFY.NS,1703.661170563527,1613.6445387383244,1795.5811406347477,False
2025-02-19,INFY.NS,1698.9928054054778,1601.9992030716023,1788.5248251546675,False
2025-02-20,INFY.NS,1690.8617819589056,1603.6836398246583,1774.493744672869,False
2025-02-21,INFY.NS,1679.5606409165487,1594.3293076632162,1771.4800757966402,False
2025-02-24,INFY.NS,1655.9751517546879,1562.30872129554,1747.4262840650454,False
2025-02-25,INFY.NS,1648.781402764812,1569.4785572111166,1737.8143342026783,False
2025-02-27,INFY.NS,1638.266778548214,1554.2974980022477,1727.940114012199,False
2025-02-28,INFY.NS,1628.0931886607,1546.633716505276,1718.7846301374996,False
2025-03-03,INFY.NS,1606.4081184186912,1518.2533797017356,1698.6731250615148,False
2025-03-04,INFY.NS,1599.8745473209735,1512.157894983222,1686.4320144589126,False
2025-03-05,INFY.NS,1597.0508107909832,1510.26782164585,1681.855516849275,False
2025-03-06,INFY.NS,1590.8122521588452,1503.9923381213023,1683.7817549391937,False
2025-03-07,INFY.NS,1581.465709789379,1497.3625631415682,1671.3127713722376,False
2025-03-10,INFY.NS,1564.3126467964983,1474.5945344861077,1652.6718536972573,False
2025-03-11,INFY.NS,1559.5240910284072,1463.199858834161,1650.5549832998413,False
2025-03-12,INFY.NS,1558.570555248853,1474.961096740976,1641.8609448709433,False
2025-03-13,INFY.NS,1554.3244193312862,1463.8203438902244,1635.1183237029668,False
2025-03-17,INFY.NS,1536.7502702893596,1453.836377053311,1630.4517552309549,False
2025-03-18,INFY.NS,1534.314167124012,1443.0999778280818,1629.2634402732922,False
2025-03-19,INFY.NS,1535.6960633630424,1445.9085820473458,1613.596895266134,False
2025-03-20,INFY.NS,1533.7284811442964,1445.416267416974,1622.767742371315,False
2025-03-21,INFY.NS,1528.6671476355202,1433.2528235611414,1617.9414543897433,False
2025-03-24,INFY.NS,1523.8443734978814,1443.0994632991872,1612.5217945817235,False
2025-03-25,INFY.NS,1522.7652211219483,1433.1387871793984,1613.0355213979965,False
2025-03-26,INFY.NS,1525.2037600689898,1438.625744168986,1610.8460170610158,False
2025-03-27,INFY.NS,1523.9642686519987,1436.1791950282359,1615.629383193072,False
2025-03-28,INFY.NS,1519.2813132954627,1431.6745595734988,1604.4897856786843,False
2025-04-01,INFY.NS,1511.2742601467908,1418.7029021716069,1605.5388062167065,False
2025-04-02,INFY.NS,1512.3355119987716,1419.2214339565862,1599.1161466715193,False
2025-04-03,INFY.NS,1509.434599383754,1414.999973610423,1592.8567643567078,False
2025-04-04,INFY.NS,1502.8510051679239,1413.993391219031,1589.8619190636123,False
2025-04-07,INFY.NS,1490.4137275325177,1403.8048009017466,1577.7032949397458,False
2025-04-08,INFY.NS,1486.021352334302,1402.4316029447841,1574.0192310164014,False
2025-04-09,INFY.NS,1484.914823376381,1393.9105775820435,1570.2892036655244,False
2025-04-11,INFY.NS,1471.6580199835719,1376.5734943865662,1558.3823390060513,False
2025-04-15,INFY.NS,1451.463554239733,1358.4424530328774,1536.1569659641216,False
2025-04-16,INFY.NS,1450.7123152293332,1363.3525043648167,1537.9632990241669,False
2025-04-17,INFY.NS,1446.7140572174094,1355.6743848403114,1534.704637319577,False
2025-04-21,INFY.NS,1431.9922879052274,1333.7313771700356,1516.597011778624,False
2025-04-22,INFY.NS,1431.0642885715345,1346.4434459980998,1529.0028684958154,False
2025-04-23,INFY.NS,1434.3889175925403,1346.1547544904531,1522.6208171343724,False
2025-04-24,INFY.NS,1434.8462274936342,1342.620712863896,1524.1582102260843,False
2025-04-25,INFY.NS,1432.7317186945388,1343.7449974428716,1523.2392284099633,False
2025-04-28,INFY.NS,1440.1459207049338,1347.3569558369963,1525.6081670247613,False
2025-04-29,INFY.NS,1444.317825432413,1358.3956526545458,1534.4648895634252,False
2025-04-30,INFY.NS,1452.5878972167782,1357.7639704522578,1543.4455700482306,False
2025-05-02,INFY.NS,1459.983982556145,1376.5564026618258,1548.1691058668864,False
2025-05-05,INFY.NS,1477.6474066960068,1395.9812975804728,1570.3316074486738,False
2025-05-06,INFY.NS,1484.08494591955,1398.1566790004433,1572.473704525231,False
2025-05-07,INFY.NS,1493.9716808694473,1407.2583295406002,1574.1958248406381,False
2025-05-08,INFY.NS,1500.0701637488305,1408.9651839798105,1581.5863573998424,False
2025-05-09,INFY.NS,1502.5781846816633,1405.5599727315625,1591.3729451963006,False
2025-05-12,INFY.NS,1517.1147271808968,1423.3443210745104,1609.3452925647796,False
2025-05-13,INFY.NS,1521.3259206739017,1428.6399022101134,1615.2700018642506,False
2025-05-14,INFY.NS,1528.4891293014177,1438.5674258968745,1621.2982917728925,False
2025-05-15,INFY.NS,1531.440554896017,1444.9847141125522,1621.1728988680566,False
2025-05-16,INFY.NS,1530.4602295008576,1442.289660812107,1621.9034698024147,False
2025-05-19,INFY.NS,1533.3892901741556,1442.3923820768566,1626.059011646606,False
2025-05-20,INFY.NS,1533.6634395637304,1443.6632287177395,1629.5933299650644,False
2025-05-21,INFY.NS,1537.0093099999451,1452.605181967074,1622.705359690999,False
2025-05-22,INFY.NS,1536.348693776203,1446.8927517843495,1624.8268267936148,False
2025-05-23,INFY.NS,1532.0397852247258,1441.9181896188356,1618.063032086125,False
2025-05-26,INFY.NS,1527.3163507563352,1438.6519696212206,1619.3623616876523,False
2025-05-27,INFY.NS,1525.9687550679498,1438.9569838648567,1623.3645144106554,False
2025-05-28,INFY.NS,1528.2000490949488,1435.3731632484503,1619.0620503352911,False
2025-05-29,INFY.NS,1526.9368460937023,1434.6911868198342,1614.316569157523,False
2025-05-30,INFY.NS,1522.528428223265,1432.5999515471963,1605.8790398881115,False
2025-06-02,INFY.NS,1520.244549208325,1436.3038126914685,1613.9377192039408,False
2025-06-03,INFY.NS,1520.4737200440402,1436.288336117976,1611.291842349869,False
2025-06-04,INFY.NS,1524.5666096496218,1438.7361056151703,1609.1244502178124,False
2025-06-05,INFY.NS,1525.3821154914654,1440.1784888854525,1609.6337071718071,False
2025-06-06,INFY.NS,1522.4007962250291,1432.6693538720965,1615.4952591267736,False
2025-06-09,INFY.NS,1524.5560862073535,1435.6665497793608,1616.2215738744112,False
2025-06-10,INFY.NS,1526.0912340930543,1433.975692131543,1613.5620865971728,False
2025-06-11,INFY.NS,1531.3033909231083,1440.1148106836042,1616.0716859040263,False
2025-06-12,INFY.NS,1533.0031652488087,1446.0708127002588,1619.8907290093505,False
2025-06-13,INFY.NS,1531.430043916654,1444.3808037808774,1616.7778263200569,False
2025-06-16,INFY.NS,1535.9446744690604,1450.0999587725005,1628.7526524313205,False
2025-06-17,INFY.NS,1537.6268520908886,1448.9048024140302,1622.175091077401,False
2025-06-18,INFY.NS,1542.6855131339623,1458.4718827227327,1627.0604361835108,False
2025-06-19,INFY.NS,1543.9583416632543,1455.1062774432082,1626.6041852441083,False
2025-06-20,INFY.NS,1541.720826754754,1448.539449360515,1626.3921633728385,False
2025-06-23,INFY.NS,1543.2799992887628,1447.9737907504439,1630.3797711197717,False
2025-06-24,INFY.NS,1543.8321138413817,1455.1625547631193,1635.117936374566,False
2025-06-25,INFY.NS,1547.7802128641124,1451.9893033816327,1636.4052449048927,False
2025-06-26,INFY.NS,1548.0153317127667,1452.7721271222167,1638.841416220775,False
2025-06-27,INFY.NS,1544.8623236783064,1460.3310617858588,1632.2006695516575,False
2025-06-30,INFY.NS,1544.722723400421,1452.4534263903156,1628.237433002733,False
2025-07-01,INFY.NS,1545.1748699154118,1460.8438233599018,1633.7010700386425,False
2025-07-02,INFY.NS,1549.275768028076,1461.2103492786712,1636.5414315823034,False
2025-07-03,INFY.NS,1549.9117129801837,1457.7897047013219,1640.1042065919294,False
2025-07-04,INFY.NS,1547.3915432070721,1453.8792996424834,1638.901539308809,False
2025-07-07,INFY.NS,1550.3046467273239,1463.4167970277858,1638.2914497393926,False
2025-07-08,INFY.NS,1551.9779268039144,1467.1351831473698,1635.83848857778,False
2025-07-09,INFY.NS,1557.3061038738742,1472.369310505697,1644.9819704612382,False
2025-07-10,INFY.NS,1559.1104330231435,1472.6222140495843,1651.9575258358677,False
2025-07-11,INFY.NS,1557.6324158293849,1468.78102529337,1647.3761356496236,False
2025-07-14,INFY.NS,1562.2531857928636,1475.599069689911,1649.4638815965109,False
2025-07-15,INFY.NS,1563.8219303839862,1475.1536318369567,1654.3402855668246,False
2025-07-16,INFY.NS,1568.6256045569323,1481.6374773868545,1662.766361128325,False
2025-07-17,INFY.NS,1569.4500758207273,1477.2177992399597,1666.528490602849,False
2025-07-18,INFY.NS,1566.5133783258063,1477.7614298159306,1652.1969454237033,False
2025-07-21,INFY.NS,1563.852357858249,1471.554808202492,1652.5569261286214,False
2025-07-22,INFY.NS,1562.0857520417496,1473.1310765665821,1649.3051438476696,False
2025-07-23,INFY.NS,1563.166160146709,1470.7206108323487,1648.754501278997,False
2025-07-24,INFY.NS,1559.9395712118296,1471.6953764299114,1654.4660589155098,False
2025-07-25,INFY.NS,1552.6962763929778,1459.3737451090137,1646.8345210539676,False
2025-07-28,INFY.NS,1536.451263733563,1446.0804180004973,1630.1883394292395,False
2025-07-29,INFY.NS,1530.2589800460537,1443.5331409257637,1624.445354160478,False
2025-07-30,INFY.NS,1527.1352417880435,1441.9116526417934,1610.1101705275528,False
2025-07-31,INFY.NS,1520.027819989248,1424.402310663123,1611.5516278198124,False
2025-08-01,INFY.NS,1509.3246717499087,1419.9647535597624,1598.1272980689678,False
2025-08-04,INFY.NS,1486.0853895126293,1394.039007316804,1569.4767761017752,False
2025-08-05,INFY.NS,1478.9205778094718,1388.4992273962873,1565.3840643817318,False
2025-08-06,INFY.NS,1475.5837281732502,1389.9170159459304,1565.1541286086551,False
2025-08-07,INFY.NS,1469.046019072836,1376.293875488827,1554.0817479547422,False
2025-08-08,INFY.NS,1459.7009019494087,1375.764466574547,1553.324037247236,False
2025-08-11,INFY.NS,1445.0447852307457,1360.0646323136543,1534.4676022606886,False
2025-08-12,INFY.NS,1442.080613640269,1353.2570655227664,1529.909687486692,False
2025-08-13,INFY.NS,1444.1985960505292,1351.4622643936084,1536.863457981352,False
2025-08-14,INFY.NS,1443.5663309642666,1355.3549823314609,1536.889062371524,False
2025-08-18,INFY.NS,1445.4242632281052,1354.7924084131787,1538.8019571718912,False
2025-08-19,INFY.NS,1448.8672924370476,1353.676337702048,1539.9819068705835,False
2025-08-20,INFY.NS,1456.4117149640122,1365.12661420638,1540.31185359138,False
2025-08-21,INFY.NS,1460.814917448369,1367.4190037910373,1548.2138885826635,False
2025-08-22,INFY.NS,1462.2536714594298,1374.9709056509416,1544.827965036727,False
2025-08-25,INFY.NS,1476.9060764163999,1384.1190664318908,1568.5823639594457,False
2025-08-26,INFY.NS,1482.0542263342486,1395.0840510914325,1563.7630873849344,False
2025-08-28,INFY.NS,1494.904696275407,1404.2236955058447,1582.4324193915445,False
2025-08-29,INFY.NS,1495.5371049925006,1400.7094603677565,1587.3785224717706,False
2025-09-01,INFY.NS,1503.1224454954452,1416.8285101319386,1594.0525305033093,False
2025-09-02,INFY.NS,1504.5766406397536,1416.243234769197,1600.123753912715,False
2025-09-03,INFY.NS,1508.7752975091873,1420.2680322933927,1596.2238811551797,False
2025-09-04,INFY.NS,1508.5687537956203,1417.8875937787761,1603.2111330521655,False
2025-09-05,INFY.NS,1504.25523300845,1419.1610820828012,1594.5796482816793,False
2025-09-08,INFY.NS,1500.7988895993249,1416.6022527135246,1595.7677545782067,False
2025-09-09,INFY.NS,1498.7630276404375,1414.4765766842663,1583.6902946542225,False
2025-09-10,INFY.NS,1499.7581441565308,1412.6233624628424,1592.582380737873,False
2025-09-11,INFY.NS,1496.7373121162875,1409.1914837860445,1593.1563273010966,False
2025-09-12,INFY.NS,1490.0898698490284,1401.1008135983684,1578.6949971998015,False
2025-09-15,INFY.NS,1478.7759158612357,1394.4681678221946,1567.1567186636896,False
2025-09-16,INFY.NS,1475.461518358588,1387.4729318976842,1570.7308054083612,False
2025-09-17,INFY.NS,1475.8781886514296,1380.983137415949,1569.9932262594373,False
2025-09-18,INFY.NS,1472.9695960488004,1387.1132353510352,1554.892162584269,False
2025-09-19,INFY.NS,1467.098041302794,1378.452801229212,1552.0251288369964,False
2025-09-22,INFY.NS,1461.582769934877,1371.5920270865913,1550.0830743598292,False
2025-09-23,INFY.NS,1461.1195782646485,1373.353349612165,1555.3775151003474,False
2025-09-24,INFY.NS,1464.7005141088937,1385.4657771915356,1549.75308671682,False
2025-09-25,INFY.NS,1465.1707373967658,1377.054590457816,1548.5689823741156,False
2025-09-26,INFY.NS,1462.7905869275364,1376.2809063060004,1552.3784756603895,False
2025-09-29,INFY.NS,1467.4122091667464,1379.2987194966731,1549.8775354610489,False
2025-09-30,INFY.NS,1469.8990784612417,1377.2642532128893,1560.2413000428392,False
2025-10-01,INFY.NS,1476.0766715698978,1388.349031427401,1564.4654491760277,False
2025-10-03,INFY.NS,1478.0439656117346,1392.835060319063,1573.372004624806,False
2025-10-06,INFY.NS,1484.6005908825232,1400.9997320340453,1570.935750422849,False
2025-10-07,INFY.NS,1486.646876588824,1397.9418039982568,1572.288225302462,False
2025-10-08,INFY.NS,1491.864967592792,1402.1777274525425,1578.9487334137973,False
2025-10-09,INFY.NS,1493.0689539221917,1408.6914479814232,1577.4310521467992,False
2025-10-10,INFY.NS,1490.514282224065,1402.701400549582,1577.5752286992888,False
2025-10-13,INFY.NS,1489.494190041975,1397.748638243585,1579.61352711997,False
2025-10-14,INFY.NS,1488.6214052192888,1408.1424130777682,1576.5790140124416,False
2025-10-15,INFY.NS,1490.8634868117445,1404.638137672889,1580.2732603858708,False
2025-10-16,INFY.NS,1489.1204096479094,1403.9589587605726,1579.5819658899366,False
2025-10-17,INFY.NS,1483.7315044390862,1397.3713010440767,1571.124355007255,False
2025-10-20,INFY.NS,1475.6480592925573,1381.4326250727115,1565.902209908782,False
2025-10-21,INFY.NS,1473.1155810547834,1387.1457597763429,1565.3370228081499,False
2025-10-23,INFY.NS,1471.6160495739548,1379.7372882370578,1554.994110899213,False
2025-10-24,INFY.NS,1465.9391568936123,1380.0690397004157,1554.4596652912053,False
2025-10-27,INFY.NS,1459.8726578807934,1377.1277080649627,1550.5351525975002,False
2025-10-28,INFY.NS,1458.910430074653,1368.6022698878542,1547.0357632174919,False
2025-10-29,INFY.NS,1461.8827014974913,1375.3034252375232,1550.2724852688325,False
2025-10-30,INFY.NS,1461.671739631351,1371.4132273280134,1548.1186639479783,False
2025-10-31,INFY.NS,1458.579251458239,1371.858140221523,1545.0052304931532,False
2025-11-03,INFY.NS,1461.3327393585835,1362.4652030291763,1553.3163356367772,False
2025-11-04,INFY.NS,1463.4448684400602,1367.617881772984,1552.0968840006599,False
2025-11-06,INFY.NS,1472.1712932978394,1371.7533025829043,1559.1158000033583,False
2025-11-07,INFY.NS,1471.855648189344,1383.0081912683422,1556.9486244706627,False
2025-11-10,INFY.NS,1481.5822038546596,1393.2692358829809,1570.322624024709,False
2025-11-11,INFY.NS,1485.4686171584094,1390.0195121433308,1573.784236187494,False
2025-11-12,INFY.NS,1492.9485979806338,1401.6263903321662,1582.1784250234662,False
2025-11-13,INFY.NS,1496.8444891086542,1403.647444427328,1582.7509462275793,False
2025-11-14,INFY.NS,1497.4132474249295,1406.9328405693377,1589.4562797063513,False
2025-11-17,INFY.NS,1508.2676485808875,1420.8575175059996,1598.377741918723,False
2025-11-18,INFY.NS,1512.127636268098,1427.011287545175,1601.821916119501,False
2025-11-19,INFY.NS,1519.445081046768,1430.1821874676118,1599.1300173290767,False
2025-11-20,INFY.NS,1523.0853625345428,1433.5457755222767,1611.9780376452948,False
2025-11-21,INFY.NS,1523.3488568212551,1437.7964816755677,1611.7319061079545,False
2025-11-24,INFY.NS,1533.395931575996,1446.8128300485553,1618.3291568089787,False
2025-11-25,INFY.NS,1537.1388671396355,1451.9016425516672,1628.785423511109,False
2025-11-26,INFY.NS,1544.4590699017203,1458.2967669691539,1635.978713630263,False
2025-11-27,INFY.NS,1548.2376281492577,1461.5954531843065,1643.489782442079,False
2025-11-28,INFY.NS,1548.7826786063354,1462.9559392988767,1636.3168654878984,False
2025-12-01,INFY.NS,1560.4885853706394,1468.2238278102163,1652.5394617767668,False
2025-12-02,INFY.NS,1565.001013916552,1479.4641257165292,1651.768376723959,False
2025-12-03,INFY.NS,1573.1537036822647,1486.4897067482198,1657.0925625725608,False
2025-12-04,INFY.NS,1577.7917455176469,1485.7930642907518,1658.1235255132806,False
2025-12-05,INFY.NS,1579.183050653646,1491.287071345987,1671.3928656280686,False
2025-12-08,INFY.NS,1592.9129062959946,1499.622813269095,1686.6100335317335,False
2025-12-09,INFY.NS,1597.1260646925534,1507.921064623533,1683.6244313951481,False
2025-12-10,INFY.NS,1604.753688425332,1517.616046698104,1693.1335025444698,False
2025-12-11,INFY.NS,1608.6068755365793,1521.8795765646785,1693.9866784453566,False
2025-12-12,INFY.NS,1608.9257051574423,1523.268996840041,1703.8028082357093,False
2025-12-15,INFY.NS,1617.5487145167785,1525.4752674913022,1711.5560240461532,False
2025-12-16,INFY.NS,1620.0755780468078,1531.6385415370478,1707.2548923574584,False
2025-12-17,INFY.NS,1625.7139265332983,1537.0986212929156,1718.955272274104,False
2025-12-18,INFY.NS,1627.2992129540762,1538.43655805752,1716.7675201867496,False
2025-12-19,INFY.NS,1625.104578785736,1537.8198565877954,1717.9878758728332,False
2025-12-22,INFY.NS,1625.1574715777788,1533.4191326244409,1710.0342089994947,False
2025-12-23,INFY.NS,1624.6618517288068,1534.2257600612086,1711.2129745915854,False
2025-12-24,INFY.NS,1627.293383973005,1540.760024583928,1717.5380654703802,False
2025-12-26,INFY.NS,1620.9632576968927,1531.006327371365,1713.2922612185573,False
2025-12-29,INFY.NS,1614.0335041248156,1531.4458517902415,1708.1173560920568,False
2025-12-30,INFY.NS,1611.8341912742412,1525.1640065380757,1700.917377153069,False
2025-12-31,INFY.NS,1613.1354051790665,1526.513482632628,1709.0962555851063,False
2026-01-01,INFY.NS,1610.8574600836432,1521.9043764140301,1701.7100620871586,False
2026-01-02,INFY.NS,1605.3473159496214,1514.1666544628329,1692.6675452769384,False
2026-01-05,INFY.NS,1599.268018258897,1513.9228445898345,1690.492076967549,False
2026-01-06,INFY.NS,1598.094416135701,1509.468567694437,1691.2745962875738,False
2026-01-07,INFY.NS,1600.734042828647,1515.599670661239,1696.0150269607732,False
2026-01-08,INFY.NS,1600.0584448857635,1511.583715765752,1685.2045730820553,False
2026-01-09,INFY.NS,1596.3582731642598,1504.4365470952112,1681.9842032781705,False
2026-01-12,INFY.NS,1596.3098930260437,1519.2027033118457,1682.6623557748358,False
2026-01-13,INFY.NS,1597.1166364413368,1512.0503654198653,1688.451563027388,False
2026-01-14,INFY.NS,1601.6051056631657,1507.9558475659283,1690.2594980613048,False
2026-01-15,INFY.NS,1602.5799470232407,1517.5781673916438,1691.9885284434192,False
2026-01-16,INFY.NS,1600.2693908656133,1514.3279798830429,1692.1937342583717,False
2026-01-19,INFY.NS,1602.3006238142757,1516.1250387791397,1693.4819741810697,False
2026-01-20,INFY.NS,1602.9718178733372,1517.2134494440263,1695.1278516838079,False
2026-01-21,INFY.NS,1606.868855417381,1511.5201111283227,1697.9851898136446,False
2026-01-22,INFY.NS,1606.7875969181966,1523.8198984975504,1693.910810727094,False
2026-01-23,INFY.NS,1602.9585685084078,1512.1745536843327,1692.0314667610112,False
2026-01-27,INFY.NS,1595.380420674105,1512.8187285138079,1683.1843364489553,False
2026-01-28,INFY.NS,1595.8427337049404,1497.2569257630205,1685.2517986820053,False
2026-01-29,INFY.NS,1592.0828910537068,1510.9776524761864,1680.8010012103398,False
2026-01-30,INFY.NS,1584.3921672330437,1497.8746112981923,1672.3078224857622,False
2026-02-02,INFY.NS,1567.2375875812634,1480.547696635995,1657.7625051401658,False
2026-02-03,INFY.NS,1560.8239931563846,1469.9204276967612,1654.264312394204,False
2026-02-04,INFY.NS,1557.470144080624,1469.6592974362013,1641.7415844786167,False
2026-02-05,INFY.NS,1550.0828979080768,1450.6597585956938,1636.236869532069,False
2026-02-06,INFY.NS,1539.0024710971306,1455.4053172302933,1632.4216427998683,False
2026-02-09,INFY.NS,1513.484715407578,1429.1294829962007,1600.3004280308403,False
2026-02-10,INFY.NS,1504.9710763269811,1419.5768879279944,1596.790773380852,False
2026-02-11,INFY.NS,1499.8824730354634,1413.310366780869,1586.2368435005237,False
2026-02-12,INFY.NS,1491.1259352108054,1397.9769542582,1580.5409008092474,False
2026-02-13,INFY.NS,1479.0339436674408,1392.0463398206568,1567.2324990488532,False
2026-02-16,INFY.NS,1452.447865854686,1360.4135734138076,1541.841410073015,False
2026-02-17,INFY.NS,1444.1463083632943,1359.3932713781528,1531.6317126414901,False
2026-02-18,INFY.NS,1439.5006682644712,1349.0751767686158,1523.1070345948604,False
2026-02-19,INFY.NS,1431.3829413143949,1338.9841765110446,1521.206133105178,False
2026-02-20,INFY.NS,1420.0902993767595,1329.8763902306268,1507.6976603803137,False
2026-02-23,INFY.NS,1396.5335459314226,1306.2938620697244,1481.0297571089538,False
2026-02-24,INFY.NS,1389.355976477154,1297.9174255943458,1479.443290422164,False
2026-02-25,INFY.NS,1385.8535317521207,1298.7770265065153,1473.1308932382706,False
2026-02-26,INFY.NS,1378.8828617079778,1284.094207943843,1468.4212443287015,False
2026-02-27,INFY.NS,1368.7311760409766,1277.910925925696,1452.0451090777633,False
2026-03-02,INFY.NS,1348.5408794721723,1262.3955848803212,1436.384597715791,False
2026-03-04,INFY.NS,1340.1212542058595,1253.245408754123,1430.9910072654104,False
2026-03-05,INFY.NS,1334.3239515012033,1251.480293046029,1432.791878100269,False
2026-03-06,INFY.NS,1325.3968095807188,1240.7993555524781,1415.207216165585,False
2026-03-09,INFY.NS,1309.358443193364,1221.168929784243,1396.4247210018514,False
2026-03-10,INFY.NS,1304.894492798171,1216.722452196262,1400.0218273966987,False
2026-03-11,INFY.NS,1304.245316474813,1213.1054445976645,1397.5553227817002,False
2026-03-12,INFY.NS,1300.2869749351128,1213.4770666700053,1389.0206334757188,False
2026-03-13,INFY.NS,1293.3222929266763,1207.2195224543038,1384.6601327959002,False
2026-03-16,INFY.NS,1283.808956773877,1193.3336156610244,1368.6774896957834,False
2026-03-17,INFY.NS,1281.668191059931,1188.5805649504236,1363.4943183149544,False
2026-03-18,INFY.NS,1283.3698891535703,1199.7876499642875,1366.4191810691714,False
2026-03-19,INFY.NS,1281.7548503821963,1195.1206699047207,1367.4438591538958,False
2026-03-20,INFY.NS,1277.0868322913634,1193.6482243690089,1367.9769852598497,False
2026-03-23,INFY.NS,1273.7594562332613,1189.1895427421075,1368.0702146575866,False
2026-03-24,INFY.NS,1273.3025202090578,1187.1915045848987,1365.679848608688,False
2026-03-25,INFY.NS,1276.4311181846358,1194.046466150482,1363.8986646758467,False
2026-03-27,INFY.NS,1272.0951888976233,1181.0166435294782,1368.2438350629636,False
2026-03-30,INFY.NS,1269.0827204042312,1178.1945241460894,1359.8514487196853,False
2026-04-01,INFY.NS,1270.1582019060934,1177.5769868053937,1355.0979725878713,False
2026-04-02,INFY.NS,1268.3774655914203,1183.819913462219,1361.328147355752,False
2026-04-06,INFY.NS,1253.8381556765623,1161.8840637077167,1338.5624981028452,False
2026-04-07,INFY.NS,1250.496970396484,1161.8571462082357,1331.644893297793,False
2026-04-08,INFY.NS,1250.386402550328,1158.8035929999057,1344.4152253501263,False
2026-04-09,INFY.NS,1246.4088721091875,1156.698030433697,1331.439944186532,False
2026-04-10,INFY.NS,1238.9066008723642,1148.4232283248807,1330.0951006271096,False
2026-04-13,INFY.NS,1225.2559875700733,1143.1792646492233,1317.2246578663935,False
2026-04-15,INFY.NS,1220.7454788770328,1126.6173814049637,1308.2674501076913,False
2026-04-16,INFY.NS,1216.989186707179,1124.5829884531458,1298.8276721943341,False
2026-04-17,INFY.NS,1210.2542863585777,1124.1679027217192,1302.026100081368,False
2026-04-20,INFY.NS,1202.3062069264395,1113.780784358935,1290.8108765774273,False
2026-04-21,INFY.NS,1201.2073694868784,1111.2384947069584,1296.9631249588763,False
2026-04-22,INFY.NS,1204.3167610294518,1114.9078992376392,1292.0689516831862,False
2026-04-23,INFY.NS,1204.5310590661975,1120.4821740200146,1296.060699800116,False
2026-04-24,INFY.NS,1202.1633465390698,1113.571294664228,1290.451290694025,False
2026-04-27,INFY.NS,1208.9379624646365,1121.7605175920457,1295.0202567211168,False
2026-04-28,INFY.NS,1212.9957395639358,1125.9286282965052,1300.9423200627987,False
2026-04-29,INFY.NS,1221.2285379680452,1133.1113690650873,1309.3301421937356,False
2026-04-30,INFY.NS,1226.435900735938,1143.055355730113,1316.6447119068882,False
2026-05-01,INFY.NS,1228.8354247901395,1142.5290201636953,1317.7666260559868,False
2026-05-04,INFY.NS,1247.6756384926307,1159.9831584540375,1336.563243612031,False
2026-05-05,INFY.NS,1254.7559943915016,1164.8717787136509,1339.497898284087,False
2026-05-06,INFY.NS,1265.4113751405112,1177.2985243662763,1352.8323969406633,False
2026-05-07,INFY.NS,1272.400365457239,1179.45811287339,1359.5766939308726,True
2026-05-08,INFY.NS,1275.914037932996,1189.8990082704038,1367.647429940923,True
2026-05-09,INFY.NS,1234.9440102546284,1139.1506769155455,1327.0813945537677,True
2026-05-10,INFY.NS,1252.7393703927673,1168.852619988929,1343.6810099454924,True
2026-05-11,INFY.NS,1294.05419633227,1196.380492184673,1378.8550450052485,True
2026-05-12,INFY.NS,1299.617064925768,1208.9847592144208,1391.4352914483343,True
2026-05-13,INFY.NS,1308.1807088832938,1226.1960517240225,1391.0091092914083,True
2026-05-14,INFY.NS,1312.5639432192775,1221.142700869489,1400.4648157708577,True
2026-05-15,INFY.NS,1313.029031506253,1225.6719940245403,1401.2478627802082,True
2026-05-16,INFY.NS,1268.6478786045411,1181.3193622172596,1356.1845866393667,True
2026-05-17,INFY.NS,1282.7568625030615,1189.5425781563129,1369.427503078167,True
2026-05-18,INFY.NS,1320.2020891900775,1234.5393024324414,1404.7472628936812,True
2026-05-19,INFY.NS,1321.806527236778,1240.6558167143498,1415.9581675197123,True
2026-05-20,INFY.NS,1326.4172462221484,1241.861513079684,1418.8456634622999,True
2026-05-21,INFY.NS,1326.9449466013768,1235.098359821097,1417.456310971022,True
2026-05-22,INFY.NS,1323.73901693314,1235.0284685075378,1411.0756619454855,True
2026-05-23,INFY.NS,1275.9515681237963,1184.394398897856,1363.7355884837177,True
2026-05-24,INFY.NS,1286.9903159405176,1198.6444276740094,1370.2749863520798,True
2026-05-25,INFY.NS,1321.76214828819,1233.1619736178661,1407.5652935490345,True
2026-05-26,INFY.NS,1321.1388789638136,1227.2968437153702,1419.196835746047,True
2026-05-27,INFY.NS,1324.0034482319113,1234.941281017795,1413.4506746164036,True
2026-05-28,INFY.NS,1323.2887841740835,1235.4519920142577,1410.6179980234408,True
2026-05-29,INFY.NS,1319.3525764846568,1223.8950265257827,1413.0609262570504,True
2026-05-30,INFY.NS,1271.3414170836347,1183.6052571880193,1358.8030871853878,True
2026-05-31,INFY.NS,1282.6441723469143,1193.2333769426502,1366.469129328862,True
2026-06-01,INFY.NS,1318.1364060361911,1223.1359777771845,1410.284065191208,True
2026-06-02,INFY.NS,1318.647326789754,1235.2411967944333,1408.9961065533407,True
2026-06-03,INFY.NS,1323.0074830417036,1229.137631199535,1412.648422601974,True
2026-06-04,INFY.NS,1324.0893733375544,1239.3351816433665,1414.240341010256,True
2026-06-05,INFY.NS,1322.1841705655831,1228.9124064826585,1414.9277193768114,True
2024-05-06,TCS.NS,3562.8744768651063,3403.5070491450574,3730.0399733575787,False
2024-05-07,TCS.NS,3570.70915860323,3414.712789592345,3718.3988042412934,False
2024-05-08,TCS.NS,3588.082115912778,3434.0827998233,3741.933626379331,False
2024-05-09,TCS.NS,3598.871617505338,3445.662650704252,3748.1027916196094,False
2024-05-10,TCS.NS,3603.1816870494617,3460.457058111508,3758.0755235109154,False
2024-05-13,TCS.NS,3625.621460727906,3476.0004972320603,3789.9766410715306,False
2024-05-14,TCS.NS,3625.431453390494,3468.789515979121,3776.6718508716176,False
2024-05-15,TCS.NS,3634.5524750169952,3481.6221053381514,3783.8591079270063,False
2024-05-16,TCS.NS,3637.020313535644,3498.289511369655,3786.672022823657,False
2024-05-17,TCS.NS,3633.0965033564717,3481.897325179622,3785.52761516129,False
2024-05-21,TCS.NS,3626.238793422209,3474.942319596053,3767.907785329715,False
2024-05-22,TCS.NS,3629.6814457968785,3475.8999655933867,3793.6482710448963,False
2024-05-23,TCS.NS,3627.3126010681044,3466.404435932223,3772.031465246663,False
2024-05-24,TCS.NS,3619.4615384122003,3460.147778487404,3769.519358060436,False
2024-05-27,TCS.NS,3613.2522724570017,3467.8785695617044,3772.322813965717,False
2024-05-28,TCS.NS,3606.5813768328303,3451.4397830208836,3755.3527311221374,False
2024-05-29,TCS.NS,3610.895686877585,3450.427642575932,3768.416201235286,False
2024-05-30,TCS.NS,3610.957884840832,3453.387557643891,3759.831415473668,False
2024-05-31,TCS.NS,3606.3202738990667,3465.654518896404,3762.2435693995826,False
2024-06-03,TCS.NS,3613.4600329855148,3470.636888516388,3773.0472293812836,False
2024-06-04,TCS.NS,3612.0972249408183,3469.319632400165,3756.32575878932,False
2024-06-05,TCS.NS,3621.9463495052255,3473.588234784969,3780.0220073294586,False
2024-06-06,TCS.NS,3626.9480556649305,3469.555683563301,3772.422935371565,False
2024-06-07,TCS.NS,3627.2347278031534,3461.083677078521,3785.4783090666506,False
2024-06-10,TCS.NS,3647.9801485668872,3494.787476526808,3797.314152399952,False
2024-06-11,TCS.NS,3650.461193541701,3509.1892260944783,3801.5579034952184,False
2024-06-12,TCS.NS,3663.6925767278544,3506.310247347744,3815.6498927202324,False
2024-06-13,TCS.NS,3671.5695555985276,3526.227958607751,3811.1850534240084,False
2024-06-14,TCS.NS,3674.1963210939293,3526.40850603188,3823.035086509157,False
2024-06-18,TCS.NS,3701.4610956129973,3549.4875195360773,3853.292922263575,False
2024-06-19,TCS.NS,3714.5150721122995,3547.9773273791025,3877.1367412829554,False
2024-06-20,TCS.NS,3721.8431175847704,3573.4360149794034,3874.8975081208605,False
2024-06-21,TCS.NS,3723.6181684589487,3573.2905221671795,3878.081621797585,False
2024-06-24,TCS.NS,3750.8264540534456,3602.0479727950956,3896.571317239077,False
2024-06-25,TCS.NS,3754.3594068405,3607.7849867556697,3905.2539680929417,False
2024-06-26,TCS.NS,3768.284492303366,3613.400934586989,3920.062082798901,False
2024-06-27,TCS.NS,3776.6205976636766,3622.7267838840635,3937.6323871331947,False
2024-06-28,TCS.NS,3779.594490784285,3628.864910583203,3933.4923436274203,False
2024-07-01,TCS.NS,3805.61359084807,3645.8949287747887,3955.949267997108,False
2024-07-02,TCS.NS,3809.3068700500808,3656.255781230522,3963.007904424479,False
2024-07-03,TCS.NS,3823.6630603555645,3670.1162623580285,3980.2412735048515,False
2024-07-04,TCS.NS,3832.6759418123947,3684.395270211652,3996.6678508718796,False
2024-07-05,TCS.NS,3836.534554421614,3701.289360644049,3984.2908234388005,False
2024-07-08,TCS.NS,3865.9200457336146,3719.1524840934285,4025.965846457512,False
2024-07-09,TCS.NS,3870.7553763128303,3723.487424954171,4018.5969150309584,False
2024-07-10,TCS.NS,3886.1434675437145,3732.4486381837296,4033.5965522684264,False
2024-07-11,TCS.NS,3896.0046134217223,3742.639998739031,4047.356167858216,False
2024-07-12,TCS.NS,3900.457175210043,3735.340547726304,4044.412129947808,False
2024-07-15,TCS.NS,3929.4885685701734,3778.2021577744017,4079.0506747645454,False
2024-07-16,TCS.NS,3933.3393435601724,3774.4883867585677,4087.8213810797497,False
2024-07-18,TCS.NS,3955.176683713588,3801.570923057561,4106.073320447731,False
2024-07-19,TCS.NS,3957.207072219845,3799.752119593523,4110.028932135433,False
2024-07-22,TCS.NS,3976.4789557775143,3836.197381957815,4130.044904679721,False
2024-07-23,TCS.NS,3976.4405255807487,3825.394256589246,4124.500393335627,False
2024-07-24,TCS.NS,3986.2902465867624,3844.0849440290563,4135.815111172818,False
2024-07-25,TCS.NS,3990.0398373312782,3831.8063291234566,4147.790215625441,False
2024-07-26,TCS.NS,3987.923530561448,3825.1735679832273,4135.084965135116,False
2024-07-29,TCS.NS,3995.9750448864907,3843.0442720432993,4148.710590902527,False
2024-07-30,TCS.NS,3992.9776155618815,3840.737744605892,4159.274491676837,False
2024-07-31,TCS.NS,4000.4358244038035,3850.397816673045,4148.681906036987,False
2024-08-01,TCS.NS,4002.4548461239156,3845.52864527932,4158.549751200759,False
2024-08-02,TCS.NS,3999.3498512635606,3843.2025035202605,4146.753953231868,False
2024-08-05,TCS.NS,4009.4570266177006,3863.989160191468,4171.893094153449,False
2024-08-06,TCS.NS,4008.915787418216,3860.775672472982,4154.762681562889,False
2024-08-07,TCS.NS,4016.7737697350994,3873.5903067957615,4173.985850347712,False
2024-08-08,TCS.NS,4020.0419391205464,3869.1729321854327,4171.567036956652,False
2024-08-09,TCS.NS,4018.9807667924715,3864.682531785732,4169.217674130436,False
2024-08-12,TCS.NS,4039.144180042368,3880.724419249827,4214.000126386182,False
2024-08-13,TCS.NS,4042.895332917215,3880.9191849254203,4193.541290833596,False
2024-08-14,TCS.NS,4058.235894335192,3904.7310524520212,4215.367471711092,False
2024-08-16,TCS.NS,4075.5678023609885,3918.6741272679574,4227.908352095524,False
2024-08-19,TCS.NS,4116.520724425976,3965.502719846127,4267.884242651497,False
2024-08-20,TCS.NS,4126.102897080576,3963.0916587883253,4291.703338063676,False
2024-08-21,TCS.NS,4146.502545395618,3992.753102311272,4294.258828663927,False
2024-08-22,TCS.NS,4161.531243639268,4000.1717240437847,4308.033537540219,False
2024-08-23,TCS.NS,4171.201116513498,4014.6808220987323,4328.417828395255,False
2024-08-26,TCS.NS,4215.190424047567,4058.354454814203,4368.498183239061,False
2024-08-27,TCS.NS,4223.496768913808,4061.768207948515,4367.297859345523,False
2024-08-28,TCS.NS,4241.480935999996,4077.7502437790927,4385.296447685218,False
2024-08-29,TCS.NS,4252.991774620288,4097.361589440822,4412.485062087617,False
2024-08-30,TCS.NS,4252.306521451722,4098.62696727906,4408.643463628633,False
2024-09-02,TCS.NS,4259.860669265934,4116.2584822598965,4410.969411929259,False
2024-09-03,TCS.NS,4254.611245193511,4103.496986162651,4408.736644275429,False
2024-09-04,TCS.NS,4258.55586171244,4103.382581706784,4411.192599338128,False
2024-09-05,TCS.NS,4255.6890288685845,4107.632659003483,4422.236156286201,False
2024-09-06,TCS.NS,4246.231677410398,4097.803595479707,4395.241654343262,False
2024-09-09,TCS.NS,4227.82021108017,4073.9939088535693,4380.762507898242,False
2024-09-10,TCS.NS,4214.49971532119,4067.2744723110713,4373.54558383815,False
2024-09-11,TCS.NS,4210.875143521307,4055.0101840485795,4359.908353480465,False
2024-09-12,TCS.NS,4201.047210406033,4036.249270389016,4356.31507308671,False
2024-09-13,TCS.NS,4185.327013911374,4039.726108246931,4343.971765264933,False
2024-09-16,TCS.NS,4152.949259155135,4005.4125303911933,4302.255183286975,False
2024-09-17,TCS.NS,4136.6969907005705,3977.111913449289,4287.789996112749,False
2024-09-18,TCS.NS,4131.013017650717,3978.960347425959,4276.2077029596585,False
2024-09-19,TCS.NS,4119.977004419009,3978.106726451169,4269.251786160542,False
2024-09-20,TCS.NS,4103.862343930928,3955.824788085877,4255.041896240353,False
2024-09-23,TCS.NS,4074.592917704342,3915.105915622393,4234.273399633157,False
2024-09-24,TCS.NS,4060.5546376495076,3910.75640830017,4204.392185503287,False
2024-09-25,TCS.NS,4057.5276172036242,3912.747704115383,4210.179372735508,False
2024-09-26,TCS.NS,4049.4974970192998,3906.8328246029378,4208.42613665253,False
2024-09-27,TCS.NS,4036.642942303452,3878.387816503276,4190.746100614372,False
2024-09-30,TCS.NS,4017.771880374302,3861.353317207652,4164.835625818708,False
2024-10-01,TCS.NS,4007.131770344472,3844.2882983440973,4161.059316075354,False
2024-10-03,TCS.NS,4002.3652758259072,3844.0096453363453,4159.229283787796,False
2024-10-04,TCS.NS,3992.3056203258084,3832.272139774103,4141.527939043943,False
2024-10-07,TCS.NS,3980.081160756423,3836.9020852955764,4114.269936247261,False
2024-10-08,TCS.NS,3971.0528062402186,3815.9048434490905,4134.141507618436,False
2024-10-09,TCS.NS,3972.598732876601,3828.608161760407,4126.06685920648,False
2024-10-10,TCS.NS,3968.6736826128385,3822.350048889344,4127.460672970764,False
2024-10-11,TCS.NS,3959.4447954844472,3797.167888343684,4116.452561564905,False
2024-10-14,TCS.NS,3948.7242113133557,3795.201200078837,4093.2726190651215,False
2024-10-15,TCS.NS,3940.0178941153667,3790.462536653951,4097.764531800715,False
2024-10-16,TCS.NS,3941.873921510681,3777.4796665223676,4091.550287579658,False
2024-10-17,TCS.NS,3938.29187166653,3795.523470156991,4098.412903107114,False
2024-10-18,TCS.NS,3929.480546780881,3782.7605477550487,4089.761074703379,False
2024-10-21,TCS.NS,3920.8056336359173,3765.068912149532,4075.132923786204,False
2024-10-22,TCS.NS,3913.1314028130423,3764.6510752954396,4064.657689282808,False
2024-10-23,TCS.NS,3916.22120650128,3774.3412198702194,4073.9946671083494,False
2024-10-24,TCS.NS,3914.0804813699747,3761.0578934316127,4064.4207469262574,False
2024-10-25,TCS.NS,3906.9174219270894,3740.3424226825377,4048.079846915747,False
2024-10-28,TCS.NS,3904.3374540737664,3762.680553583474,4060.5702735864475,False
2024-10-29,TCS.NS,3899.0247396463046,3755.7040167558716,4048.7201965840704,False
2024-10-30,TCS.NS,3904.606032824165,3759.9747634437304,4066.920894609989,False
2024-10-31,TCS.NS,3905.063051728877,3751.398663081605,4066.6191358302954,False
2024-11-01,TCS.NS,3900.5799249269576,3746.3691124865168,4062.6014422975936,False
2024-11-04,TCS.NS,3906.3074018837983,3759.5038716264608,4061.796442092454,False
2024-11-05,TCS.NS,3903.788694623417,3749.881484564472,4059.2468041035977,False
2024-11-06,TCS.NS,3912.151809478648,3761.1213220077416,4060.7304344816384,False
2024-11-07,TCS.NS,3915.3770121301213,3764.8154740694786,4071.634932496003,False
2024-11-08,TCS.NS,3913.634686274899,3758.4526850978114,4064.836109077666,False
2024-11-11,TCS.NS,3927.413199340217,3776.2377666556386,4072.1844180549224,False
2024-11-12,TCS.NS,3927.5320604236053,3785.682231627148,4080.0597976049494,False
2024-11-13,TCS.NS,3938.51939019789,3787.9501789350065,4090.98292637299,False
2024-11-14,TCS.NS,3944.3539506202656,3784.379148143326,4090.5818765898302,False
2024-11-18,TCS.NS,3966.8346135165248,3813.7342203635553,4116.453879684862,False
2024-11-19,TCS.NS,3969.558011661546,3812.485092065293,4119.512137782351,False
2024-11-21,TCS.NS,3991.5047567826323,3827.6522316380115,4136.134921331505,False
2024-11-22,TCS.NS,3994.8463125407307,3842.656269054602,4148.2990816450665,False
2024-11-25,TCS.NS,4023.148610543859,3872.991015689903,4178.364854354332,False
2024-11-26,TCS.NS,4027.71277186083,3868.4824594269403,4185.68396242511,False
2024-11-27,TCS.NS,4042.847710144015,3893.0547593980436,4193.465540326559,False
2024-11-28,TCS.NS,4052.4595207000016,3897.5292727051215,4197.848721499778,False
2024-11-29,TCS.NS,4056.6523285895187,3907.3928335338755,4200.316473779987,False
2024-12-02,TCS.NS,4084.6774873769746,3923.67413430235,4234.944478072614,False
2024-12-03,TCS.NS,4088.04825332223,3941.9740386804856,4233.356602233038,False
2024-12-04,TCS.NS,4101.375690389525,3954.1505089703405,4259.084506123892,False
2024-12-05,TCS.NS,4108.540424925229,3954.1530152637797,4256.462902408559,False
2024-12-06,TCS.NS,4109.631688132456,3957.6474674371498,4254.151104585896,False
2024-12-09,TCS.NS,4124.460034670274,3966.945826031668,4274.128513909828,False
2024-12-10,TCS.NS,4122.2128493213295,3967.616580478094,4277.279291410903,False
2024-12-11,TCS.NS,4129.3869613094985,3965.678728380531,4289.139318944398,False
2024-12-12,TCS.NS,4129.928177276355,3985.015661074688,4289.780074931127,False
2024-12-13,TCS.NS,4124.003917550312,3971.0211364203155,4279.459220541357,False
2024-12-16,TCS.NS,4116.38552279494,3970.593447516286,4256.3105361542175,False
2024-12-17,TCS.NS,4106.5517089628975,3956.729262377758,4253.179709630577,False
2024-12-18,TCS.NS,4106.283499340696,3950.4367943299894,4258.985401202075,False
2024-12-19,TCS.NS,4099.648790778139,3939.2402894229076,4243.487881664391,False
2024-12-20,TCS.NS,4086.936228473294,3940.063268294629,4232.848242634676,False
2024-12-23,TCS.NS,4062.4204524749857,3900.498194207457,4223.12853101558,False
2024-12-24,TCS.NS,4049.0731041331956,3906.3227122412623,4204.12262026234,False
2024-12-26,TCS.NS,4037.8624893104043,3881.0728353926643,4191.309014805828,False
2024-12-27,TCS.NS,4024.459574406451,3872.954540951485,4180.959775729747,False
2024-12-30,TCS.NS,4003.9511725681396,3851.354307241605,4150.599565566901,False
2024-12-31,TCS.NS,3993.285156152833,3850.2909072525385,4146.119940478207,False
2025-01-01,TCS.NS,3993.977116956295,3834.605299107381,4143.9693119921885,False
2025-01-02,TCS.NS,3990.0789021043997,3832.1521634739915,4146.511056218337,False
2025-01-03,TCS.NS,3981.8274431239047,3838.668566805658,4149.203706434332,False
2025-01-06,TCS.NS,3980.0047734004143,3810.8462766714842,4122.176699597619,False
2025-01-07,TCS.NS,3976.192849122005,3825.322789529712,4129.0595494112895,False
2025-01-08,TCS.NS,3983.8057847503433,3839.158700142669,4136.6906022172925,False
2025-01-09,TCS.NS,3986.742238677943,3833.846946431779,4136.477461577537,False
2025-01-10,TCS.NS,3985.086632842101,3826.8614882356696,4134.115394338307,False
2025-01-13,TCS.NS,4000.1701582366677,3858.3538276285203,4153.997354691937,False
2025-01-14,TCS.NS,4000.596829224377,3847.4597557372517,4148.935726975926,False
2025-01-15,TCS.NS,4011.564457364601,3851.8062905782717,4175.325276289689,False
2025-01-16,TCS.NS,4016.9157620179803,3859.2811236366797,4171.047883408455,False
2025-01-17,TCS.NS,4016.636133508503,3871.499036549155,4179.1479033082405,False
2025-01-20,TCS.NS,4029.2380219854604,3882.470182951234,4190.424130353294,False
2025-01-21,TCS.NS,4026.6135558439573,3874.901061373033,4179.944739896648,False
2025-01-22,TCS.NS,4033.4594683413393,3885.70985014608,4186.133226416001,False
2025-01-23,TCS.NS,4033.6417770164003,3877.054888712562,4187.969348535143,False
2025-01-24,TCS.NS,4027.2487827101404,3864.900125939702,4181.613300503055,False
2025-01-27,TCS.NS,4016.7891020020134,3869.0456708313777,4173.505988016336,False
2025-01-28,TCS.NS,4005.2774120789463,3848.772706002858,4170.916247875982,False
2025-01-29,TCS.NS,4002.8434418541756,3844.7150855955397,4157.64672426843,False
2025-01-30,TCS.NS,3993.484222854776,3846.5946242938726,4138.516383208899,False
2025-01-31,TCS.NS,3977.41965400036,3831.564599103196,4128.263900953371,False
2025-02-01,TCS.NS,3938.2602840260724,3786.699634494249,4099.372456952391,False
2025-02-03,TCS.NS,3938.435627226595,3783.930355659955,4095.4819190595485,False
2025-02-04,TCS.NS,3917.971434334591,3770.5334667351494,4064.4295592584494,False
2025-02-05,TCS.NS,3907.036174002449,3762.1588377054436,4061.6117526359853,False
2025-02-06,TCS.NS,3889.7139909301804,3742.552850213997,4030.632395574462,False
2025-02-07,TCS.NS,3866.2990283073664,3717.005172767154,4015.6996300910796,False
2025-02-10,TCS.NS,3809.4776339547443,3665.2097338367857,3964.067781589216,False
2025-02-11,TCS.NS,3784.5833757683404,3632.9564413306452,3932.350866793689,False
2025-02-12,TCS.NS,3769.998702543349,3609.292431105526,3906.1993025988386,False
2025-02-13,TCS.NS,3749.8034483600877,3596.1989838836284,3914.2519616981267,False
2025-02-14,TCS.NS,3724.2770374317083,3578.6742803960296,3878.7404510959445,False
2025-02-17,TCS.NS,3665.41750562888,3513.4490890823895,3828.3316388328403,False
2025-02-18,TCS.NS,3641.153426945591,3487.4156389902564,3794.4131481393974,False
2025-02-19,TCS.NS,3627.7822792187594,3473.7817599415957,3776.716134660213,False
2025-02-20,TCS.NS,3609.3380951245117,3457.021247203531,3766.271545934665,False
2025-02-21,TCS.NS,3586.0544470110935,3436.2853887825663,3737.5510171724377,False
2025-02-24,TCS.NS,3536.436832362271,3386.4527815474344,3682.9485505539506,False
2025-02-25,TCS.NS,3515.9586801094833,3364.274824841872,3680.6405286211343,False
2025-02-27,TCS.NS,3492.5691138457973,3333.5032312149237,3642.9216212468646,False
2025-02-28,TCS.NS,3473.8693530717874,3311.6157467540843,3627.077738679672,False
2025-03-03,TCS.NS,3439.2111362323712,3297.609625762597,3589.031617577495,False
2025-03-04,TCS.NS,3424.0559450189667,3277.2888314705606,3584.650137887419,False
2025-03-05,TCS.NS,3420.2247858368323,3271.8923497607666,3572.2135303400846,False
2025-03-06,TCS.NS,3411.7020566830765,3251.0694089768385,3572.575866154276,False
2025-03-07,TCS.NS,3398.673120828076,3251.7860218461847,3551.3817850318437,False
2025-03-10,TCS.NS,3381.3333352646364,3232.9794122554013,3539.8574350581466,False
2025-03-11,TCS.NS,3371.94737065182,3215.004688399844,3534.0253981512788,False
2025-03-12,TCS.NS,3373.8207995384896,3228.7853622205957,3521.887972694157,False
2025-03-13,TCS.NS,3370.8942971964175,3227.4241292939837,3521.4671762324383,False
2025-03-17,TCS.NS,3360.8431460666006,3212.6606090465157,3508.8452067825165,False
2025-03-18,TCS.NS,3355.758599321277,3210.8417340335914,3518.047143522912,False
2025-03-19,TCS.NS,3361.5182219923913,3218.6836972410833,3514.5073005898194,False
2025-03-20,TCS.NS,3362.0147755433927,3211.7138704842814,3514.6796201952243,False
2025-03-21,TCS.NS,3357.343224309779,3208.8645737551524,3515.157638887579,False
2025-03-24,TCS.NS,3360.266328656924,3215.9576497825374,3511.534148941526,False
2025-03-25,TCS.NS,3355.7914023437447,3201.7189919576,3493.706538657408,False
2025-03-26,TCS.NS,3361.562379770889,3210.187023145642,3522.145665749534,False
2025-03-27,TCS.NS,3361.4867713024964,3215.9309390780577,3515.0158074249402,False
2025-03-28,TCS.NS,3355.687058782254,3206.125791432802,3501.06652227624,False
2025-04-01,TCS.NS,3345.0586100559894,3193.98894375244,3508.4767165347394,False
2025-04-02,TCS.NS,3347.771897439805,3195.8002737191678,3503.5824570597,False
2025-04-03,TCS.NS,3344.4993361234438,3185.323915490604,3494.453904960525,False
2025-04-04,TCS.NS,3335.4645611433634,3186.2460576197736,3501.7502216542734,False
2025-04-07,TCS.NS,3323.2606013352984,3170.556917435401,3470.340025764796,False
2025-04-08,TCS.NS,3313.6328566773195,3164.7061518931346,3471.603564793626,False
2025-04-09,TCS.NS,3314.497481507228,3170.8826784925423,3466.1392266720854,False
2025-04-11,TCS.NS,3300.2758169658714,3158.0186641856562,3463.586966049583,False
2025-04-15,TCS.NS,3283.39296984012,3133.100548562331,3436.5138359991556,False
2025-04-16,TCS.NS,3287.4727262060874,3127.6858576800887,3444.3105037364394,False
2025-04-17,TCS.NS,3286.902588669264,3127.13825823644,3431.216019890302,False
2025-04-21,TCS.NS,3289.954623603849,3138.040756793309,3444.711850547915,False
2025-04-22,TCS.NS,3289.5096952608037,3140.105857720356,3447.0509400710503,False
2025-04-23,TCS.NS,3300.5824685039356,3155.23026587674,3457.690247422694,False
2025-04-24,TCS.NS,3307.1009449892895,3157.088896547908,3465.161949797708,False
2025-04-25,TCS.NS,3309.17734309531,3156.862843561163,3464.66385838023,False
2025-04-28,TCS.NS,3336.5949661987534,3194.54406535947,3483.192486392565,False
2025-04-29,TCS.NS,3341.574320281026,3176.8601123884687,3502.7654141935336,False
2025-04-30,TCS.NS,3357.3362240789183,3200.5664179515684,3518.210870079096,False
2025-05-02,TCS.NS,3372.6802480648703,3215.9233469911683,3540.0156056446544,False
2025-05-05,TCS.NS,3402.53482011693,3239.436596494159,3560.2113871493884,False
2025-05-06,TCS.NS,3406.1272092034565,3250.7517041586902,3551.7634261802655,False
2025-05-07,TCS.NS,3419.406976748582,3279.609793024235,3584.521940421185,False
2025-05-08,TCS.NS,3426.229884093532,3283.029505552365,3583.8766843874364,False
2025-05-09,TCS.NS,3426.674796989256,3278.176986546171,3581.014202667349,False
2025-05-12,TCS.NS,3437.848991412272,3276.7701308722835,3580.45251263306,False
2025-05-13,TCS.NS,3433.9163726736774,3277.197753749993,3583.830809169692,False
2025-05-14,TCS.NS,3439.2525279918173,3295.667883400038,3591.13802471912,False
2025-05-15,TCS.NS,3437.865624142778,3290.010453588096,3582.629915752563,False
2025-05-16,TCS.NS,3429.9914764482214,3273.0781509979115,3578.8324186332256,False
2025-05-19,TCS.NS,3417.1142888801096,3268.3814905595036,3575.5642792585477,False
2025-05-20,TCS.NS,3405.9591426687794,3249.574277894313,3559.724457975226,False
2025-05-21,TCS.NS,3404.6907641754865,3270.5863714511015,3554.4409437151617,False
2025-05-22,TCS.NS,3397.4280618999996,3231.1217168701137,3550.4925895941933,False
2025-05-23,TCS.NS,3384.499642206215,3239.827482378723,3535.463920442893,False
2025-05-26,TCS.NS,3362.011258958766,3212.578987757222,3500.1110066623737,False
2025-05-27,TCS.NS,3349.6015060163354,3200.520696628548,3504.510257195627,False
2025-05-28,TCS.NS,3348.046993086655,3183.027343497993,3499.635530795709,False
2025-05-29,TCS.NS,3341.4307592335344,3184.600493755627,3482.7127738752306,False
2025-05-30,TCS.NS,3330.02574876996,3180.554858897118,3482.862616650469,False
2025-06-02,TCS.NS,3316.5577711618434,3169.3606795925007,3470.438748777167,False
2025-06-03,TCS.NS,3308.300419885686,3164.209858320618,3463.245448190619,False
2025-06-04,TCS.NS,3311.2787597270035,3164.53028228911,3459.280515003577,False
2025-06-05,TCS.NS,3309.452998883252,3144.4406411750897,3466.3434594167397,False
2025-06-06,TCS.NS,3300.410410814211,3148.735776601614,3451.836765748557,False
2025-06-09,TCS.NS,3293.6649622835735,3132.527877172909,3442.8223340212007,False
2025-06-10,TCS.NS,3287.176994234733,3139.9010028635653,3439.332210332853,False
2025-06-11,TCS.NS,3291.543061512941,3138.317039473607,3438.0667550648627,False
2025-06-12,TCS.NS,3290.65740788593,3133.963989603533,3445.195954645864,False
2025-06-13,TCS.NS,3284.620159636777,3125.511873283919,3444.558991190681,False
2025-06-16,TCS.NS,3283.6684273696005,3130.702368020454,3427.9587882074256,False
2025-06-17,TCS.NS,3278.0429642888234,3135.429527508323,3436.6552026947306,False
2025-06-18,TCS.NS,3282.77967181858,3137.8113203702596,3430.85957464309,False
2025-06-19,TCS.NS,3281.819304107714,3115.7874836006995,3440.0998036975334,False
2025-06-20,TCS.NS,3275.3198445488943,3117.3967114385487,3435.2298717658464,False
2025-06-23,TCS.NS,3271.3549828540017,3125.0250997285193,3422.0625413387415,False
2025-06-24,TCS.NS,3264.437343210343,3108.62454124928,3411.2117717887127,False
2025-06-25,TCS.NS,3267.8663620486045,3110.2115239163513,3418.6406414049593,False
2025-06-26,TCS.NS,3265.654908054154,3110.690959282322,3420.115254321211,False
2025-06-27,TCS.NS,3258.0263006444197,3098.299167843259,3408.173674318731,False
2025-06-30,TCS.NS,3247.5510549832293,3093.397920196354,3393.994444481075,False
2025-07-01,TCS.NS,3238.9863984216067,3097.501126355074,3397.4310052621586,False
2025-07-02,TCS.NS,3241.051444279035,3093.947773154771,3393.3846761022382,False
2025-07-03,TCS.NS,3237.7509818698095,3089.41762828975,3384.0659882122895,False
2025-07-04,TCS.NS,3229.2865411456855,3081.392921161949,3387.668842841206,False
2025-07-07,TCS.NS,3221.7822234093305,3085.4017201305765,3362.7927422939742,False
2025-07-08,TCS.NS,3214.3940531625194,3059.752012896971,3357.806379470426,False
2025-07-09,TCS.NS,3217.617133783216,3049.6810469203547,3366.704898457736,False
2025-07-10,TCS.NS,3215.3830496527125,3056.119319307099,3369.704198127577,False
2025-07-11,TCS.NS,3207.81956420029,3050.1743338843603,3363.712865170029,False
2025-07-14,TCS.NS,3201.33582460348,3049.5521170936418,3351.210214072963,False
2025-07-15,TCS.NS,3193.5312227000454,3046.7760820274116,3342.1668540775436,False
2025-07-16,TCS.NS,3195.8868640478468,3035.0819561508324,3351.294039595724,False
2025-07-17,TCS.NS,3192.310013267093,3031.659634509611,3350.489814648887,False
2025-07-18,TCS.NS,3182.919081237563,3024.6045825284814,3343.3303368517263,False
2025-07-21,TCS.NS,3168.192179753425,3010.87704448083,3327.074979329358,False
2025-07-22,TCS.NS,3156.8498351605563,3004.1711478285692,3308.244210179973,False
2025-07-23,TCS.NS,3155.3765652280613,2998.0147514050564,3309.259647263296,False
2025-07-24,TCS.NS,3147.762688265704,3001.583590449493,3298.763581047005,False
2025-07-25,TCS.NS,3134.221001388084,2981.915540891372,3289.329554219963,False
2025-07-28,TCS.NS,3107.4225029219515,2958.1065611323083,3268.7513552500427,False
2025-07-29,TCS.NS,3092.557691039877,2935.9704958110183,3255.6630376759335,False
2025-07-30,TCS.NS,3087.999353118987,2941.212580020273,3229.305962353699,False
2025-07-31,TCS.NS,3077.8429021943302,2927.2325211446873,3230.3448605427197,False
2025-08-01,TCS.NS,3062.397287494298,2919.847240328867,3216.4724898688223,False
2025-08-04,TCS.NS,3034.487445323918,2878.312485278736,3202.043038472578,False
2025-08-05,TCS.NS,3020.960726372887,2880.984294255626,3164.6884936914635,False
2025-08-06,TCS.NS,3018.635131380834,2863.156474859778,3177.499665828807,False
2025-08-07,TCS.NS,3011.599351454708,2848.0610512648227,3158.601233945263,False
2025-08-08,TCS.NS,3000.134169188781,2847.5582044385637,3145.1422487912355,False
2025-08-11,TCS.NS,2988.7278240527544,2840.244904405275,3139.8962599285123,False
2025-08-12,TCS.NS,2981.9267145687536,2837.4881519830096,3128.856376924349,False
2025-08-13,TCS.NS,2989.9624916589305,2836.9540866971233,3140.0531870302716,False
2025-08-14,TCS.NS,2993.5743812790033,2832.3691246608514,3139.4461955787856,False
2025-08-18,TCS.NS,3013.1827175487842,2853.171249308604,3172.9687893523446,False
2025-08-19,TCS.NS,3016.2104655709354,2858.9930034929976,3165.240160968765,False
2025-08-20,TCS.NS,3030.2507598802686,2879.804275868319,3178.570698847501,False
2025-08-21,TCS.NS,3039.1259613622956,2888.5396368035185,3200.1106633114873,False
2025-08-22,TCS.NS,3042.8547723742927,2898.651913262185,3201.3328238665654,False
2025-08-25,TCS.NS,3070.2958873577822,2919.270268112663,3220.8211014778544,False
2025-08-26,TCS.NS,3073.48972355635,2926.96584993482,3227.055490449964,False
2025-08-28,TCS.NS,3093.28427196176,2946.307152880794,3243.828861263456,False
2025-08-29,TCS.NS,3093.7660977316355,2940.967402384837,3270.3410628236697,False
2025-09-01,TCS.NS,3105.425396207898,2963.880566199792,3250.8433503144756,False
2025-09-02,TCS.NS,3101.6559296620217,2951.115925984952,3252.116881171369,False
2025-09-03,TCS.NS,3107.0897993975373,2941.338949785857,3262.5459803469557,False
2025-09-04,TCS.NS,3105.6939692227975,2950.5779667562333,3260.010846216632,False
2025-09-05,TCS.NS,3097.6629110230833,2940.335362167832,3248.8674897499945,False
2025-09-08,TCS.NS,3092.63104057793,2933.00504123419,3242.3744285953935,False
2025-09-09,TCS.NS,3083.5356641538956,2935.416640440873,3219.989329426602,False
2025-09-10,TCS.NS,3083.993209055068,2935.87391954343,3245.927070222517,False
2025-09-11,TCS.NS,3078.094099803488,2922.5181559190396,3229.1068513846303,False
2025-09-12,TCS.NS,3066.1427339934075,2901.1709947404124,3223.0141379846214,False
2025-09-15,TCS.NS,3044.0981349872395,2900.9375102301756,3190.1075544655882,False
2025-09-16,TCS.NS,3030.9783322025055,2870.785368605202,3183.2963043664913,False
2025-09-17,TCS.NS,3028.2848019511775,2872.510511299006,3169.930524210956,False
2025-09-18,TCS.NS,3020.10949025837,2874.066269894087,3168.472436982532,False
2025-09-19,TCS.NS,3006.7401238960338,2847.330943344504,3152.1078587946513,False
2025-09-22,TCS.NS,2985.1785739756488,2821.8744366140627,3139.1942580447167,False
2025-09-23,TCS.NS,2973.5920510477267,2825.1444196675134,3117.2259412738817,False
2025-09-24,TCS.NS,2972.98740380786,2832.5639299099516,3122.088420410494,False
2025-09-25,TCS.NS,2967.3670365612606,2816.4489309457917,3130.528338791171,False
2025-09-26,TCS.NS,2956.92522587751,2809.0700418767215,3109.1246094619282,False
2025-09-29,TCS.NS,2945.442271872252,2796.297894499182,3097.5903280503994,False
2025-09-30,TCS.NS,2937.3490051403173,2793.8623742422933,3082.892775442924,False
2025-10-01,TCS.NS,2940.1703236379108,2775.807438815149,3102.908202102954,False
2025-10-03,TCS.NS,2930.497662764299,2776.4356843780333,3080.0577094933374,False
2025-10-06,TCS.NS,2926.7564092436232,2771.033367048096,3071.651125174011,False
2025-10-07,TCS.NS,2920.652258741909,2765.347034831487,3069.823583231102,False
2025-10-08,TCS.NS,2925.1596248917554,2783.2779601644625,3082.504705747786,False
2025-10-09,TCS.NS,2924.2251186378016,2771.1878988766075,3084.0680586256717,False
2025-10-10,TCS.NS,2918.007170117667,2773.9048399180215,3066.5383440038772,False
2025-10-13,TCS.NS,2916.3526335581428,2766.5730770896735,3070.842049005654,False
2025-10-14,TCS.NS,2910.65109263607,2757.515850011041,3058.1157407503574,False
2025-10-15,TCS.NS,2915.4907294604263,2759.4415675837345,3071.9113663774388,False
2025-10-16,TCS.NS,2914.8650094950362,2777.037986365844,3066.3086307541657,False
2025-10-17,TCS.NS,2908.9777846813877,2760.418783083571,3065.256735313034,False
2025-10-20,TCS.NS,2908.8513455206266,2764.932074389757,3057.727095780637,False
2025-10-21,TCS.NS,2903.948284947825,2753.168210896565,3062.7665585171626,False
2025-10-23,TCS.NS,2910.3281117820443,2760.6862133500435,3060.091205956887,False
2025-10-24,TCS.NS,2905.830135633703,2750.7104955711643,3071.084459678439,False
2025-10-27,TCS.NS,2911.0914235803825,2756.9253973173154,3068.6031777524445,False
2025-10-28,TCS.NS,2908.3562988776757,2753.3367475314917,3055.9952402091294,False
2025-10-29,TCS.NS,2916.5047595526553,2771.3605204425685,3067.7213971025717,False
2025-10-30,TCS.NS,2919.5227670421004,2769.702496321625,3059.197187414545,False
2025-10-31,TCS.NS,2917.5982316039504,2759.086439279953,3074.83023652524,False
2025-11-03,TCS.NS,2931.0156257342396,2789.2234732755255,3077.5704316143106,False
2025-11-04,TCS.NS,2931.0709020562585,2773.989627334116,3083.721452528903,False
2025-11-06,TCS.NS,2947.818413996505,2784.5971548361545,3100.231762376027,False
2025-11-07,TCS.NS,2948.66015851684,2799.4971133409676,3101.4193603166027,False
2025-11-10,TCS.NS,2970.209618103268,2816.0497584762757,3119.2768836711575,False
2025-11-11,TCS.NS,2972.920085430806,2822.645876851443,3128.1991392449504,False
2025-11-12,TCS.NS,2986.4976309902945,2824.138731456398,3142.7853923833673,False
2025-11-13,TCS.NS,2994.9204740861337,2844.079169896926,3152.0223967802767,False
2025-11-14,TCS.NS,2998.3727174252053,2849.5487404349537,3157.343970927388,False
2025-11-17,TCS.NS,3023.028031082819,2881.757742790196,3176.683115489976,False
2025-11-18,TCS.NS,3026.777243427039,2881.64416577836,3173.28673524536,False
2025-11-19,TCS.NS,3041.387674178614,2885.106036562762,3191.5693006247434,False
2025-11-20,TCS.NS,3050.825594542442,2897.6778968191215,3207.6576856173097,False
2025-11-21,TCS.NS,3055.2574127864373,2899.0301176085336,3215.003889088995,False
2025-11-24,TCS.NS,3087.0946179613793,2927.477371453051,3243.2775507191695,False
2025-11-25,TCS.NS,3092.958253441955,2928.9259886000464,3256.2304044201333,False
2025-11-26,TCS.NS,3109.470353436476,2957.0543558646264,3261.593458884543,False
2025-11-27,TCS.NS,3120.5469664368247,2965.59016920775,3265.2134588497374,False
2025-11-28,TCS.NS,3126.3015091930433,2966.6429189421847,3260.6057697897504,False
2025-12-01,TCS.NS,3159.6694561396216,2999.8801445639206,3316.9576232138174,False
2025-12-02,TCS.NS,3165.057703407176,3016.3055629418623,3320.7844122228676,False
2025-12-03,TCS.NS,3180.52475030387,3029.4042131604033,3326.5555065933195,False
2025-12-04,TCS.NS,3189.9500545343712,3029.39125032381,3333.485213365993,False
2025-12-05,TCS.NS,3193.419144170626,3031.4469027330993,3345.2719368406583,False
2025-12-08,TCS.NS,3216.0080576222354,3072.515183059673,3361.0027072023063,False
2025-12-09,TCS.NS,3215.929945821309,3067.951038028044,3366.5500161741325,False
2025-12-10,TCS.NS,3225.3331175191433,3081.7330550075735,3382.880959158953,False
2025-12-11,TCS.NS,3228.145001372308,3077.301012064995,3386.429811943696,False
2025-12-12,TCS.NS,3224.5129284504856,3081.902834241606,3386.405958802924,False
2025-12-15,TCS.NS,3223.6819531481297,3073.634377526218,3381.1990949106653,False
2025-12-16,TCS.NS,3216.005536139496,3055.086400052956,3364.5336579546674,False
2025-12-17,TCS.NS,3217.804925283408,3076.5726412255613,3359.163219632003,False
2025-12-18,TCS.NS,3213.126990428843,3061.615251477373,3376.786834870332,False
2025-12-19,TCS.NS,3202.24094861297,3047.029016369543,3368.821758937174,False
2025-12-22,TCS.NS,3182.2627990732735,3030.2189453772135,3331.977997215597,False
2025-12-23,TCS.NS,3169.449917342262,3016.269782979984,3319.179349552036,False
2025-12-24,TCS.NS,3166.9008280840335,3018.2300375049526,3317.013056645831,False
2025-12-26,TCS.NS,3145.3101393367524,2997.6575520193305,3296.7945671552443,False
2025-12-29,TCS.NS,3123.673324943306,2984.1680262857867,3280.2200617669705,False
2025-12-30,TCS.NS,3112.330498093042,2959.414086285577,3259.458181630198,False
2025-12-31,TCS.NS,3112.2264302859476,2954.583381229306,3264.67273325206,False
2026-01-01,TCS.NS,3107.435879846323,2955.4785295382167,3255.366610513223,False
2026-01-02,TCS.NS,3098.220899991371,2958.7891993778344,3250.5552865623877,False
2026-01-05,TCS.NS,3093.3538120800195,2928.744548567917,3241.4579993487237,False
2026-01-06,TCS.NS,3088.570205376703,2928.901712026147,3248.0474610196165,False
2026-01-07,TCS.NS,3095.2797997549683,2931.104361321663,3242.5043045953958,False
2026-01-08,TCS.NS,3097.4078207222033,2947.8161940207797,3254.79586599719,False
2026-01-09,TCS.NS,3095.0634654482765,2946.3185598816763,3259.3498810180645,False
2026-01-12,TCS.NS,3109.0093091409076,2960.0509414305193,3275.142034877859,False
2026-01-13,TCS.NS,3109.4210946720946,2964.778030130313,3259.2689845192103,False
2026-01-14,TCS.NS,3120.5746348419684,2967.203354312922,3266.768988320321,False
2026-01-15,TCS.NS,3126.287170044945,2972.940363142394,3278.6870416953343,False
2026-01-16,TCS.NS,3126.5765600248997,2966.584698849092,3277.4915017085873,False
2026-01-19,TCS.NS,3142.0895225073828,2995.1597264531797,3294.5375961520126,False
2026-01-20,TCS.NS,3140.804359661225,2984.6853098248457,3296.562087860075,False
2026-01-21,TCS.NS,3149.149715045662,2992.2123655899895,3303.627564935314,False
2026-01-22,TCS.NS,3150.9728781812196,2997.4224637850166,3299.2740859831692,False
2026-01-23,TCS.NS,3146.341272930776,3000.4742316326515,3291.5713176895556,False
2026-01-27,TCS.NS,3132.1556311085606,2970.641632367044,3291.4391501693904,False
2026-01-28,TCS.NS,3131.7320715256146,2978.9158536896175,3279.3756827161815,False
2026-01-29,TCS.NS,3124.3613162804954,2975.2220657704056,3287.1369024541314,False
2026-01-30,TCS.NS,3110.2412342218877,2958.3294437800346,3269.031432071087,False
2026-02-02,TCS.NS,3076.632944505395,2913.895762500673,3229.9752107464074,False
2026-02-03,TCS.NS,3057.7542447909054,2904.8479072106384,3211.703951165922,False
2026-02-04,TCS.NS,3048.2804072450203,2902.3443001367136,3205.9410957662294,False
2026-02-05,TCS.NS,3032.2869086053506,2886.3869424972977,3177.8074547113993,False
2026-02-06,TCS.NS,3010.061803878021,2851.609618843258,3152.9950102172174,False
2026-02-09,TCS.NS,2955.952825363281,2796.107197123855,3118.438053721612,False
2026-02-10,TCS.NS,2931.6799746234847,2784.820207330352,3072.918393513591,False
2026-02-11,TCS.NS,2917.5815726204105,2765.7743077681794,3071.1157579963888,False
2026-02-12,TCS.NS,2897.7434672942027,2742.407755892761,3042.308356466413,False
2026-02-13,TCS.NS,2872.452201734841,2732.2241008681162,3022.7236846748087,False
2026-02-16,TCS.NS,2813.6475547014634,2658.679487850436,2960.3927556632498,False
2026-02-17,TCS.NS,2789.213521380641,2634.9364863925466,2936.6985324652405,False
2026-02-18,TCS.NS,2775.5924356686683,2616.869693645049,2926.57412721433,False
2026-02-19,TCS.NS,2756.8262833619847,2597.34363061858,2902.986179932996,False
2026-02-20,TCS.NS,2733.15601949985,2578.1392111865666,2890.932845753955,False
2026-02-23,TCS.NS,2682.0542827453323,2528.076498416356,2831.685331725496,False
2026-02-24,TCS.NS,2660.991005676833,2502.5840893178597,2817.291489289269,False
2026-02-25,TCS.NS,2651.0771778452586,2503.2890160373286,2798.8937198821923,False
2026-02-26,TCS.NS,2636.320750161566,2482.3462895710645,2796.4801722015886,False
2026-02-27,TCS.NS,2616.9321817501686,2461.75209091518,2774.84546351063,False
2026-03-02,TCS.NS,2580.0506630934465,2423.6784170739506,2722.6806471088025,False
2026-03-04,TCS.NS,2559.484960871899,2403.557237906323,2716.7449454804655,False
2026-03-05,TCS.NS,2550.1557555061518,2409.338364845693,2689.8040844233515,False
2026-03-06,TCS.NS,2536.316135818042,2394.0044236150243,2686.9199344334957,False
2026-03-09,TCS.NS,2516.585430633644,2363.5324008749794,2665.1896057361423,False
2026-03-10,TCS.NS,2506.4423192353856,2356.3686934665375,2654.1605715019778,False
2026-03-11,TCS.NS,2507.5933326818367,2350.9223137744552,2652.8047596071406,False
2026-03-12,TCS.NS,2503.9888244103217,2356.814237652314,2655.835633754376,False
2026-03-13,TCS.NS,2495.776824433534,2344.133592851347,2643.189273402664,False
2026-03-16,TCS.NS,2491.8674733630774,2336.1545449097566,2636.375966813959,False
2026-03-17,TCS.NS,2486.4726570445396,2340.5324927996558,2646.504846539849,False
2026-03-18,TCS.NS,2492.020995666184,2343.7348026278246,2647.9192121017086,False
2026-03-19,TCS.NS,2492.411131728723,2338.3432038243245,2637.488934041505,False
2026-03-20,TCS.NS,2487.7422288925327,2331.1146350094036,2645.9057583750796,False
2026-03-23,TCS.NS,2491.339580577038,2335.3476260796306,2643.0928535617704,False
2026-03-24,TCS.NS,2487.304229538006,2332.075786995086,2652.9429735166727,False
2026-03-25,TCS.NS,2493.6125955334073,2344.2284377812325,2636.3158415948374,False
2026-03-27,TCS.NS,2489.0655300368403,2348.1523773369395,2640.8426458750396,False
2026-03-30,TCS.NS,2488.1549982657652,2333.4032618567053,2642.578627400029,False
2026-04-01,TCS.NS,2485.266118365286,2324.1993436183925,2640.040174856527,False
2026-04-02,TCS.NS,2482.8085260654993,2322.4413311817243,2634.4456261340792,False
2026-04-06,TCS.NS,2464.1522826273504,2311.8321196140046,2610.2215387078486,False
2026-04-07,TCS.NS,2454.9135134173634,2303.544629960166,2595.007346724077,False
2026-04-08,TCS.NS,2456.036189989807,2301.6743338450588,2614.7850962511106,False
2026-04-09,TCS.NS,2451.6011635510413,2312.5897880273146,2605.535981536252,False
2026-04-10,TCS.NS,2441.902650156131,2294.1734061366974,2594.1682053126774,False
2026-04-13,TCS.NS,2431.244539447513,2272.118278742959,2597.235151428984,False
2026-04-15,TCS.NS,2426.7708903573425,2282.5271660791373,2579.1141157217617,False
2026-04-16,TCS.NS,2425.354242110144,2267.886667188052,2569.0759884893746,False
2026-04-17,TCS.NS,2419.449904767533,2275.730373713274,2562.7491400274266,False
2026-04-20,TCS.NS,2424.3196945285895,2269.133970287915,2576.428180148896,False
2026-04-21,TCS.NS,2422.798198586925,2264.9912087826538,2577.035527343946,False
2026-04-22,TCS.NS,2432.8253286459926,2286.059659758215,2585.717631073481,False
2026-04-23,TCS.NS,2438.35625761304,2282.2967210947995,2593.272123442829,False
2026-04-24,TCS.NS,2439.529769403606,2284.6454218412186,2578.941630198813,False
2026-04-27,TCS.NS,2464.9899734615246,2319.379465964333,2623.810027736937,False
2026-04-28,TCS.NS,2469.636748692519,2312.0231157518438,2629.071768730818,False
2026-04-29,TCS.NS,2485.2531161989573,2326.2609706159537,2626.409559022187,False
2026-04-30,TCS.NS,2495.6678520826595,2339.612208662924,2638.374405473749,False
2026-05-01,TCS.NS,2500.906107985526,2342.1992038464036,2662.358646826498,False
2026-05-04,TCS.NS,2532.7586865338203,2378.3142456733285,2683.6454089087206,False
2026-05-05,TCS.NS,2537.4049467724367,2377.1573393673293,2696.5743497267754,False
2026-05-06,TCS.NS,2551.9113116278686,2405.2025077201397,2717.2815131241014,False
2026-05-07,TCS.NS,2560.1150694034804,2412.657823023801,2720.1683626293566,True
2026-05-08,TCS.NS,2562.0733250760586,2413.1531131859165,2703.6798706465,True
2026-05-09,TCS.NS,2541.234806249304,2393.1250791923007,2693.874266158602,True
2026-05-10,TCS.NS,2582.0976852630915,2437.1240594186324,2749.2640436862116,True
2026-05-11,TCS.NS,2578.326559034309,2425.911465118058,2728.9223632665344,True
2026-05-12,TCS.NS,2576.172752107764,2430.0664493492427,2730.453417135088,True
2026-05-13,TCS.NS,2583.2817018133624,2443.3735315534036,2731.8596218745397,True
2026-05-14,TCS.NS,2583.6324668729594,2422.7677344684794,2735.8443950516303,True
2026-05-15,TCS.NS,2577.4328627349237,2417.0630028311434,2739.8252353378375,True
2026-05-16,TCS.NS,2548.2877693577057,2391.4778911108724,2700.564764227609,True
2026-05-17,TCS.NS,2580.8533314133606,2426.618720724932,2730.575844394947,True
2026-05-18,TCS.NS,2568.950285168699,2418.3155604572116,2723.184620792563,True
2026-05-19,TCS.NS,2558.9806710397024,2405.4458179975722,2705.819742187859,True
2026-05-20,TCS.NS,2558.7317825362284,2406.381834029711,2721.219627150968,True
2026-05-21,TCS.NS,2552.312480581957,2397.9316437022917,2705.8970423870487,True
2026-05-22,TCS.NS,2540.0454575643116,2383.714384414122,2691.419448069444,True
2026-05-23,TCS.NS,2505.633069153343,2352.1743715013718,2655.653191634649,True
2026-05-24,TCS.NS,2533.8095154579987,2372.77232952058,2674.580479095611,True
2026-05-25,TCS.NS,2518.4526549864054,2360.9613535315793,2661.5551742668245,True
2026-05-26,TCS.NS,2505.999745904046,2351.8442871551,2666.4596366022806,True
2026-05-27,TCS.NS,2504.250986153808,2346.3108706486837,2656.8110158561567,True
2026-05-28,TCS.NS,2497.305987075541,2339.4014674561695,2646.2281651812023,True
2026-05-29,TCS.NS,2485.4567552241742,2325.231144621554,2626.8792875059717,True
2026-05-30,TCS.NS,2452.3547757786127,2292.340714376423,2604.7624930964994,True
2026-05-31,TCS.NS,2482.664940183917,2320.8519873186196,2654.0049285842197,True
2026-06-01,TCS.NS,2470.1795494272437,2307.5007008547623,2630.2959286096484,True
2026-06-02,TCS.NS,2461.2366237109845,2304.9412437462174,2602.7137106469145,True
2026-06-03,TCS.NS,2463.5263165124156,2308.3872067417597,2626.363380103511,True
2026-06-04,TCS.NS,2461.0304863205924,2303.7270734111116,2622.248170836917,True
2026-06-05,TCS.NS,2453.9189139427754,2298.755626644328,2616.9610383644704,True
2024-05-06,RELIANCE.NS,1392.6872803971926,1344.050622638793,1440.6671077540964,False
2024-05-07,RELIANCE.NS,1393.4946925757074,1346.2734232687794,1441.0055259292758,False
2024-05-08,RELIANCE.NS,1400.4966440297285,1351.1357628793771,1445.800223424936,False
2024-05-09,RELIANCE.NS,1404.2637865278334,1357.86835847761,1448.8146615777937,False
2024-05-10,RELIANCE.NS,1409.4221220640352,1361.751643424706,1456.2083187812245,False
2024-05-13,RELIANCE.NS,1416.0911399504685,1374.0330298651868,1464.0307628539545,False
2024-05-14,RELIANCE.NS,1414.0426368271194,1366.7025741535815,1462.964309757283,False
2024-05-15,RELIANCE.NS,1418.5883547992084,1369.0443251556399,1463.4933450418598,False
2024-05-16,RELIANCE.NS,1420.2966825097092,1375.6196339848834,1464.6607815552195,False
2024-05-17,RELIANCE.NS,1423.7788818512056,1376.621039683819,1470.5593534621019,False
2024-05-21,RELIANCE.NS,1424.8717392502124,1376.19521898579,1472.9509034121843,False
2024-05-22,RELIANCE.NS,1429.104519403873,1385.3882158750005,1474.8615426565264,False
2024-05-23,RELIANCE.NS,1430.6241393236826,1382.2421987091006,1476.2798591490944,False
2024-05-24,RELIANCE.NS,1433.9897595150103,1388.681821299694,1477.5886694019493,False
2024-05-27,RELIANCE.NS,1437.2432246803985,1390.0942937388531,1484.7191732142996,False
2024-05-28,RELIANCE.NS,1434.4473999287625,1382.8281834219576,1484.7771187619433,False
2024-05-29,RELIANCE.NS,1438.3182517371656,1391.7045404376202,1487.287831688325,False
2024-05-30,RELIANCE.NS,1439.3619521375342,1394.598231131523,1488.6157870607208,False
2024-05-31,RELIANCE.NS,1442.139083260133,1395.3899722663298,1489.5826939900257,False
2024-06-03,RELIANCE.NS,1443.1181145424382,1401.5059821145894,1490.7738785337435,False
2024-06-04,RELIANCE.NS,1439.495639978641,1393.8304442057217,1486.1141721174617,False
2024-06-05,RELIANCE.NS,1442.5748030864982,1398.0749735371076,1487.2069908976566,False
2024-06-06,RELIANCE.NS,1442.9111212507103,1397.3222351395646,1490.5385908921066,False
2024-06-07,RELIANCE.NS,1445.1170494290034,1399.0238958611417,1492.6196043868324,False
2024-06-10,RELIANCE.NS,1445.7112033222324,1397.4094736055374,1490.752052792041,False
2024-06-11,RELIANCE.NS,1442.5563252375002,1396.8267335099977,1492.7844599597652,False
2024-06-12,RELIANCE.NS,1446.4614531111865,1400.9024889798989,1493.2979929426692,False
2024-06-13,RELIANCE.NS,1448.0048051949811,1403.1223701972885,1495.678749482842,False
2024-06-14,RELIANCE.NS,1451.810351120911,1404.5775384567162,1497.2176855204107,False
2024-06-18,RELIANCE.NS,1459.3612515154227,1411.9213197875447,1507.7016643715883,False
2024-06-19,RELIANCE.NS,1466.5541739396867,1416.618344901256,1515.7032266138424,False
2024-06-20,RELIANCE.NS,1471.5775857982235,1427.0869634198848,1518.936269078492,False
2024-06-21,RELIANCE.NS,1478.9800986001515,1431.576738655894,1527.780735206606,False
2024-06-24,RELIANCE.NS,1497.276314675102,1451.3570053640003,1541.9981673221873,False
2024-06-25,RELIANCE.NS,1500.3216148631248,1448.5065927222945,1546.5927432224523,False
2024-06-26,RELIANCE.NS,1510.3386130480592,1460.4703180380093,1556.0642287723706,False
2024-06-27,RELIANCE.NS,1517.7482536444081,1470.6591118831293,1563.5613361577045,False
2024-06-28,RELIANCE.NS,1527.0130882770154,1480.2832540369436,1572.444777968799,False
2024-07-01,RELIANCE.NS,1547.0392941972696,1502.122773259991,1597.916462253772,False
2024-07-02,RELIANCE.NS,1549.202365318451,1503.172030863133,1594.2825917499754,False
2024-07-03,RELIANCE.NS,1557.55972909917,1513.3877085776276,1600.7632968388364,False
2024-07-04,RELIANCE.NS,1562.5294875223262,1516.7583326250826,1607.9131301608022,False
2024-07-05,RELIANCE.NS,1568.5896420851736,1525.2444583851009,1617.4133145364572,False
2024-07-08,RELIANCE.NS,1574.8401160024262,1529.3981977941166,1624.7105887214366,False
2024-07-09,RELIANCE.NS,1571.2521069528195,1523.8876162292843,1615.0708710999527,False
2024-07-10,RELIANCE.NS,1573.4309042806974,1526.90303745467,1619.7136587045238,False
2024-07-11,RELIANCE.NS,1571.9046406231532,1525.259349403185,1617.910975013076,False
2024-07-12,RELIANCE.NS,1571.2704637280763,1522.1667066844489,1620.4546621763802,False
2024-07-15,RELIANCE.NS,1557.5159390077188,1508.4408126675144,1605.3880504332524,False
2024-07-16,RELIANCE.NS,1547.711915933953,1504.0911195336198,1595.8239581401913,False
2024-07-18,RELIANCE.NS,1537.3350788310538,1487.66584354097,1589.5130280682265,False
2024-07-19,RELIANCE.NS,1532.097435849364,1486.9633292542032,1576.7874518682368,False
2024-07-22,RELIANCE.NS,1509.1408686810842,1461.1702257110846,1552.362185071038,False
2024-07-23,RELIANCE.NS,1497.9733614087977,1452.6266858097588,1545.870083869042,False
2024-07-24,RELIANCE.NS,1493.8908508747227,1447.0295560170505,1538.0755669012872,False
2024-07-25,RELIANCE.NS,1487.5238910882113,1439.5576840676358,1536.5188303774953,False
2024-07-26,RELIANCE.NS,1483.5405959538173,1436.2166690240624,1529.9105556691243,False
2024-07-29,RELIANCE.NS,1468.898566541492,1421.963902295158,1515.2609037992945,False
2024-07-30,RELIANCE.NS,1461.754802608699,1415.3443099599117,1510.808996770759,False
2024-07-31,RELIANCE.NS,1462.1572974700923,1419.7042772241216,1509.4556397606395,False
2024-08-01,RELIANCE.NS,1460.6237234638083,1413.4952518241453,1505.6457596658656,False
2024-08-02,RELIANCE.NS,1461.70407626516,1414.6400735837483,1506.816438582399,False
2024-08-05,RELIANCE.NS,1462.4396991007604,1418.0146311760584,1508.2748753703338,False
2024-08-06,RELIANCE.NS,1460.1025781143785,1414.0107818546162,1511.0979876827814,False
2024-08-07,RELIANCE.NS,1464.7734903220792,1419.7069900371189,1511.8182156944063,False
2024-08-08,RELIANCE.NS,1467.0895358546193,1422.2318299449666,1517.2707233154179,False
2024-08-09,RELIANCE.NS,1471.5277618682173,1424.9905914172687,1523.4929241373638,False
2024-08-12,RELIANCE.NS,1478.8967918597446,1434.2416752165939,1525.3317185360688,False
2024-08-13,RELIANCE.NS,1477.5465172116699,1430.1913995626267,1523.9995520164857,False
2024-08-14,RELIANCE.NS,1482.8031399650906,1438.7243878225743,1530.314094860157,False
2024-08-16,RELIANCE.NS,1489.0331056021623,1442.8820970861352,1534.3760814680406,False
2024-08-19,RELIANCE.NS,1492.2125517715574,1445.8971717218633,1537.0901429068726,False
2024-08-20,RELIANCE.NS,1488.8546974651215,1443.7095240223553,1541.3951538643423,False
2024-08-21,RELIANCE.NS,1491.9409943158184,1445.670567489948,1537.1778210006114,False
2024-08-22,RELIANCE.NS,1492.0192552727563,1442.7253038707825,1537.956359488289,False
2024-08-23,RELIANCE.NS,1493.6972558186912,1442.3715678938179,1541.5234645093722,False
2024-08-26,RELIANCE.NS,1491.072068105618,1440.8892235846417,1538.8447873905043,False
2024-08-27,RELIANCE.NS,1486.2993407374859,1438.2359176116342,1532.167763590776,False
2024-08-28,RELIANCE.NS,1488.315797431597,1442.6721665372063,1536.6943698445364,False
2024-08-29,RELIANCE.NS,1487.700762073799,1439.4638769954197,1531.419899242808,False
2024-08-30,RELIANCE.NS,1487.3310708652502,1440.043544099994,1531.8943129342717,False
2024-09-02,RELIANCE.NS,1480.8820132477044,1433.5121039624837,1526.8904044011108,False
2024-09-03,RELIANCE.NS,1475.5242041347626,1430.362669124581,1525.0145225161673,False
2024-09-04,RELIANCE.NS,1477.2276689309192,1433.4529009152536,1525.5924749938047,False
2024-09-05,RELIANCE.NS,1476.5127641764204,1425.5544475071858,1522.219005847567,False
2024-09-06,RELIANCE.NS,1477.9380480219559,1433.848298939518,1525.621705599096,False
2024-09-09,RELIANCE.NS,1477.024236111393,1430.932966337612,1524.2545713714449,False
2024-09-10,RELIANCE.NS,1473.3140446344034,1424.3369522058397,1517.925156850766,False
2024-09-11,RELIANCE.NS,1476.448991535299,1430.2958550734825,1523.3949381991174,False
2024-09-12,RELIANCE.NS,1476.8877294843896,1430.4902632410556,1524.7948536144168,False
2024-09-13,RELIANCE.NS,1479.1358756351156,1433.7967075820825,1530.389761653283,False
2024-09-16,RELIANCE.NS,1478.3423423954832,1431.1381308779264,1522.3975567948664,False
2024-09-17,RELIANCE.NS,1473.8316555254644,1427.7219980397533,1520.7588197910495,False
2024-09-18,RELIANCE.NS,1475.7508026084263,1432.4846002048391,1523.3598494750424,False
2024-09-19,RELIANCE.NS,1474.581910763137,1425.9489729109687,1518.883642339376,False
2024-09-20,RELIANCE.NS,1474.8670265554786,1429.3338156740053,1524.239290157115,False
2024-09-23,RELIANCE.NS,1460.870591399031,1417.5360552639038,1507.7680605275077,False
2024-09-24,RELIANCE.NS,1451.6495646009846,1404.015989151036,1495.7848983601375,False
2024-09-25,RELIANCE.NS,1448.8310415508352,1398.7205351252233,1494.8678904922772,False
2024-09-26,RELIANCE.NS,1442.97822498361,1400.7597613670061,1488.09470781844,False
2024-09-27,RELIANCE.NS,1438.7139726468158,1393.2567500811836,1485.8565474793713,False
2024-09-30,RELIANCE.NS,1418.3460036605088,1368.1037595518362,1467.0878261953278,False
2024-10-01,RELIANCE.NS,1407.7387335137028,1363.357388728815,1451.3695905601985,False
2024-10-03,RELIANCE.NS,1397.6886607195977,1349.2245904482238,1443.8923652499188,False
2024-10-04,RELIANCE.NS,1393.4847449756987,1345.9617797501292,1440.3552243899203,False
2024-10-07,RELIANCE.NS,1376.3212397491543,1330.5633499873688,1422.0989660098128,False
2024-10-08,RELIANCE.NS,1367.7148990593582,1318.6738421072118,1412.4539891481575,False
2024-10-09,RELIANCE.NS,1366.3605820167622,1321.0080131373286,1412.292418662515,False
2024-10-10,RELIANCE.NS,1362.795040479681,1314.182353431539,1407.9197801367563,False
2024-10-11,RELIANCE.NS,1361.59195433297,1316.3296097479058,1410.6465829033584,False
2024-10-14,RELIANCE.NS,1354.2511252992313,1306.409407421024,1403.591826733032,False
2024-10-15,RELIANCE.NS,1348.914805797507,1302.4687700788754,1391.5847564458568,False
2024-10-16,RELIANCE.NS,1350.6900982070624,1304.0548459140696,1397.7305663157292,False
2024-10-17,RELIANCE.NS,1350.0361314490985,1304.6640482598903,1397.1541928743786,False
2024-10-18,RELIANCE.NS,1351.4557365510675,1304.6140286293366,1395.7301853935649,False
2024-10-21,RELIANCE.NS,1349.6837241424323,1298.7557926821253,1396.9568191632077,False
2024-10-22,RELIANCE.NS,1345.3070233162287,1299.0098233574913,1395.2084453084424,False
2024-10-23,RELIANCE.NS,1347.561515418454,1304.3422169156327,1393.9727897543428,False
2024-10-24,RELIANCE.NS,1346.9080818045657,1301.299794989213,1392.2208649690624,False
2024-10-25,RELIANCE.NS,1347.8653340223398,1304.6861019294047,1399.2362592105487,False
2024-10-28,RELIANCE.NS,1342.2831039788998,1295.5145321068796,1386.9807385796914,False
2024-10-29,RELIANCE.NS,1336.003870897655,1289.1662917232177,1381.0513420268244,False
2024-10-30,RELIANCE.NS,1336.150157005004,1291.5219177602266,1385.6936887260003,False
2024-10-31,RELIANCE.NS,1333.2587695376853,1287.6669635028468,1382.509462197891,False
2024-11-01,RELIANCE.NS,1331.9275024303226,1284.550767758605,1379.6098902188216,False
2024-11-04,RELIANCE.NS,1319.9668188165833,1272.3058385142429,1370.1023034284997,False
2024-11-05,RELIANCE.NS,1311.9703499156458,1264.4409482687256,1357.6917011574449,False
2024-11-06,RELIANCE.NS,1310.7109293476335,1264.993140398987,1354.3955850082634,False
2024-11-07,RELIANCE.NS,1306.7767831785839,1263.0017012825365,1358.7576716570468,False
2024-11-08,RELIANCE.NS,1304.803750050078,1258.210537020807,1351.3748488673812,False
2024-11-11,RELIANCE.NS,1293.5215825152918,1250.6997180332858,1340.715596958172,False
2024-11-12,RELIANCE.NS,1286.6176455025434,1241.4279233156112,1335.5086708552883,False
2024-11-13,RELIANCE.NS,1286.8495796314996,1241.3776576873988,1335.2163275242174,False
2024-11-14,RELIANCE.NS,1284.765123784426,1240.8383151605062,1331.630274984538,False
2024-11-18,RELIANCE.NS,1281.3592585002314,1231.3560208112735,1328.903606030567,False
2024-11-19,RELIANCE.NS,1277.1818556021049,1229.9769596473006,1325.310282244463,False
2024-11-21,RELIANCE.NS,1280.5648860929114,1234.1583605851013,1325.9142213338978,False
2024-11-22,RELIANCE.NS,1283.109696726712,1235.6210009306476,1330.013335319166,False
2024-11-25,RELIANCE.NS,1284.7841380258387,1237.6549468495687,1330.1418755390084,False
2024-11-26,RELIANCE.NS,1281.5921096492439,1234.3957133013594,1328.5621281429544,False
2024-11-27,RELIANCE.NS,1285.0488897359737,1235.767046007953,1329.240122164656,False
2024-11-28,RELIANCE.NS,1285.611256273603,1237.8113531218928,1331.7360800359002,False
2024-11-29,RELIANCE.NS,1287.791207602507,1243.435615511863,1335.4891762034272,False
2024-12-02,RELIANCE.NS,1285.8185975763606,1237.299679786809,1333.576609807108,False
2024-12-03,RELIANCE.NS,1281.9203639731797,1235.9049106880793,1327.6918405778506,False
2024-12-04,RELIANCE.NS,1284.3916491066977,1238.6390519524875,1332.2862356004307,False
2024-12-05,RELIANCE.NS,1283.752955428298,1234.5493229409465,1331.571178882566,False
2024-12-06,RELIANCE.NS,1284.585418947307,1237.2235658047814,1330.4222666270848,False
2024-12-09,RELIANCE.NS,1278.4186126829263,1230.269935702364,1326.7695238956367,False
2024-12-10,RELIANCE.NS,1272.0701308171422,1226.319467395328,1320.3759671292553,False
2024-12-11,RELIANCE.NS,1272.294614805438,1224.9246415402451,1319.8846189510355,False
2024-12-12,RELIANCE.NS,1269.668254978395,1224.473753114492,1318.8982928631567,False
2024-12-13,RELIANCE.NS,1268.8187254009626,1220.9066102137356,1314.6606245179794,False
2024-12-16,RELIANCE.NS,1259.7414187888671,1213.7858767191215,1304.7311801707917,False
2024-12-17,RELIANCE.NS,1253.1748187918759,1209.0651929826465,1298.329297193636,False
2024-12-18,RELIANCE.NS,1253.5461713104935,1205.7897415210723,1302.4597833538458,False
2024-12-19,RELIANCE.NS,1251.4068466095505,1204.2742077090102,1296.378934741101,False
2024-12-20,RELIANCE.NS,1251.3486157983255,1204.926713165379,1294.8049234170758,False
2024-12-23,RELIANCE.NS,1245.9734406572443,1202.3931320719737,1294.238127256992,False
2024-12-24,RELIANCE.NS,1242.4213914348838,1195.1597441058318,1289.8173498493318,False
2024-12-26,RELIANCE.NS,1246.649176241535,1200.4201783646658,1292.0367275178266,False
2024-12-27,RELIANCE.NS,1249.4393385443657,1202.935092470567,1293.1600983701928,False
2024-12-30,RELIANCE.NS,1251.3049034748926,1202.8189003481427,1298.9167469969793,False
2024-12-31,RELIANCE.NS,1248.0412151820867,1201.4379236347188,1296.1962783077943,False
2025-01-01,RELIANCE.NS,1251.3819005452879,1205.8118323744804,1299.1295714639227,False
2025-01-02,RELIANCE.NS,1251.7976955677047,1204.5687780035746,1302.0486116410104,False
2025-01-03,RELIANCE.NS,1253.8145759299584,1208.6388617963416,1304.0093615538872,False
2025-01-06,RELIANCE.NS,1251.3947646120232,1206.8366415941864,1302.0206869193498,False
2025-01-07,RELIANCE.NS,1246.169327178346,1195.3172198049876,1293.2093408746491,False
2025-01-08,RELIANCE.NS,1247.3688859798,1199.3230816062296,1296.1353217794042,False
2025-01-09,RELIANCE.NS,1245.5291711283307,1198.5213198519293,1292.3849092076678,False
2025-01-10,RELIANCE.NS,1245.2469152976382,1202.2688155944522,1295.4288015574684,False
2025-01-13,RELIANCE.NS,1236.414844977025,1191.9374940562611,1284.4040479243874,False
2025-01-14,RELIANCE.NS,1229.4591455236246,1183.4862976118077,1274.8103918510735,False
2025-01-15,RELIANCE.NS,1229.2446264850362,1183.176948762187,1276.7238539675766,False
2025-01-16,RELIANCE.NS,1226.3637496447925,1179.4654873196469,1272.172146236553,False
2025-01-17,RELIANCE.NS,1225.4599196787806,1177.1546785001183,1273.056449181979,False
2025-01-20,RELIANCE.NS,1217.5637593995068,1171.5339626392877,1262.7333330625397,False
2025-01-21,RELIANCE.NS,1211.8792136560758,1166.4223860250593,1258.1377242949895,False
2025-01-22,RELIANCE.NS,1213.3920466589925,1163.1259521283553,1261.3954840794736,False
2025-01-23,RELIANCE.NS,1212.6590712068453,1168.9745993025967,1255.50180889626,False
2025-01-24,RELIANCE.NS,1214.2745407149232,1168.6526779667247,1260.9078194198476,False
2025-01-27,RELIANCE.NS,1215.4989134938844,1169.503238269084,1264.3246274035196,False
2025-01-28,RELIANCE.NS,1213.1082850373712,1166.262845035116,1260.2298917814364,False
2025-01-29,RELIANCE.NS,1217.893558454778,1171.6875241962298,1268.4444037772707,False
2025-01-30,RELIANCE.NS,1220.3189858041087,1174.9055425176462,1263.8242386135428,False
2025-01-31,RELIANCE.NS,1224.8876688504256,1179.799661078161,1272.1795276133325,False
2025-02-01,RELIANCE.NS,1259.7657295945746,1216.597540358208,1302.978705926197,False
2025-02-03,RELIANCE.NS,1232.9068948806237,1185.814211820072,1279.1285984296944,False
2025-02-04,RELIANCE.NS,1231.8587736389602,1182.6191726223938,1273.9187672738137,False
2025-02-05,RELIANCE.NS,1237.4379258212246,1188.2800075198677,1282.6980336352392,False
2025-02-06,RELIANCE.NS,1240.0777955790672,1193.0935355003282,1287.9728065262748,False
2025-02-07,RELIANCE.NS,1244.266926847028,1198.1548779848938,1290.3401713431083,False
2025-02-10,RELIANCE.NS,1247.6931840558739,1197.7857767556388,1292.6910991605982,False
2025-02-11,RELIANCE.NS,1244.0835054053064,1195.719044010915,1290.2494199399898,False
2025-02-12,RELIANCE.NS,1246.6857285856538,1198.6091169000108,1290.1076498304042,False
2025-02-13,RELIANCE.NS,1246.0139971871522,1204.2741049493632,1292.0808910300832,False
2025-02-14,RELIANCE.NS,1246.6486302808262,1201.3776381602217,1291.0495941398713,False
2025-02-17,RELIANCE.NS,1238.9843475182856,1191.5462867820402,1288.7680479748553,False
2025-02-18,RELIANCE.NS,1231.896358936919,1185.9868704774901,1280.7708480708156,False
2025-02-19,RELIANCE.NS,1231.3080213149374,1186.6778186622298,1278.7430402879493,False
2025-02-20,RELIANCE.NS,1227.8329087766226,1181.3953464657802,1270.9956264484865,False
2025-02-21,RELIANCE.NS,1226.1415093425858,1176.7372034230402,1270.996820248358,False
2025-02-24,RELIANCE.NS,1215.0714215411497,1166.6187507429697,1258.657348105702,False
2025-02-25,RELIANCE.NS,1208.195517714803,1156.9615459907416,1255.9470931663943,False
2025-02-27,RELIANCE.NS,1206.6671747671178,1161.2136590515772,1255.8965707311063,False
2025-02-28,RELIANCE.NS,1207.2606231113878,1154.2444919742538,1254.2835031626948,False
2025-03-03,RELIANCE.NS,1206.4866338790905,1159.3012660568008,1252.784474591213,False
2025-03-04,RELIANCE.NS,1203.9163631908075,1155.2637041449889,1252.2468883107547,False
2025-03-05,RELIANCE.NS,1208.8178177182797,1166.8169275256632,1255.965991086942,False
2025-03-06,RELIANCE.NS,1211.6771173300451,1163.1142559898378,1264.2643153224872,False
2025-03-07,RELIANCE.NS,1217.0116439543735,1172.2835989354032,1265.7580792712897,False
2025-03-10,RELIANCE.NS,1229.3380554943612,1181.5168108198332,1278.769307681037,False
2025-03-11,RELIANCE.NS,1230.3579395920453,1184.246645710738,1276.270088842153,False
2025-03-12,RELIANCE.NS,1238.2806967115662,1189.4266239917815,1286.7593962091669,False
2025-03-13,RELIANCE.NS,1243.5030439518396,1199.7785094847418,1292.286239286093,False
2025-03-17,RELIANCE.NS,1262.861799580002,1214.5491630577571,1306.1546320209425,False
2025-03-18,RELIANCE.NS,1262.2520445851471,1208.9610623692972,1307.8069647943923,False
2025-03-19,RELIANCE.NS,1267.7531532249584,1220.7976788240417,1318.5293950768037,False
2025-03-20,RELIANCE.NS,1269.8145755760906,1227.6118560774953,1318.7447646745009,False
2025-03-21,RELIANCE.NS,1272.9536948495377,1228.2314399178274,1321.3166556000124,False
2025-03-24,RELIANCE.NS,1270.861596975651,1226.218690798479,1316.8716567570245,False
2025-03-25,RELIANCE.NS,1264.824931022449,1216.156178916729,1311.874426443616,False
2025-03-26,RELIANCE.NS,1264.8256742788437,1218.334927270344,1313.7913932040994,False
2025-03-27,RELIANCE.NS,1261.4565736744214,1216.694219853441,1306.3394419550982,False
2025-03-28,RELIANCE.NS,1259.3784188266004,1211.790643280787,1305.9600624319992,False
2025-04-01,RELIANCE.NS,1235.1826559659335,1190.206938339034,1282.8806639927109,False
2025-04-02,RELIANCE.NS,1232.9378018129394,1184.404622260196,1276.7907706203744,False
2025-04-03,RELIANCE.NS,1228.204693656229,1181.7258391495059,1276.6628795495456,False
2025-04-04,RELIANCE.NS,1225.6966072827797,1179.5529458238268,1272.5575492637,False
2025-04-07,RELIANCE.NS,1215.096830717811,1168.5258585502552,1261.050155518565,False
2025-04-08,RELIANCE.NS,1209.389215108601,1161.65978487355,1259.707041476046,False
2025-04-09,RELIANCE.NS,1211.387351997987,1164.483341547446,1260.3287886067915,False
2025-04-11,RELIANCE.NS,1214.8769276371083,1169.9474894310338,1263.8772263926767,False
2025-04-15,RELIANCE.NS,1225.8107305604915,1181.4077757721664,1271.5996448727078,False
2025-04-16,RELIANCE.NS,1235.0411049855738,1185.9302295506109,1280.4721416312793,False
2025-04-17,RELIANCE.NS,1242.448881080649,1197.9425809525185,1289.0225328666693,False
2025-04-21,RELIANCE.NS,1279.7798798155834,1230.3836224231936,1326.4394553560444,False
2025-04-22,RELIANCE.NS,1285.949221329224,1240.5478811683606,1332.097505300766,False
2025-04-23,RELIANCE.NS,1299.0800815993741,1254.5404368034087,1344.964028822911,False
2025-04-24,RELIANCE.NS,1309.5631013956333,1260.6440635473916,1358.4909782512323,False
2025-04-25,RELIANCE.NS,1321.8425283537504,1275.9901160544748,1369.1512267411017,False
2025-04-28,RELIANCE.NS,1350.5616546714898,1303.105317048993,1396.2577138681024,False
2025-04-29,RELIANCE.NS,1355.5648837769793,1309.1204553225798,1402.7144473929116,False
2025-04-30,RELIANCE.NS,1366.7893235591855,1318.7474359785272,1411.7060124611528,False
2025-05-02,RELIANCE.NS,1383.8224268868107,1332.6354753423473,1430.3332406419995,False
2025-05-05,RELIANCE.NS,1400.5489094579002,1355.609794121743,1445.806203139827,False
2025-05-06,RELIANCE.NS,1401.0553212073476,1354.49041164877,1450.933977129139,False
2025-05-07,RELIANCE.NS,1407.704396128136,1365.1130435195234,1453.8800707394148,False
2025-05-08,RELIANCE.NS,1411.0567488934566,1362.9199194431628,1460.1958255041757,False
2025-05-09,RELIANCE.NS,1415.7309380582742,1368.2109989030332,1461.8944656942715,False
2025-05-12,RELIANCE.NS,1420.4968208189935,1376.8905727300257,1465.9013666977128,False
2025-05-13,RELIANCE.NS,1417.6650223177976,1368.646011260498,1463.4123674257633,False
2025-05-14,RELIANCE.NS,1421.359464826849,1373.7484887126725,1467.5820733276457,False
2025-05-15,RELIANCE.NS,1422.155364852034,1374.7867729504435,1472.8364509657667,False
2025-05-16,RELIANCE.NS,1424.6722986881787,1379.5961652224607,1470.571506521473,False
2025-05-19,RELIANCE.NS,1425.1882059418695,1376.3783433291123,1473.2055525142612,False
2025-05-20,RELIANCE.NS,1421.5713786730382,1378.3367554695649,1471.694340059954,False
2025-05-21,RELIANCE.NS,1424.7228691793064,1380.9126784417786,1473.3850758090273,False
2025-05-22,RELIANCE.NS,1425.1664562268397,1378.9502028691436,1473.2209278048067,False
2025-05-23,RELIANCE.NS,1427.4685893689445,1383.3413438465607,1472.9902405761986,False
2025-05-26,RELIANCE.NS,1427.6548735051838,1379.0472199670069,1470.76455872728,False
2025-05-27,RELIANCE.NS,1423.8842763956227,1378.1986894756565,1469.8676398532066,False
2025-05-28,RELIANCE.NS,1426.802446359208,1378.9437401666878,1476.210027164127,False
2025-05-29,RELIANCE.NS,1426.9115973709754,1376.899483628321,1471.9038445460433,False
2025-05-30,RELIANCE.NS,1428.766585183793,1378.722006389896,1479.3454824098433,False
2025-06-02,RELIANCE.NS,1426.9749354971132,1382.6779921528744,1473.9585116069186,False
2025-06-03,RELIANCE.NS,1422.396327375526,1373.9508431214701,1466.1043214079814,False
2025-06-04,RELIANCE.NS,1424.4863294377049,1378.9600587093319,1470.6843105877226,False
2025-06-05,RELIANCE.NS,1423.790569129953,1377.339228544439,1470.4029745585347,False
2025-06-06,RELIANCE.NS,1424.9122982960573,1378.4984322815678,1475.5853899609654,False
2025-06-09,RELIANCE.NS,1421.867686363899,1376.2789649367137,1469.5022669179814,False
2025-06-10,RELIANCE.NS,1417.3553162215687,1370.6463007085126,1462.6663409817008,False
2025-06-11,RELIANCE.NS,1419.8280472662602,1370.8744211640733,1470.8784529244379,False
2025-06-12,RELIANCE.NS,1419.866123911687,1373.583796470341,1465.97380129689,False
2025-06-13,RELIANCE.NS,1422.0980815189891,1378.687804719855,1467.5456977065978,False
2025-06-16,RELIANCE.NS,1424.7256964995347,1378.0001520261608,1470.372338251487,False
2025-06-17,RELIANCE.NS,1422.849116653313,1378.0824119203155,1469.2240452069595,False
2025-06-18,RELIANCE.NS,1428.2793421974243,1380.2231287909642,1474.288561930996,False
2025-06-19,RELIANCE.NS,1431.5465602054728,1385.3216000307564,1475.4406959856108,False
2025-06-20,RELIANCE.NS,1437.2171960467288,1386.4950175449085,1484.0741446688276,False
2025-06-23,RELIANCE.NS,1450.6452577206683,1405.3063630842078,1497.5650800606295,False
2025-06-24,RELIANCE.NS,1452.2351210308248,1408.0883619095887,1499.9445513393534,False
2025-06-25,RELIANCE.NS,1460.906409478042,1419.3969348844953,1506.7295381314877,False
2025-06-26,RELIANCE.NS,1467.092924564776,1417.9237169106482,1511.3996335655452,False
2025-06-27,RELIANCE.NS,1475.2676093928687,1428.7064082893364,1520.4262280489236,False
2025-06-30,RELIANCE.NS,1492.8811602758876,1443.7398959678142,1538.2653980496057,False
2025-07-01,RELIANCE.NS,1494.5296383187479,1451.9150460347455,1542.248985097442,False
2025-07-02,RELIANCE.NS,1502.5105082928762,1453.4559793031785,1549.3190531399225,False
2025-07-03,RELIANCE.NS,1507.2327125828738,1460.7159457239597,1554.5271692904803,False
2025-07-04,RELIANCE.NS,1513.1618484396472,1469.4047092722778,1557.5784876431487,False
2025-07-07,RELIANCE.NS,1519.5515239420401,1469.6110033584077,1566.8463344625563,False
2025-07-08,RELIANCE.NS,1516.1200343959324,1467.228868755417,1563.1820530466769,False
2025-07-09,RELIANCE.NS,1518.4725731894732,1468.1146421967912,1560.3306488481303,False
2025-07-10,RELIANCE.NS,1517.1131815342646,1466.8073853609453,1566.1581608539138,False
2025-07-11,RELIANCE.NS,1516.6147990956704,1467.9818971359987,1561.5862889583648,False
2025-07-14,RELIANCE.NS,1502.8497748524408,1455.9646216266146,1550.5003818229036,False
2025-07-15,RELIANCE.NS,1492.833605836946,1445.0970563770363,1543.2198624509442,False
2025-07-16,RELIANCE.NS,1488.881175116602,1441.6996071478839,1540.948332552425,False
2025-07-17,RELIANCE.NS,1481.6181912828126,1431.097280254182,1527.7154164777353,False
2025-07-18,RELIANCE.NS,1475.7309496191008,1428.824123857731,1524.0394127716988,False
2025-07-21,RELIANCE.NS,1449.8398457438225,1404.9986326082076,1496.456569343768,False
2025-07-22,RELIANCE.NS,1437.3806397349156,1393.1558465514413,1487.567430680148,False
2025-07-23,RELIANCE.NS,1431.8551156269866,1382.7868391170878,1479.8290260181202,False
2025-07-24,RELIANCE.NS,1423.9055952660797,1373.1991525233148,1469.7333958693102,False
2025-07-25,RELIANCE.NS,1418.2149591485231,1369.6806035735997,1460.3851851202378,False
2025-07-28,RELIANCE.NS,1397.885947984871,1350.2141020499716,1443.744912685279,False
2025-07-29,RELIANCE.NS,1388.7279524185828,1341.3102940252124,1435.2479737153415,False
2025-07-30,RELIANCE.NS,1387.0941180255259,1341.8401700947177,1428.0532432673897,False
2025-07-31,RELIANCE.NS,1383.524599026299,1335.8892565101974,1432.7441684747973,False
2025-08-01,RELIANCE.NS,1382.5911748329165,1337.3730954738126,1430.5572765110844,False
2025-08-04,RELIANCE.NS,1377.6145780384466,1329.762787397702,1424.1372958208742,False
2025-08-05,RELIANCE.NS,1373.5379111574161,1324.7562896949084,1420.3321688663066,False
2025-08-06,RELIANCE.NS,1376.7786651512706,1328.6582653045732,1421.7682320271274,False
2025-08-07,RELIANCE.NS,1377.7755201537875,1335.0242981052666,1425.339603122899,False
2025-08-08,RELIANCE.NS,1381.010161838954,1333.6170053228188,1426.2793476077984,False
2025-08-11,RELIANCE.NS,1385.4591203855161,1337.1503370826017,1432.7491546404042,False
2025-08-12,RELIANCE.NS,1383.3490606576959,1335.6699641013395,1429.4162369976198,False
2025-08-13,RELIANCE.NS,1387.9373270944488,1338.783578776612,1434.3963908501617,False
2025-08-14,RELIANCE.NS,1389.6697851555334,1340.2198645069707,1435.5822837212938,False
2025-08-18,RELIANCE.NS,1394.8772865122394,1347.1785547992017,1439.4249993869,False
2025-08-19,RELIANCE.NS,1391.0863383595045,1344.6478108030008,1436.5065481357262,False
2025-08-20,RELIANCE.NS,1393.7215597274003,1348.187199414793,1442.9723568824313,False
2025-08-21,RELIANCE.NS,1393.316020114076,1347.6670138139839,1438.5744300698723,False
2025-08-22,RELIANCE.NS,1394.464391995808,1347.694767124131,1440.7995446908358,False
2025-08-25,RELIANCE.NS,1389.8762549331786,1341.3860351078224,1432.7346597999626,False
2025-08-26,RELIANCE.NS,1384.3039142546202,1337.1870105104479,1432.624415386017,False
2025-08-28,RELIANCE.NS,1383.8793968404793,1334.9554107318372,1432.450599004952,False
2025-08-29,RELIANCE.NS,1384.238152422712,1338.1298139978908,1433.6381471126094,False
2025-09-01,RELIANCE.NS,1379.6374021138238,1333.0410090365494,1426.8606263016375,False
2025-09-02,RELIANCE.NS,1374.8198951355012,1327.5538497536234,1423.3364017535293,False
2025-09-03,RELIANCE.NS,1377.0474886748561,1330.2079046997455,1425.4229398231766,False
2025-09-04,RELIANCE.NS,1376.8547403256232,1329.7686565644474,1423.3774286013688,False
2025-09-05,RELIANCE.NS,1378.8145365758687,1331.7821104132674,1428.2511638752483,False
2025-09-08,RELIANCE.NS,1383.3963977012786,1333.3441486382555,1432.5841663731048,False
2025-09-09,RELIANCE.NS,1381.6273895686163,1334.3861913661754,1424.3504222798333,False
2025-09-10,RELIANCE.NS,1386.7736871012767,1339.603964178317,1435.8472417187975,False
2025-09-11,RELIANCE.NS,1389.3000699918873,1346.263764674263,1434.6502979043992,False
2025-09-12,RELIANCE.NS,1393.715837417282,1342.5160134786777,1442.06754164502,False
2025-09-15,RELIANCE.NS,1399.9030034894693,1356.3642952568764,1448.759226619516,False
2025-09-16,RELIANCE.NS,1397.8649032921332,1350.1814974637869,1443.7108412542057,False
2025-09-17,RELIANCE.NS,1402.316614341597,1355.0671930404314,1449.2278626614602,False
2025-09-18,RELIANCE.NS,1403.7293461020317,1360.3691417094153,1451.0690340265326,False
2025-09-19,RELIANCE.NS,1406.632517214502,1352.8331736188952,1451.7205147638538,False
2025-09-22,RELIANCE.NS,1406.280681069813,1360.5080798805207,1451.4759868903634,False
2025-09-23,RELIANCE.NS,1401.582084197951,1356.0964969662061,1450.395136997053,False
2025-09-24,RELIANCE.NS,1403.2479576853293,1356.0924666589997,1449.4256531357541,False
2025-09-25,RELIANCE.NS,1401.8274979770106,1358.1602642127343,1445.4383648643575,False
2025-09-26,RELIANCE.NS,1401.9308832118973,1354.9175730508168,1449.834119823434,False
2025-09-29,RELIANCE.NS,1397.7545063022753,1348.907320750113,1446.8993628339251,False
2025-09-30,RELIANCE.NS,1392.360132423351,1345.263903404169,1439.5977057414425,False
2025-10-01,RELIANCE.NS,1393.7250907815483,1345.529619015702,1440.0487004214626,False
2025-10-03,RELIANCE.NS,1393.1723493638544,1346.1525575880648,1441.9298755731736,False
2025-10-06,RELIANCE.NS,1390.324691785598,1343.993978378239,1437.4939267443651,False
2025-10-07,RELIANCE.NS,1386.3694230720444,1340.9763844929391,1434.346610700503,False
2025-10-08,RELIANCE.NS,1389.6282658099838,1344.0157663581144,1433.7054381044802,False
2025-10-09,RELIANCE.NS,1390.653261033458,1339.3017186964328,1436.259358030209,False
2025-10-10,RELIANCE.NS,1394.0339522295858,1348.203839697101,1438.2804061355796,False
2025-10-13,RELIANCE.NS,1400.5614556133978,1355.1874712613362,1449.377146967703,False
2025-10-14,RELIANCE.NS,1399.9358872517264,1351.5647843496902,1447.9047968982754,False
2025-10-15,RELIANCE.NS,1406.4871429453167,1360.0763872767257,1452.7162018591002,False
2025-10-16,RELIANCE.NS,1410.6843443934345,1363.490976862804,1458.1002501971811,False
2025-10-17,RELIANCE.NS,1417.038062433295,1367.5026007421382,1459.3079763789424,False
2025-10-20,RELIANCE.NS,1430.6056202769591,1383.1368376816777,1476.9521758444469,False
2025-10-21,RELIANCE.NS,1431.5211226005324,1385.7331185634587,1480.3516897913241,False
2025-10-23,RELIANCE.NS,1443.9476094453526,1396.7551478642586,1493.24017312021,False
2025-10-24,RELIANCE.NS,1450.4205897429272,1400.0902206816506,1498.100428398564,False
2025-10-27,RELIANCE.NS,1461.6538956231896,1414.9335860926326,1508.4628427119108,False
2025-10-28,RELIANCE.NS,1461.0220609048333,1415.6779049262202,1508.1197244201107,False
2025-10-29,RELIANCE.NS,1466.8117994971008,1417.1883605621633,1512.3502084204165,False
2025-10-30,RELIANCE.NS,1469.544968049898,1425.044840576228,1520.4053267814832,False
2025-10-31,RELIANCE.NS,1473.8050949656022,1429.2012982454485,1523.5716681332437,False
2025-11-03,RELIANCE.NS,1478.2959273140204,1430.8993640972287,1525.5492192448044,False
2025-11-04,RELIANCE.NS,1475.6433421625702,1429.2254905265363,1522.8541348813364,False
2025-11-06,RELIANCE.NS,1480.891480005918,1434.1367051441982,1528.9046275666012,False
2025-11-07,RELIANCE.NS,1484.0132500110635,1434.9507801760146,1533.6345250696431,False
2025-11-10,RELIANCE.NS,1487.5488991909829,1439.6729969148323,1537.245000495484,False
2025-11-11,RELIANCE.NS,1485.452573144524,1437.24939469737,1531.5495962465561,False
2025-11-12,RELIANCE.NS,1490.44336668305,1443.709781206138,1536.0605430391383,False
2025-11-13,RELIANCE.NS,1493.0817137095112,1445.7715788361927,1542.2211523766282,False
2025-11-14,RELIANCE.NS,1497.9676778232028,1450.9846461798224,1545.2646730687284,False
2025-11-17,RELIANCE.NS,1503.2329946159946,1457.2617413028672,1549.3668868192972,False
2025-11-18,RELIANCE.NS,1502.0600656717074,1454.8099784519648,1548.8751676541317,False
2025-11-19,RELIANCE.NS,1508.0244889409853,1461.444987378314,1551.0329413593397,False
2025-11-20,RELIANCE.NS,1511.608918448869,1466.7828956590615,1557.3954455402484,False
2025-11-21,RELIANCE.NS,1517.336307465186,1470.3242910154188,1564.4373091089367,False
2025-11-24,RELIANCE.NS,1529.042064619622,1482.6208485063287,1574.0491517574328,False
2025-11-25,RELIANCE.NS,1529.364958831298,1481.5690704786873,1575.7839962031371,False
2025-11-26,RELIANCE.NS,1536.421016979466,1489.27840591077,1580.7680447595865,False
2025-11-27,RELIANCE.NS,1540.6626155721813,1494.4480060798962,1589.097993222777,False
2025-11-28,RELIANCE.NS,1546.595077268499,1500.4501742587827,1590.3557765181474,False
2025-12-01,RELIANCE.NS,1556.2237648032199,1512.622621631319,1602.83890235108,False
2025-12-02,RELIANCE.NS,1555.0277434762372,1507.5803984469794,1602.1504361047816,False
2025-12-03,RELIANCE.NS,1560.2165708957596,1512.8343342596902,1608.75998975787,False
2025-12-04,RELIANCE.NS,1562.2968017705355,1516.994938168788,1610.8017406836495,False
2025-12-05,RELIANCE.NS,1565.8358108074988,1522.5864331150508,1614.400846800734,False
2025-12-08,RELIANCE.NS,1567.5882697757208,1520.5546300185588,1613.2680447408982,False
2025-12-09,RELIANCE.NS,1561.3921853347954,1515.781600224752,1606.7238852452401,False
2025-12-10,RELIANCE.NS,1561.7044975405609,1516.6986334213836,1607.9008610294509,False
2025-12-11,RELIANCE.NS,1559.0964994247774,1511.4861506918744,1605.9936755863503,False
2025-12-12,RELIANCE.NS,1558.1932894350707,1513.2630057984386,1604.2268143704136,False
2025-12-15,RELIANCE.NS,1548.5326001205938,1503.1398908373415,1597.539242406972,False
2025-12-16,RELIANCE.NS,1541.6455326890966,1498.082482421446,1587.541928706631,False
2025-12-17,RELIANCE.NS,1541.645989478731,1495.1123672493734,1591.8339263913635,False
2025-12-18,RELIANCE.NS,1539.0954850987262,1490.767769888867,1580.2303479350885,False
2025-12-19,RELIANCE.NS,1538.597219956238,1489.2527517465255,1584.2624674179808,False
2025-12-22,RELIANCE.NS,1531.8542309303057,1483.6722903710258,1578.1102921611514,False
2025-12-23,RELIANCE.NS,1526.335251461831,1479.4154491690967,1574.1728678915604,False
2025-12-24,RELIANCE.NS,1527.799150306462,1480.3987582109519,1578.8463606569303,False
2025-12-26,RELIANCE.NS,1527.6945700449446,1477.5651648867195,1571.5192912737896,False
2025-12-29,RELIANCE.NS,1524.4331548561913,1482.1902674027476,1568.3847338513576,False
2025-12-30,RELIANCE.NS,1519.596880199648,1475.0195482328338,1564.5496904868116,False
2025-12-31,RELIANCE.NS,1521.4318883722208,1472.3928046551157,1570.0060031902262,False
2026-01-01,RELIANCE.NS,1520.4045129667377,1476.291710088257,1567.637741841802,False
2026-01-02,RELIANCE.NS,1521.0340336944532,1475.1054150818625,1565.6218830991606,False
2026-01-05,RELIANCE.NS,1514.6900824723793,1467.9708522406736,1558.4284567275374,False
2026-01-06,RELIANCE.NS,1508.1956970515785,1463.1285054653729,1556.101641368738,False
2026-01-07,RELIANCE.NS,1508.1230872413316,1462.4313902736553,1554.8518658389319,False
2026-01-08,RELIANCE.NS,1504.9936071579925,1457.5252295559876,1554.0631922334235,False
2026-01-09,RELIANCE.NS,1503.3897692743726,1452.3105158194628,1549.3417489312803,False
2026-01-12,RELIANCE.NS,1490.2717075961755,1442.120011982183,1539.8992677619347,False
2026-01-13,RELIANCE.NS,1481.7437468946428,1435.095329704367,1526.651742290431,False
2026-01-14,RELIANCE.NS,1479.871689211493,1429.0573033160638,1522.4717391747408,False
2026-01-15,RELIANCE.NS,1475.2434148073191,1428.6987602828144,1522.2732672332068,False
2026-01-16,RELIANCE.NS,1472.5003863287589,1426.8359338873656,1523.5086789619947,False
2026-01-19,RELIANCE.NS,1458.5577910295208,1409.5988407279403,1509.2321305632563,False
2026-01-20,RELIANCE.NS,1450.702426001458,1402.2943076258084,1494.2788082088844,False
2026-01-21,RELIANCE.NS,1449.9835663687209,1403.0369810280226,1495.283518486289,False
2026-01-22,RELIANCE.NS,1446.9713879557082,1399.0625711162686,1494.6712968614156,False
2026-01-23,RELIANCE.NS,1446.2752216225547,1401.105365730998,1493.7216964281172,False
2026-01-27,RELIANCE.NS,1435.8749529844354,1391.7037174742927,1480.4145854206056,False
2026-01-28,RELIANCE.NS,1438.441012847126,1388.8884596746082,1484.6525882874873,False
2026-01-29,RELIANCE.NS,1438.715316350546,1392.5120720859131,1486.341924489857,False
2026-01-30,RELIANCE.NS,1441.2147096847773,1395.1315953110413,1488.2194142841788,False
2026-02-02,RELIANCE.NS,1443.6204629474478,1399.462489636205,1490.1610721862696,False
2026-02-03,RELIANCE.NS,1440.920100189414,1389.4828451943533,1490.3251576958532,False
2026-02-04,RELIANCE.NS,1444.9592113026313,1395.8494786885055,1493.6924399651214,False
2026-02-05,RELIANCE.NS,1446.1680514268392,1399.466620447076,1491.6124816625531,False
2026-02-06,RELIANCE.NS,1449.0287615670966,1403.6495277870804,1493.1390695808084,False
2026-02-09,RELIANCE.NS,1448.976572851497,1401.0997688055343,1494.2885385185339,False
2026-02-10,RELIANCE.NS,1444.3270974237973,1398.922921843756,1490.8155462672719,False
2026-02-11,RELIANCE.NS,1445.9195990184664,1396.245037939987,1490.0188321500866,False
2026-02-12,RELIANCE.NS,1444.2482693640297,1398.0004657195511,1489.029104446755,False
2026-02-13,RELIANCE.NS,1443.8728355616167,1399.707074191753,1490.7765186963497,False
2026-02-16,RELIANCE.NS,1432.9122365409587,1388.3407679491318,1478.7321638202884,False
2026-02-17,RELIANCE.NS,1424.5739488151826,1377.433192948056,1472.1790920819035,False
2026-02-18,RELIANCE.NS,1422.6325482285574,1375.859173225992,1466.033119052698,False
2026-02-19,RELIANCE.NS,1417.6891000328649,1368.162547896561,1462.904138369243,False
2026-02-20,RELIANCE.NS,1414.4046268490379,1367.5305033020722,1461.6860067297434,False
2026-02-23,RELIANCE.NS,1397.7638100795245,1352.6289747084645,1444.5963313249144,False
2026-02-24,RELIANCE.NS,1388.7710827566016,1343.4582877761345,1437.753365753295,False
2026-02-25,RELIANCE.NS,1386.865951409996,1342.2916815530148,1430.275284315306,False
2026-02-26,RELIANCE.NS,1382.6647285964202,1337.8586330983685,1432.162784872929,False
2026-02-27,RELIANCE.NS,1380.8241272390499,1331.4201914425678,1426.4870500650704,False
2026-03-02,RELIANCE.NS,1372.3886770927586,1324.2069162470061,1423.655983174613,False
2026-03-04,RELIANCE.NS,1369.5345168330527,1319.082536040969,1414.9301489154666,False
2026-03-05,RELIANCE.NS,1369.8487137420111,1319.233269610949,1414.908898266141,False
2026-03-06,RELIANCE.NS,1372.7009089453877,1328.5983514310994,1420.243795625087,False
2026-03-09,RELIANCE.NS,1378.164207783042,1329.5862639065188,1427.8381672461971,False
2026-03-10,RELIANCE.NS,1377.1480941087386,1328.5466836653611,1421.6924131107469,False
2026-03-11,RELIANCE.NS,1383.1815092168742,1336.4153539530835,1431.745210619293,False
2026-03-12,RELIANCE.NS,1386.6681898157576,1340.2273013368854,1438.323878842901,False
2026-03-13,RELIANCE.NS,1392.0555216676585,1346.7864568427387,1438.6545483818568,False
2026-03-16,RELIANCE.NS,1400.619092299421,1354.7861307655417,1450.3170249605303,False
2026-03-17,RELIANCE.NS,1399.00478884663,1351.6321848627533,1445.5776326927612,False
2026-03-18,RELIANCE.NS,1403.6123122873025,1359.0772720325594,1450.182902917311,False
2026-03-19,RELIANCE.NS,1404.8712248022125,1359.133938051496,1454.2658892106845,False
2026-03-20,RELIANCE.NS,1407.2763734054308,1361.7158668152306,1455.6282384351175,False
2026-03-23,RELIANCE.NS,1403.1407516765792,1356.1058765534451,1451.422164309309,False
2026-03-24,RELIANCE.NS,1396.3867931082457,1352.6579142966982,1439.4897500270545,False
2026-03-25,RELIANCE.NS,1395.607797393028,1349.7407243162813,1439.5735578979002,False
2026-03-27,RELIANCE.NS,1388.315021034435,1340.275129433085,1434.3763255401448,False
2026-03-30,RELIANCE.NS,1369.4185195820482,1325.4020796586187,1417.3856522276956,False
2026-04-01,RELIANCE.NS,1354.709966381808,1305.3788147138794,1404.234249142968,False
2026-04-02,RELIANCE.NS,1348.0181956749464,1303.1599064520633,1390.993039167335,False
2026-04-06,RELIANCE.NS,1325.3641984535045,1275.8878206317463,1370.03453847458,False
2026-04-07,RELIANCE.NS,1316.904338108487,1272.0474688667437,1361.8766379432575,False
2026-04-08,RELIANCE.NS,1316.0409117971662,1268.4851535123296,1364.5567041042111,False
2026-04-09,RELIANCE.NS,1313.3838323423513,1265.2476060181832,1359.5452109641328,False
2026-04-10,RELIANCE.NS,1313.574271560172,1267.6700015577483,1358.3628795282941,False
2026-04-13,RELIANCE.NS,1313.8840606575836,1269.2971951369177,1361.0784954728904,False
2026-04-15,RELIANCE.NS,1318.7064579319297,1272.664535954952,1364.7638400755363,False
2026-04-16,RELIANCE.NS,1323.2882428892462,1280.6499484847207,1368.5152353590101,False
2026-04-17,RELIANCE.NS,1330.6378154357678,1281.3187582169123,1377.111489908757,False
2026-04-20,RELIANCE.NS,1350.591793577862,1302.6749105606907,1400.5182369850952,False
2026-04-21,RELIANCE.NS,1354.6336768871836,1306.5255762150994,1401.6450642394875,False
2026-04-22,RELIANCE.NS,1365.8002038204443,1318.2371660932633,1412.0810027235952,False
2026-04-23,RELIANCE.NS,1374.4811379616876,1324.55114374335,1419.1852267229801,False
2026-04-24,RELIANCE.NS,1385.1162357067174,1338.2796301934031,1432.5069304363383,False
2026-04-27,RELIANCE.NS,1409.755125343108,1363.7551180582477,1461.2768423997372,False
2026-04-28,RELIANCE.NS,1413.6374852441077,1369.2728952720727,1461.455965867246,False
2026-04-29,RELIANCE.NS,1423.8328051462436,1372.1628073914856,1468.7746683002779,False
2026-04-30,RELIANCE.NS,1430.7860481194734,1382.7009120950656,1478.364177465655,False
2026-05-01,RELIANCE.NS,1439.0068316909374,1390.2508111216257,1485.101034803845,False
2026-05-04,RELIANCE.NS,1453.1510843822518,1403.794722363992,1500.4280825994433,False
2026-05-05,RELIANCE.NS,1452.7782587608565,1406.7435008107639,1501.0875457139928,False
2026-05-06,RELIANCE.NS,1458.512162128055,1408.5076645113832,1506.0900036262099,False
2026-05-07,RELIANCE.NS,1460.9003648541582,1416.7669618766286,1507.1001751624344,True
2026-05-08,RELIANCE.NS,1464.550761706524,1417.0679018735866,1509.8057614219451,True
2026-05-09,RELIANCE.NS,1497.7521191761775,1449.9708930551928,1546.1075981172066,True
2026-05-10,RELIANCE.NS,1517.8579564933004,1470.471950755061,1560.4144806023785,True
2026-05-11,RELIANCE.NS,1465.8196910794816,1420.0070358481073,1511.589724005664,True
2026-05-12,RELIANCE.NS,1461.671055110506,1417.531545620545,1509.04289851584,True
2026-05-13,RELIANCE.NS,1463.9747733834267,1414.0263702167842,1511.3695034387902,True
2026-05-14,RELIANCE.NS,1463.3105371376826,1415.4331449869774,1512.084739552943,True
2026-05-15,RELIANCE.NS,1464.3043214912555,1415.574753596544,1508.9039524705329,True
2026-05-16,RELIANCE.NS,1495.2492440153997,1450.2178228110974,1540.9654467741802,True
2026-05-17,RELIANCE.NS,1513.4901811769844,1468.9921097372562,1563.1869554324421,True
2026-05-18,RELIANCE.NS,1459.9580401794376,1410.3650865227214,1506.088729945187,True
2026-05-19,RELIANCE.NS,1454.6556480958884,1402.7688156210806,1501.6349788754337,True
2026-05-20,RELIANCE.NS,1456.1061936193005,1408.4831227343611,1503.759673300131,True
2026-05-21,RELIANCE.NS,1454.8431929097817,1405.363021058656,1501.292825383725,True
2026-05-22,RELIANCE.NS,1455.4419577379535,1405.7532237173293,1503.841259451174,True
2026-05-23,RELIANCE.NS,1486.1426898906864,1436.670781695675,1535.8840860284195,True
2026-05-24,RELIANCE.NS,1504.2373432206873,1450.9031717468563,1552.5392196800574,True
2026-05-25,RELIANCE.NS,1450.6060760723838,1400.7882608315945,1499.649859115023,True
2026-05-26,RELIANCE.NS,1445.2051840519728,1398.61865852209,1491.933300536176,True
2026-05-27,RELIANCE.NS,1446.5173816156819,1396.9289095918884,1492.9875591078746,True
2026-05-28,RELIANCE.NS,1445.0433442459887,1396.2981104347898,1493.7624668146473,True
2026-05-29,RELIANCE.NS,1445.3344386487656,1395.9534713853348,1498.1805823615757,True
2026-05-30,RELIANCE.NS,1475.6167246736284,1425.1703170692842,1528.0760140418217,True
2026-05-31,RELIANCE.NS,1493.1783417762576,1438.1366171997124,1543.6816264505949,True
2026-06-01,RELIANCE.NS,1438.9060867554792,1385.7574379470075,1494.7844133997419,True
2026-06-02,RELIANCE.NS,1432.7730697480704,1380.8583527038388,1487.1004810865254,True
2026-06-03,RELIANCE.NS,1433.2883270620528,1380.218180984429,1485.600466005721,True
2026-06-04,RELIANCE.NS,1430.9873254553397,1373.9431410789007,1481.7749087186912,True
2026-06-05,RELIANCE.NS,1430.4633201550557,1376.6316949454715,1483.4789577091533,True
2024-05-06,ICICIBANK.NS,1111.543692042096,1057.7421439799496,1163.143572792577,False
2024-05-07,ICICIBANK.NS,1110.2215501526825,1054.696638893149,1163.2726791683158,False
2024-05-08,ICICIBANK.NS,1110.4359725996812,1059.8178561069608,1159.963651191859,False
2024-05-09,ICICIBANK.NS,1110.427151458997,1057.1421565920891,1164.0611727791947,False
2024-05-10,ICICIBANK.NS,1106.7387042833004,1049.8969847355786,1156.8385699044943,False
2024-05-13,ICICIBANK.NS,1105.212415005472,1054.555355234184,1156.5913339680278,False
2024-05-14,ICICIBANK.NS,1104.907920272346,1051.0878601858017,1153.4381616136711,False
2024-05-15,ICICIBANK.NS,1106.291098274605,1055.479465305748,1159.663280176819,False
2024-05-16,ICICIBANK.NS,1107.5593332062158,1057.3461569003152,1163.0703030119987,False
2024-05-17,ICICIBANK.NS,1105.2113112276977,1053.7698028219136,1158.5561464898713,False
2024-05-21,ICICIBANK.NS,1108.4775715888159,1054.650596042871,1164.5434554605044,False
2024-05-22,ICICIBANK.NS,1110.862837767764,1058.6266106903424,1166.000505156164,False
2024-05-23,ICICIBANK.NS,1112.9561987485122,1064.4587317840433,1165.9299116608959,False
2024-05-24,ICICIBANK.NS,1111.2324077583974,1058.2839231226935,1164.7252976234704,False
2024-05-27,ICICIBANK.NS,1114.1915425343846,1063.8142550804127,1166.239976786135,False
2024-05-28,ICICIBANK.NS,1114.7652305060546,1061.8497533745515,1168.1978626131513,False
2024-05-29,ICICIBANK.NS,1116.6725719509716,1063.6812997097811,1169.6357811025355,False
2024-05-30,ICICIBANK.NS,1118.102416112424,1062.1976112352013,1172.1938545763308,False
2024-05-31,ICICIBANK.NS,1115.558008619314,1063.7576343694093,1167.1973687212098,False
2024-06-03,ICICIBANK.NS,1115.4798603273955,1066.4755948661675,1168.3315269449986,False
2024-06-04,ICICIBANK.NS,1114.9913100166873,1065.9214135810776,1171.5562033756848,False
2024-06-05,ICICIBANK.NS,1115.887842228455,1066.1499120641902,1168.2428538753668,False
2024-06-06,ICICIBANK.NS,1116.4044139313673,1067.0619006778988,1164.6102405049387,False
2024-06-07,ICICIBANK.NS,1113.0886097722014,1063.916472049439,1164.935825778798,False
2024-06-10,ICICIBANK.NS,1111.9362083742208,1055.4503002989602,1163.8667818184715,False
2024-06-11,ICICIBANK.NS,1111.6057731535975,1058.9212055593068,1167.4590629195784,False
2024-06-12,ICICIBANK.NS,1112.953098360448,1060.3844500943617,1165.9929897054103,False
2024-06-13,ICICIBANK.NS,1114.222173675933,1060.440256212144,1172.162282732602,False
2024-06-14,ICICIBANK.NS,1111.9611480606907,1060.1685633864329,1165.1647526477238,False
2024-06-18,ICICIBANK.NS,1117.4332636092345,1067.1336870835225,1173.9902835320702,False
2024-06-19,ICICIBANK.NS,1121.0616501147047,1065.6261548266125,1174.2799118087164,False
2024-06-20,ICICIBANK.NS,1124.7478778263176,1076.7793474579603,1178.6952051423307,False
2024-06-21,ICICIBANK.NS,1124.9903246948022,1072.9151469390795,1180.513460745495,False
2024-06-24,ICICIBANK.NS,1136.1811006314763,1078.061194198269,1187.1769424593883,False
2024-06-25,ICICIBANK.NS,1140.255153227296,1084.2737725104514,1189.8732096841898,False
2024-06-26,ICICIBANK.NS,1146.0035089170312,1091.597104393499,1199.6863996841882,False
2024-06-27,ICICIBANK.NS,1151.5765876930218,1097.2852795862345,1199.6074021299999,False
2024-06-28,ICICIBANK.NS,1153.4293882427378,1102.3044165058416,1205.3648785886976,False
2024-07-01,ICICIBANK.NS,1167.4581478963703,1116.6104507385783,1221.08128145977,False
2024-07-02,ICICIBANK.NS,1171.7413892091997,1114.5397185431968,1223.4170271900164,False
2024-07-03,ICICIBANK.NS,1177.315811973471,1124.2106008811822,1232.8659726235207,False
2024-07-04,ICICIBANK.NS,1182.3363859523893,1130.2295153695206,1234.3159020907906,False
2024-07-05,ICICIBANK.NS,1183.2714560803201,1128.8024645754892,1240.399067863774,False
2024-07-08,ICICIBANK.NS,1192.6108627208814,1138.7764961642517,1242.2361997887617,False
2024-07-09,ICICIBANK.NS,1194.8058164842193,1140.2365151299127,1244.863762383136,False
2024-07-10,ICICIBANK.NS,1198.1034745121003,1147.5666457572706,1252.8783472366229,False
2024-07-11,ICICIBANK.NS,1200.7091137743084,1147.8906341298195,1258.0551681981992,False
2024-07-12,ICICIBANK.NS,1199.1433887210044,1147.2768812374661,1254.6296918935534,False
2024-07-15,ICICIBANK.NS,1200.9886326152432,1152.0344224533212,1251.2832687196444,False
2024-07-16,ICICIBANK.NS,1200.8530185224715,1145.3196257315321,1253.9285331763397,False
2024-07-18,ICICIBANK.NS,1202.602138318319,1147.8636838042262,1251.6857885856414,False
2024-07-19,ICICIBANK.NS,1199.27828606204,1144.6298271911326,1246.4421325700566,False
2024-07-22,ICICIBANK.NS,1197.3692357121174,1141.7742896143077,1248.545429772244,False
2024-07-23,ICICIBANK.NS,1196.5124821479071,1142.2079314500343,1248.7121934455927,False
2024-07-24,ICICIBANK.NS,1197.1732596318157,1145.2770640332599,1247.3370834914626,False
2024-07-25,ICICIBANK.NS,1197.577873930776,1145.366524515355,1250.5416405126427,False
2024-07-26,ICICIBANK.NS,1194.255290783245,1141.624357460267,1249.6212986082433,False
2024-07-29,ICICIBANK.NS,1193.3951522212972,1138.5421725225344,1245.877853701258,False
2024-07-30,ICICIBANK.NS,1193.124635601935,1140.8054949014145,1242.4899957397643,False
2024-07-31,ICICIBANK.NS,1194.4299515053171,1140.3827059341736,1247.3890841401817,False
2024-08-01,ICICIBANK.NS,1195.501587495881,1143.9516744726538,1249.9266293504613,False
2024-08-02,ICICIBANK.NS,1192.834546494396,1139.5339764232026,1245.2639672988942,False
2024-08-05,ICICIBANK.NS,1193.5836718008309,1141.9206073600706,1247.830659044308,False
2024-08-06,ICICIBANK.NS,1193.6578779997478,1139.9561470015565,1244.9727659618825,False
2024-08-07,ICICIBANK.NS,1195.1900487292964,1142.0164621867184,1247.87274902184,False
2024-08-08,ICICIBANK.NS,1196.3669558055537,1143.1853260079404,1252.1450759529941,False
2024-08-09,ICICIBANK.NS,1193.6864343361003,1141.067526676583,1251.7448339820626,False
2024-08-12,ICICIBANK.NS,1193.8046102357425,1142.133277908658,1245.465555827636,False
2024-08-13,ICICIBANK.NS,1193.5400495198207,1141.369422922028,1248.4412985726256,False
2024-08-14,ICICIBANK.NS,1194.714626588999,1136.8311048269452,1241.6854888291557,False
2024-08-16,ICICIBANK.NS,1192.5685311648856,1139.6824322779962,1246.2734828331968,False
2024-08-19,ICICIBANK.NS,1192.4029578910552,1131.8181811781149,1243.2448211677233,False
2024-08-20,ICICIBANK.NS,1192.3476274043587,1138.7929525594486,1244.2762525944024,False
2024-08-21,ICICIBANK.NS,1193.9244214686935,1146.3319628077795,1248.5061587470937,False
2024-08-22,ICICIBANK.NS,1195.3689677176083,1143.0199176539893,1248.8075904440045,False
2024-08-23,ICICIBANK.NS,1193.2231229119948,1140.294086003888,1245.829373048076,False
2024-08-26,ICICIBANK.NS,1196.8773354449315,1142.698977085587,1247.4497659191672,False
2024-08-27,ICICIBANK.NS,1198.4979594560389,1143.9427055162334,1249.7045171688876,False
2024-08-28,ICICIBANK.NS,1201.9145302241188,1149.3788500689718,1252.5170596241428,False
2024-08-29,ICICIBANK.NS,1205.3298014895227,1153.2307907310278,1255.8877206477277,False
2024-08-30,ICICIBANK.NS,1205.2467865299168,1153.766572501037,1257.4108151519088,False
2024-09-02,ICICIBANK.NS,1215.1857714650585,1166.4514823105956,1271.4386240145334,False
2024-09-03,ICICIBANK.NS,1218.7671575802303,1163.3268581612763,1267.6666931739076,False
2024-09-04,ICICIBANK.NS,1223.99204555655,1168.0914268707747,1276.8964831464878,False
2024-09-05,ICICIBANK.NS,1229.0137008284082,1176.6410780080214,1279.602773034754,False
2024-09-06,ICICIBANK.NS,1230.2888765725063,1177.5810499096272,1287.806557089219,False
2024-09-09,ICICIBANK.NS,1242.4275971980921,1187.9237217304487,1296.3970470763518,False
2024-09-10,ICICIBANK.NS,1246.0228958467026,1191.1734456450097,1299.0716708446535,False
2024-09-11,ICICIBANK.NS,1250.8753263762799,1196.447934105504,1303.0638721915157,False
2024-09-12,ICICIBANK.NS,1255.135878309376,1203.6919115547582,1308.2892620667994,False
2024-09-13,ICICIBANK.NS,1255.2687060503026,1203.9187239613136,1307.006908659686,False
2024-09-16,ICICIBANK.NS,1261.9105033536493,1212.0492240827623,1310.1171563285643,False
2024-09-17,ICICIBANK.NS,1263.1008916819692,1207.3261740198313,1316.851940918745,False
2024-09-18,ICICIBANK.NS,1265.340492568633,1214.8594530029995,1313.1301095924923,False
2024-09-19,ICICIBANK.NS,1266.8368714941746,1210.719064632818,1319.4824008254955,False
2024-09-20,ICICIBANK.NS,1264.1152399652644,1207.2781662131652,1315.108680316012,False
2024-09-23,ICICIBANK.NS,1261.0582441723511,1208.7815548680787,1313.7515740183112,False
2024-09-24,ICICIBANK.NS,1259.2645386028464,1209.688352640233,1309.4457293015635,False
2024-09-25,ICICIBANK.NS,1258.7456270588887,1200.3329444552228,1311.987229021563,False
2024-09-26,ICICIBANK.NS,1257.7626965649636,1202.7707577860247,1308.8231868312955,False
2024-09-27,ICICIBANK.NS,1252.8877860616187,1196.744934970391,1301.9431677644336,False
2024-09-30,ICICIBANK.NS,1246.9067720220953,1192.9460882180201,1297.8054224451082,False
2024-10-01,ICICIBANK.NS,1244.9694181599264,1188.1033972934479,1298.0198712643848,False
2024-10-03,ICICIBANK.NS,1244.4339027305869,1194.34662433199,1299.2063534869742,False
2024-10-04,ICICIBANK.NS,1240.6341929766702,1186.707047298282,1294.3871986312768,False
2024-10-07,ICICIBANK.NS,1239.8347674724318,1190.7356727549181,1290.8739807273132,False
2024-10-08,ICICIBANK.NS,1240.114449761759,1184.7967609424566,1292.1353150528032,False
2024-10-09,ICICIBANK.NS,1242.2394386066646,1190.6220895085091,1296.5596370848352,False
2024-10-10,ICICIBANK.NS,1244.3950236491066,1187.15235816645,1298.499859852512,False
2024-10-11,ICICIBANK.NS,1243.065424887462,1191.0246914062777,1297.2422730317012,False
2024-10-14,ICICIBANK.NS,1249.156112846387,1198.7090091163923,1300.688034153139,False
2024-10-15,ICICIBANK.NS,1251.3633549960703,1198.7771156730598,1305.0978667317886,False
2024-10-16,ICICIBANK.NS,1254.7269721814318,1204.0592563288938,1308.5744737415112,False
2024-10-17,ICICIBANK.NS,1257.8139282092855,1203.926655690989,1311.1111609706259,False
2024-10-18,ICICIBANK.NS,1257.0787042095114,1203.576327658213,1310.6451063603483,False
2024-10-21,ICICIBANK.NS,1262.7851038622166,1208.7130669253713,1314.9206467146096,False
2024-10-22,ICICIBANK.NS,1264.1461492307549,1215.0908027547541,1315.0131116874873,False
2024-10-23,ICICIBANK.NS,1266.7534102081913,1214.4404746451692,1322.1317786899788,False
2024-10-24,ICICIBANK.NS,1268.7849618527464,1213.8975948887403,1323.3122625408923,False
2024-10-25,ICICIBANK.NS,1266.7355750141376,1218.698535224246,1321.605181926331,False
2024-10-28,ICICIBANK.NS,1267.4528860384619,1213.1641896477654,1319.3022103506812,False
2024-10-29,ICICIBANK.NS,1266.9946147196995,1215.482878821,1321.5193614839643,False
2024-10-30,ICICIBANK.NS,1267.8068520782278,1213.4435959421105,1323.057074411104,False
2024-10-31,ICICIBANK.NS,1268.129138000648,1214.2419294950062,1321.3347407453807,False
2024-11-01,ICICIBANK.NS,1264.5152424933642,1210.6705318617846,1319.273487978303,False
2024-11-04,ICICIBANK.NS,1261.9260843486493,1209.9792011947816,1316.3581939095977,False
2024-11-05,ICICIBANK.NS,1260.9668765868062,1207.6466663863143,1316.1120779696419,False
2024-11-06,ICICIBANK.NS,1261.6270821422852,1207.4050725045117,1315.210010588016,False
2024-11-07,ICICIBANK.NS,1261.1886210378113,1208.4483303979944,1312.637558492502,False
2024-11-08,ICICIBANK.NS,1257.18144911611,1202.294592473967,1306.6382766255638,False
2024-11-11,ICICIBANK.NS,1255.5021616325982,1204.616613006261,1309.3208929476727,False
2024-11-12,ICICIBANK.NS,1255.4550139263904,1199.7848804745756,1307.4148707589266,False
2024-11-13,ICICIBANK.NS,1257.26564970553,1205.5380298497428,1312.1788323620635,False
2024-11-14,ICICIBANK.NS,1259.1374576409535,1205.61431549989,1318.3933528446396,False
2024-11-18,ICICIBANK.NS,1263.4000941335755,1213.9886771947656,1314.4118026621095,False
2024-11-19,ICICIBANK.NS,1265.7087629105442,1211.2106168299986,1321.9349053843675,False
2024-11-21,ICICIBANK.NS,1273.5306342399151,1221.7866347051145,1327.2055829818132,False
2024-11-22,ICICIBANK.NS,1273.6474062851285,1221.4780888712494,1333.2182395418947,False
2024-11-25,ICICIBANK.NS,1282.5131720065615,1229.7587930424168,1334.8786830901727,False
2024-11-26,ICICIBANK.NS,1285.0897130484304,1233.232478201983,1337.0055410272716,False
2024-11-27,ICICIBANK.NS,1288.965725558741,1236.8498521417685,1340.0758368099732,False
2024-11-28,ICICIBANK.NS,1292.298034424558,1241.6098500715043,1345.9709324714909,False
2024-11-29,ICICIBANK.NS,1291.5577432147106,1242.123030368073,1342.5098054985515,False
2024-12-02,ICICIBANK.NS,1295.9902877937257,1244.8425041568864,1347.58498288684,False
2024-12-03,ICICIBANK.NS,1296.138731755155,1241.2154189533064,1351.2171934420371,False
2024-12-04,ICICIBANK.NS,1297.4303759695345,1238.3484052132217,1349.2466883555294,False
2024-12-05,ICICIBANK.NS,1298.078316310983,1244.7401390019318,1351.6151506391916,False
2024-12-06,ICICIBANK.NS,1294.6114805690866,1240.8278242590802,1348.7740208929154,False
2024-12-09,ICICIBANK.NS,1291.1783014700598,1243.7905278785813,1342.3282268179807,False
2024-12-10,ICICIBANK.NS,1289.4527715053446,1239.664972301029,1337.9588073272323,False
2024-12-11,ICICIBANK.NS,1289.084367491433,1236.5197168307748,1347.2312199561395,False
2024-12-12,ICICIBANK.NS,1288.3208004561848,1232.500112035765,1341.877874170974,False
2024-12-13,ICICIBANK.NS,1283.717510234881,1228.1754698762606,1337.3401695873467,False
2024-12-16,ICICIBANK.NS,1278.6569901588086,1226.5312355146152,1332.1592253082904,False
2024-12-17,ICICIBANK.NS,1276.9810016491642,1225.2413697817324,1330.200436067926,False
2024-12-18,ICICIBANK.NS,1276.9347160303264,1223.1680538437472,1329.883106839264,False
2024-12-19,ICICIBANK.NS,1276.7394249790736,1225.677746058919,1327.8836062633034,False
2024-12-20,ICICIBANK.NS,1272.9170780617726,1220.8133606406686,1327.8339898641857,False
2024-12-23,ICICIBANK.NS,1271.0591830083451,1214.5111911473252,1326.239766941861,False
2024-12-24,ICICIBANK.NS,1270.5811329044252,1216.0235177113225,1321.200902057013,False
2024-12-26,ICICIBANK.NS,1272.6385344261219,1220.7014687412457,1325.2536293383787,False
2024-12-27,ICICIBANK.NS,1269.8245954307367,1216.9412528116613,1327.4081966949404,False
2024-12-30,ICICIBANK.NS,1269.9615608685415,1217.5266237151873,1322.2426135083442,False
2024-12-31,ICICIBANK.NS,1269.7117380031373,1213.5404577456097,1324.301849285188,False
2025-01-01,ICICIBANK.NS,1270.8294218140898,1215.335707970625,1324.5948742729306,False
2025-01-02,ICICIBANK.NS,1271.4843640514384,1219.7164190804738,1322.3527452177957,False
2025-01-03,ICICIBANK.NS,1268.1586726021296,1215.7682163536122,1320.3451518129486,False
2025-01-06,ICICIBANK.NS,1265.470364580741,1212.6515498710967,1318.940365447356,False
2025-01-07,ICICIBANK.NS,1263.9463698491688,1208.2096529873643,1316.7022962035844,False
2025-01-08,ICICIBANK.NS,1263.688620262512,1210.241602208655,1319.4572373041385,False
2025-01-09,ICICIBANK.NS,1262.9131082066287,1206.616605403905,1313.7558604629492,False
2025-01-10,ICICIBANK.NS,1258.1511204418678,1204.6531700362998,1312.8705089282507,False
2025-01-13,ICICIBANK.NS,1251.6226689381747,1195.4412273752923,1305.1094780228648,False
2025-01-14,ICICIBANK.NS,1249.1358675696988,1195.0775869847307,1304.2992008186015,False
2025-01-15,ICICIBANK.NS,1248.1456360647664,1195.4297135056615,1301.2058321039638,False
2025-01-16,ICICIBANK.NS,1246.902771720622,1194.8306441522311,1302.6887421262645,False
2025-01-17,ICICIBANK.NS,1241.9661936638886,1189.5325451455024,1294.3185637272213,False
2025-01-20,ICICIBANK.NS,1236.8208346587444,1182.6505803315501,1289.8362474012845,False
2025-01-21,ICICIBANK.NS,1235.434871913643,1185.596594720021,1289.992024013998,False
2025-01-22,ICICIBANK.NS,1235.8437952901534,1181.0617963103145,1286.6373332421304,False
2025-01-23,ICICIBANK.NS,1236.2715652374504,1185.4226556806623,1288.467740570428,False
2025-01-24,ICICIBANK.NS,1233.2417244040148,1176.4211532058532,1283.473787336313,False
2025-01-27,ICICIBANK.NS,1234.7706749335457,1181.5531683917006,1287.556276096777,False
2025-01-28,ICICIBANK.NS,1235.7454679074988,1177.771592975324,1290.1303126422945,False
2025-01-29,ICICIBANK.NS,1238.4831316922043,1184.1218887103114,1295.9362645768742,False
2025-01-30,ICICIBANK.NS,1241.1455175870233,1191.7964822017316,1293.9337455181355,False
2025-01-31,ICICIBANK.NS,1240.1949533688396,1187.1332729237956,1290.0543477861559,False
2025-02-01,ICICIBANK.NS,1245.3745746783009,1191.568529408664,1298.925307251097,False
2025-02-03,ICICIBANK.NS,1246.4648951854988,1194.7789819980671,1295.8353922225629,False
2025-02-04,ICICIBANK.NS,1248.3590989295335,1194.0763547583513,1298.2572159962485,False
2025-02-05,ICICIBANK.NS,1251.6224820680152,1199.8874990989991,1303.7573974157015,False
2025-02-06,ICICIBANK.NS,1256.5946494713178,1206.4102657235699,1306.7175882493402,False
2025-02-07,ICICIBANK.NS,1257.5197720282238,1209.0692688680797,1315.8147407736303,False
2025-02-10,ICICIBANK.NS,1266.8109968920426,1210.9953784480876,1314.7598468036595,False
2025-02-11,ICICIBANK.NS,1268.894003987954,1220.5273368931785,1325.3542671905084,False
2025-02-12,ICICIBANK.NS,1271.9862509775458,1222.9395379336393,1321.6525376117816,False
2025-02-13,ICICIBANK.NS,1274.267020915446,1219.5573895926582,1326.2732075092656,False
2025-02-14,ICICIBANK.NS,1272.232972032614,1219.092903157741,1323.7860987442164,False
2025-02-17,ICICIBANK.NS,1271.61780864586,1216.827178632275,1322.9829716967897,False
2025-02-18,ICICIBANK.NS,1270.264964937463,1215.7782081574253,1326.871381999116,False
2025-02-19,ICICIBANK.NS,1269.961970632534,1215.1072768717124,1322.9964969970038,False
2025-02-20,ICICIBANK.NS,1268.9509826820229,1217.2476488227142,1323.8697869161747,False
2025-02-21,ICICIBANK.NS,1263.788328087107,1210.8955653107344,1317.3827079936273,False
2025-02-24,ICICIBANK.NS,1255.286617881921,1202.2988005198777,1307.651536847038,False
2025-02-25,ICICIBANK.NS,1251.9447927113322,1194.6410412501677,1303.3901924158913,False
2025-02-27,ICICIBANK.NS,1247.7809674989987,1193.5327939698457,1302.2827848506086,False
2025-02-28,ICICIBANK.NS,1241.7829025351996,1190.0222585841968,1293.3903969509854,False
2025-03-03,ICICIBANK.NS,1237.3780481975634,1184.4499432779446,1289.016516228167,False
2025-03-04,ICICIBANK.NS,1236.1200554273926,1180.0515435776638,1292.7235445621786,False
2025-03-05,ICICIBANK.NS,1236.5952527117668,1180.9840834018698,1290.8116061443336,False
2025-03-06,ICICIBANK.NS,1237.0268721616462,1184.9913388362802,1290.9413755601001,False
2025-03-07,ICICIBANK.NS,1233.9392658905874,1179.1758642311772,1283.2545082014228,False
2025-03-10,ICICIBANK.NS,1234.9723323705452,1182.630001988633,1286.7609621503457,False
2025-03-11,ICICIBANK.NS,1235.7076614448238,1182.5889737607602,1289.2740169662495,False
2025-03-12,ICICIBANK.NS,1238.1961245868674,1187.2736333106677,1286.3664973543814,False
2025-03-13,ICICIBANK.NS,1240.6231076920928,1185.5541922993605,1292.7858618238206,False
2025-03-17,ICICIBANK.NS,1245.7790668448195,1193.8140358425185,1300.8409148155356,False
2025-03-18,ICICIBANK.NS,1248.025501817788,1198.0028683335079,1304.123388855395,False
2025-03-19,ICICIBANK.NS,1251.8901226131727,1199.4588254392963,1307.4219269175637,False
2025-03-20,ICICIBANK.NS,1255.5596058834108,1200.158826420888,1306.5477604041514,False
2025-03-21,ICICIBANK.NS,1255.5314704139705,1201.8884069821083,1309.6019604471726,False
2025-03-24,ICICIBANK.NS,1264.5508291588428,1211.6352109115596,1317.2493420155106,False
2025-03-25,ICICIBANK.NS,1267.5563302557855,1216.3906684012907,1321.5124792859222,False
2025-03-26,ICICIBANK.NS,1272.1419289787987,1221.0788707414342,1328.0594043425492,False
2025-03-27,ICICIBANK.NS,1276.5164755192507,1216.4186042448196,1330.9916885561506,False
2025-03-28,ICICIBANK.NS,1277.1987193885207,1224.2720183081494,1329.6755734756518,False
2025-04-01,ICICIBANK.NS,1292.4570085038438,1235.9895768454846,1346.0244560955803,False
2025-04-02,ICICIBANK.NS,1298.001212974715,1247.2172794276103,1349.2721240456976,False
2025-04-03,ICICIBANK.NS,1303.399238584602,1251.911446500129,1358.507320259177,False
2025-04-04,ICICIBANK.NS,1305.1632916086012,1254.8001081113296,1356.4718372397099,False
2025-04-07,ICICIBANK.NS,1319.9782135864355,1262.5575654197244,1371.6619072523274,False
2025-04-08,ICICIBANK.NS,1325.027902846386,1272.1966812058856,1380.4678916501564,False
2025-04-09,ICICIBANK.NS,1331.6802037739071,1280.2767093509722,1387.2552454545723,False
2025-04-11,ICICIBANK.NS,1340.8059440221512,1286.357627102666,1392.9121199835438,False
2025-04-15,ICICIBANK.NS,1362.7308008194973,1308.4752162579643,1412.7885068616954,False
2025-04-16,ICICIBANK.NS,1369.3516298455957,1316.5319116469302,1420.611785643489,False
2025-04-17,ICICIBANK.NS,1375.49434100011,1323.6463348843286,1430.5460600050003,False
2025-04-21,ICICIBANK.NS,1390.992527561075,1338.3031844996556,1445.4276110822148,False
2025-04-22,ICICIBANK.NS,1394.639556704429,1335.8528704419207,1445.330060628707,False
2025-04-23,ICICIBANK.NS,1399.3865059101586,1347.4875762041302,1457.143248289642,False
2025-04-24,ICICIBANK.NS,1403.4587220179403,1353.505992851418,1456.54224556402,False
2025-04-25,ICICIBANK.NS,1403.3601780706706,1349.9650828084596,1456.9948921927437,False
2025-04-28,ICICIBANK.NS,1409.4488507250633,1354.302005903312,1464.7423026150993,False
2025-04-29,ICICIBANK.NS,1410.6280661947396,1361.6738111706775,1464.6554913323305,False
2025-04-30,ICICIBANK.NS,1412.9992517120907,1357.82575085439,1466.0566023472256,False
2025-05-02,ICICIBANK.NS,1412.5705139081767,1359.397194883649,1467.8571697107202,False
2025-05-05,ICICIBANK.NS,1413.5245921561745,1358.0767313449246,1464.1084694589965,False
2025-05-06,ICICIBANK.NS,1413.508864340363,1360.0986414128963,1466.52614162121,False
2025-05-07,ICICIBANK.NS,1414.977054477784,1364.7966177505025,1464.2312009941256,False
2025-05-08,ICICIBANK.NS,1416.17353031585,1363.632184474835,1467.154860801333,False
2025-05-09,ICICIBANK.NS,1413.6473182173129,1359.6546262204477,1464.2347552439553,False
2025-05-12,ICICIBANK.NS,1415.4184222521076,1360.9567507872548,1468.537082720339,False
2025-05-13,ICICIBANK.NS,1416.1765218119417,1366.8720914522667,1469.9851215565136,False
2025-05-14,ICICIBANK.NS,1418.6182632735035,1365.178782300393,1469.2181478476866,False
2025-05-15,ICICIBANK.NS,1419.469819744445,1367.5738264886277,1475.8770655430967,False
2025-05-16,ICICIBANK.NS,1416.7179404219448,1362.6690988389757,1472.5863628711998,False
2025-05-19,ICICIBANK.NS,1418.07800473122,1364.5678283375946,1467.529415879795,False
2025-05-20,ICICIBANK.NS,1418.6376136785027,1365.0154275724676,1470.8172238359823,False
2025-05-21,ICICIBANK.NS,1420.7795899779092,1368.910049658777,1471.7133390345252,False
2025-05-22,ICICIBANK.NS,1422.6729719091093,1366.3134108006132,1481.4129304635082,False
2025-05-23,ICICIBANK.NS,1420.7929651486954,1368.237729139536,1476.6881712381653,False
2025-05-26,ICICIBANK.NS,1423.5281266357763,1369.5848231356583,1474.452956039542,False
2025-05-27,ICICIBANK.NS,1424.0956670961743,1374.8873459027031,1480.139325689691,False
2025-05-28,ICICIBANK.NS,1426.0214493926244,1373.734650953889,1474.665020234028,False
2025-05-29,ICICIBANK.NS,1427.48698258576,1373.5229576327165,1483.00573814057,False
2025-05-30,ICICIBANK.NS,1424.987436280084,1369.8030246325623,1475.570392526852,False
2025-06-02,ICICIBANK.NS,1425.0122846598204,1375.801692944416,1479.5734456439986,False
2025-06-03,ICICIBANK.NS,1424.5185485574602,1371.6358578563297,1475.5158130208117,False
2025-06-04,ICICIBANK.NS,1425.376512714948,1372.6368575597803,1475.032599008055,False
2025-06-05,ICICIBANK.NS,1425.8140186741323,1371.5476627919952,1475.4939193558805,False
2025-06-06,ICICIBANK.NS,1421.2860850147092,1370.4802000823508,1473.7340879035605,False
2025-06-09,ICICIBANK.NS,1416.176289615567,1364.7709195026716,1469.0366350615686,False
2025-06-10,ICICIBANK.NS,1414.4132847286246,1362.0098607218818,1468.6156788284516,False
2025-06-11,ICICIBANK.NS,1414.2720829593775,1360.695817660053,1469.491496647629,False
2025-06-12,ICICIBANK.NS,1413.9995607452106,1362.3937405615598,1469.265083327017,False
2025-06-13,ICICIBANK.NS,1410.1483148138511,1356.9760850680427,1464.178890519475,False
2025-06-16,ICICIBANK.NS,1408.8540388264134,1360.0022014421863,1463.6700863003516,False
2025-06-17,ICICIBANK.NS,1408.9100339883837,1357.4614270402933,1460.605882536318,False
2025-06-18,ICICIBANK.NS,1410.817035488888,1355.237480938615,1462.448046797249,False
2025-06-19,ICICIBANK.NS,1412.7842971062605,1358.4908041465014,1467.3729874273988,False
2025-06-20,ICICIBANK.NS,1411.320685171042,1356.8440055730334,1465.0984449338475,False
2025-06-23,ICICIBANK.NS,1417.5720182324826,1363.3948219360943,1468.941490229868,False
2025-06-24,ICICIBANK.NS,1420.0896383395584,1368.7570754239337,1472.9144470460406,False
2025-06-25,ICICIBANK.NS,1424.3394257915295,1370.2152538228006,1476.3434188509739,False
2025-06-26,ICICIBANK.NS,1428.4776051024944,1374.3749884886658,1482.2570126436997,False
2025-06-27,ICICIBANK.NS,1428.9634830668192,1375.7273825811938,1485.6193856717232,False
2025-06-30,ICICIBANK.NS,1439.3179603264991,1380.6296903312323,1493.514072640026,False
2025-07-01,ICICIBANK.NS,1442.5164118699859,1390.492263935486,1494.6625783662462,False
2025-07-02,ICICIBANK.NS,1447.0708287355217,1396.3692002020332,1501.9534100987,False
2025-07-03,ICICIBANK.NS,1451.130778245791,1396.4747658391927,1507.9225426351543,False
2025-07-04,ICICIBANK.NS,1451.1578815688258,1402.1553868789329,1502.6793825302366,False
2025-07-07,ICICIBANK.NS,1458.0064956617684,1404.6055902830872,1509.8575061064157,False
2025-07-08,ICICIBANK.NS,1459.417722213243,1409.363369638881,1507.5539152852905,False
2025-07-09,ICICIBANK.NS,1461.9384642969546,1408.4825200592643,1513.3669517927144,False
2025-07-10,ICICIBANK.NS,1463.7641610789983,1410.8800244218935,1518.737198372,False
2025-07-11,ICICIBANK.NS,1461.4060222800933,1410.014041968097,1513.8305218627722,False
2025-07-14,ICICIBANK.NS,1460.715660814367,1407.8944532601113,1514.755873188656,False
2025-07-15,ICICIBANK.NS,1459.659419913046,1408.058818306608,1511.3245316643884,False
2025-07-16,ICICIBANK.NS,1459.816798450721,1408.0688394527506,1511.914465928799,False
2025-07-17,ICICIBANK.NS,1459.426191521486,1403.872581012392,1510.7223380279931,False
2025-07-18,ICICIBANK.NS,1455.0363178989653,1402.3624080826407,1510.843503109878,False
2025-07-21,ICICIBANK.NS,1449.6344068278179,1397.9658552761439,1503.8788292680674,False
2025-07-22,ICICIBANK.NS,1447.5242333900317,1397.0586020907806,1501.7795589066168,False
2025-07-23,ICICIBANK.NS,1446.8944687249964,1390.504506044167,1500.601784608072,False
2025-07-24,ICICIBANK.NS,1445.977248149883,1397.5562000743557,1499.7290946599696,False
2025-07-25,ICICIBANK.NS,1441.3079840955766,1387.192886171583,1492.7743669393908,False
2025-07-28,ICICIBANK.NS,1436.3275264798583,1381.7558895623183,1487.3961757108784,False
2025-07-29,ICICIBANK.NS,1434.6795083338957,1383.8028168229662,1488.6875254325366,False
2025-07-30,ICICIBANK.NS,1434.6157074036928,1381.4794182228898,1486.86386487008,False
2025-07-31,ICICIBANK.NS,1434.331853775812,1382.1565994429525,1485.9727216034105,False
2025-08-01,ICICIBANK.NS,1430.3272674667155,1378.3273243937963,1481.4594068123604,False
2025-08-04,ICICIBANK.NS,1427.198028815834,1371.6722725034463,1480.2595815083105,False
2025-08-05,ICICIBANK.NS,1426.0270177789432,1372.7569223851044,1478.3258780169729,False
2025-08-06,ICICIBANK.NS,1426.336063234101,1372.28005769341,1476.5929134751254,False
2025-08-07,ICICIBANK.NS,1426.3091356720902,1371.9878699829535,1482.861128590758,False
2025-08-08,ICICIBANK.NS,1422.4402061369074,1367.5983844586901,1475.6204521605353,False
2025-08-11,ICICIBANK.NS,1419.0343189196458,1364.5592943551603,1473.1019914996805,False
2025-08-12,ICICIBANK.NS,1417.5887412488823,1363.0734212514596,1477.7922924690042,False
2025-08-13,ICICIBANK.NS,1417.0283248705496,1368.0485203371643,1466.1467407374664,False
2025-08-14,ICICIBANK.NS,1416.105507364903,1365.6729811622995,1471.8276099949294,False
2025-08-18,ICICIBANK.NS,1405.6297732242278,1350.8365333471259,1458.3340550614414,False
2025-08-19,ICICIBANK.NS,1403.6442652899716,1354.136906717016,1459.5210737467662,False
2025-08-20,ICICIBANK.NS,1403.2481489493016,1349.8858719597702,1452.3508756796325,False
2025-08-21,ICICIBANK.NS,1402.677481874964,1350.3033417779839,1455.2928844911735,False
2025-08-22,ICICIBANK.NS,1398.4759916200428,1347.1603652730082,1455.0866991888033,False
2025-08-25,ICICIBANK.NS,1395.7606128735151,1344.6080382760153,1451.0904515775,False
2025-08-26,ICICIBANK.NS,1395.2103292456295,1344.9026486802752,1449.3853705410015,False
2025-08-28,ICICIBANK.NS,1397.6758333461628,1347.550961930123,1446.6893695718607,False
2025-08-29,ICICIBANK.NS,1395.4157536449227,1345.6774577670924,1451.24996525104,False
2025-09-01,ICICIBANK.NS,1398.9637061556791,1345.7024018619816,1449.6290372201906,False
2025-09-02,ICICIBANK.NS,1400.492640583725,1351.1763257176901,1453.1679996175442,False
2025-09-03,ICICIBANK.NS,1403.7180743686727,1349.8007217705992,1458.4484246349205,False
2025-09-04,ICICIBANK.NS,1406.8002323967505,1357.0648329720448,1461.63486364925,False
2025-09-05,ICICIBANK.NS,1406.2015196866316,1354.5361200091636,1455.9766674149932,False
2025-09-08,ICICIBANK.NS,1413.1453769867187,1360.1746618497893,1469.0076026158536,False
2025-09-09,ICICIBANK.NS,1415.1537209331784,1363.763142039422,1465.514095472383,False
2025-09-10,ICICIBANK.NS,1418.4881932061353,1359.5342489557277,1473.6902932890232,False
2025-09-11,ICICIBANK.NS,1421.2950734413155,1364.6799146798467,1472.7593582481811,False
2025-09-12,ICICIBANK.NS,1420.0321053120576,1368.00193695494,1476.1206185668927,False
2025-09-15,ICICIBANK.NS,1422.747410801161,1370.6568664946703,1476.7170605252174,False
2025-09-16,ICICIBANK.NS,1422.6812145234671,1370.604408931321,1476.2256021892792,False
2025-09-17,ICICIBANK.NS,1423.670934856758,1370.9621068786569,1477.9252010504688,False
2025-09-18,ICICIBANK.NS,1423.9118684772839,1367.2166301538598,1474.9606954929388,False
2025-09-19,ICICIBANK.NS,1419.9169886235763,1366.3931141344474,1477.4747151769743,False
2025-09-22,ICICIBANK.NS,1414.0565724781607,1360.050119978161,1463.8616501980737,False
2025-09-23,ICICIBANK.NS,1411.2205015638299,1359.54903633002,1465.7279392568971,False
2025-09-24,ICICIBANK.NS,1409.591556117542,1358.0610314209327,1459.173752931974,False
2025-09-25,ICICIBANK.NS,1407.4251040537972,1353.190400246783,1459.8657994325708,False
2025-09-26,ICICIBANK.NS,1401.2892194860276,1349.3746996756,1453.906063993096,False
2025-09-29,ICICIBANK.NS,1391.0506747777404,1336.782281446537,1445.5427381514276,False
2025-09-30,ICICIBANK.NS,1387.542703853128,1338.2178734937029,1439.6173467200276,False
2025-10-01,ICICIBANK.NS,1385.6639719908094,1333.5530248352636,1435.536194885241,False
2025-10-03,ICICIBANK.NS,1378.1224884718386,1323.583182687707,1433.2392000620614,False
2025-10-06,ICICIBANK.NS,1371.8793362185693,1317.1074598046557,1427.8087328372883,False
2025-10-07,ICICIBANK.NS,1370.3182553741503,1319.637656542285,1425.2469093038947,False
2025-10-08,ICICIBANK.NS,1370.609809624972,1322.3100635347096,1420.7321055209188,False
2025-10-09,ICICIBANK.NS,1370.9512313653304,1320.430779179451,1421.6086515928341,False
2025-10-10,ICICIBANK.NS,1367.8380144672644,1313.0038839164754,1417.8331769061244,False
2025-10-13,ICICIBANK.NS,1368.8575480619097,1315.8313337459088,1422.8698163836414,False
2025-10-14,ICICIBANK.NS,1369.4925498285957,1316.300699789675,1417.3181553754955,False
2025-10-15,ICICIBANK.NS,1371.771700667372,1320.9517480850152,1422.5965416314698,False
2025-10-16,ICICIBANK.NS,1373.8433931261866,1322.3547556358892,1428.498364449128,False
2025-10-17,ICICIBANK.NS,1372.16209160186,1319.1666242187332,1427.8093396420536,False
2025-10-20,ICICIBANK.NS,1375.4155657968165,1321.7488228673692,1426.869159722852,False
2025-10-21,ICICIBANK.NS,1376.0682932783839,1320.6005488106473,1428.5405569707511,False
2025-10-23,ICICIBANK.NS,1379.4037538248,1328.0657737257764,1430.1099860268257,False
2025-10-24,ICICIBANK.NS,1376.7383508228272,1328.3411103282676,1428.2389696031914,False
2025-10-27,ICICIBANK.NS,1375.6124210531827,1325.7158781997387,1428.4017615654104,False
2025-10-28,ICICIBANK.NS,1374.502809953179,1322.9665025119737,1424.8936290747959,False
2025-10-29,ICICIBANK.NS,1374.627199424877,1321.3633099716874,1426.218673048394,False
2025-10-30,ICICIBANK.NS,1374.2156893175622,1323.692442486322,1427.698878520404,False
2025-10-31,ICICIBANK.NS,1369.8139241118126,1318.8692060521655,1422.673132846473,False
2025-11-03,ICICIBANK.NS,1364.4797180840726,1311.735875210421,1416.9145499676758,False
2025-11-04,ICICIBANK.NS,1362.4685104871978,1306.2836393895066,1415.2655804451813,False
2025-11-06,ICICIBANK.NS,1361.3556562348026,1311.6008467123365,1416.5436816698616,False
2025-11-07,ICICIBANK.NS,1357.073598075964,1307.708020633932,1409.5087771196302,False
2025-11-10,ICICIBANK.NS,1354.2775828271072,1300.5278705214068,1406.1077737766636,False
2025-11-11,ICICIBANK.NS,1353.7919560565613,1299.1577127793416,1408.3825624711255,False
2025-11-12,ICICIBANK.NS,1355.1490505337865,1298.1010645445633,1409.3615370899643,False
2025-11-13,ICICIBANK.NS,1356.563957178876,1306.0433174398963,1413.2661397709173,False
2025-11-14,ICICIBANK.NS,1354.5503008747069,1302.1494269860414,1407.4554475171597,False
2025-11-17,ICICIBANK.NS,1359.1970679742624,1305.685357380209,1412.959842441692,False
2025-11-18,ICICIBANK.NS,1361.2007480318173,1309.354687018336,1413.630241658661,False
2025-11-19,ICICIBANK.NS,1364.9478771732713,1311.5083844818748,1415.114352335398,False
2025-11-20,ICICIBANK.NS,1368.5942565083444,1316.6503839280733,1422.8898473919871,False
2025-11-21,ICICIBANK.NS,1368.598398793328,1316.1903442349235,1424.8946353821216,False
2025-11-24,ICICIBANK.NS,1377.5585320178043,1322.2221741808137,1429.6757165693848,False
2025-11-25,ICICIBANK.NS,1380.306778976583,1324.7657408106584,1438.31805364353,False
2025-11-26,ICICIBANK.NS,1384.4181114044088,1335.4879133572394,1435.4715816324797,False
2025-11-27,ICICIBANK.NS,1388.042935485246,1333.4943074158605,1446.018802198832,False
2025-11-28,ICICIBANK.NS,1387.6445125072787,1338.152251997785,1440.5034885106948,False
2025-12-01,ICICIBANK.NS,1393.3041294839109,1339.3485257006269,1446.0947266549279,False
2025-12-02,ICICIBANK.NS,1394.3629399642175,1338.4067855638161,1443.1938318135237,False
2025-12-03,ICICIBANK.NS,1396.562877088104,1342.612126402775,1448.4458234507044,False
2025-12-04,ICICIBANK.NS,1398.1064012369015,1342.9367133638304,1447.5082385598564,False
2025-12-05,ICICIBANK.NS,1395.5124004139107,1342.4015308663559,1448.406591461292,False
2025-12-08,ICICIBANK.NS,1394.4754399952808,1339.0011097607303,1446.3924986685747,False
2025-12-09,ICICIBANK.NS,1393.4524170603859,1338.9162482932911,1448.0732528899935,False
2025-12-10,ICICIBANK.NS,1393.7311745742345,1340.327579114714,1445.9465418568714,False
2025-12-11,ICICIBANK.NS,1393.557625262873,1336.449428153741,1446.605444477402,False
2025-12-12,ICICIBANK.NS,1389.487166603574,1335.4808436558812,1446.6988234036612,False
2025-12-15,ICICIBANK.NS,1385.7070727937953,1331.350815020587,1439.2833042245697,False
2025-12-16,ICICIBANK.NS,1384.3679577492799,1331.4133456527125,1438.1448051451766,False
2025-12-17,ICICIBANK.NS,1384.624903756374,1329.9559697547986,1440.1846133975394,False
2025-12-18,ICICIBANK.NS,1384.7075073252872,1332.592195952828,1434.1725404531367,False
2025-12-19,ICICIBANK.NS,1381.1466664944671,1323.131352005497,1434.661174112655,False
2025-12-22,ICICIBANK.NS,1380.0680394922167,1329.6109823263726,1430.587416685834,False
2025-12-23,ICICIBANK.NS,1379.8781623966981,1326.6815661564813,1431.4757944382516,False
2025-12-24,ICICIBANK.NS,1381.329477985191,1327.156166746169,1435.5137648838088,False
2025-12-26,ICICIBANK.NS,1380.1792538159232,1327.7850838962922,1432.8609178175134,False
2025-12-29,ICICIBANK.NS,1381.7634610790055,1324.4183565994167,1433.2497499340598,False
2025-12-30,ICICIBANK.NS,1382.0906454146668,1328.237706032054,1435.1053601327055,False
2025-12-31,ICICIBANK.NS,1383.8300340280132,1334.83990923825,1434.9944331552301,False
2026-01-01,ICICIBANK.NS,1385.147411458919,1336.5555863801658,1438.5105855089441,False
2026-01-02,ICICIBANK.NS,1382.5194549684838,1329.24224062906,1438.8300521864683,False
2026-01-05,ICICIBANK.NS,1382.0635854791274,1326.7967754892595,1433.4293971570535,False
2026-01-06,ICICIBANK.NS,1381.3014481381254,1332.6013666583206,1434.8387911467746,False
2026-01-07,ICICIBANK.NS,1381.7987246639675,1329.8628036710052,1431.8547467939761,False
2026-01-08,ICICIBANK.NS,1381.761795778402,1330.8636222923947,1434.0810293446414,False
2026-01-09,ICICIBANK.NS,1377.7126192493754,1323.6136992063925,1428.6608485419265,False
2026-01-12,ICICIBANK.NS,1373.0849387726907,1317.5007096650422,1422.908661373491,False
2026-01-13,ICICIBANK.NS,1371.1300741416296,1320.0085309092399,1422.7433284707784,False
2026-01-14,ICICIBANK.NS,1370.6131340377385,1317.4207042715896,1417.644799205551,False
2026-01-15,ICICIBANK.NS,1369.7826229323628,1316.081729357633,1421.0009597650453,False
2026-01-16,ICICIBANK.NS,1365.1969229468234,1311.9973993261506,1423.7555575328215,False
2026-01-19,ICICIBANK.NS,1360.7569247130184,1308.8462875807213,1418.3701417488182,False
2026-01-20,ICICIBANK.NS,1359.5062239113443,1304.2677379790653,1410.5001053209073,False
2026-01-21,ICICIBANK.NS,1360.0124116505099,1311.9266034375146,1414.4012881203173,False
2026-01-22,ICICIBANK.NS,1360.508643478295,1305.8146490607207,1406.9976146714198,False
2026-01-23,ICICIBANK.NS,1357.5287035321558,1305.5025201256024,1411.916244683115,False
2026-01-27,ICICIBANK.NS,1360.2724034235937,1312.2039625238863,1411.0542387465762,False
2026-01-28,ICICIBANK.NS,1363.1376990263025,1312.2373198511432,1416.7353180451819,False
2026-01-29,ICICIBANK.NS,1365.9764963518928,1312.1165606939355,1417.3453738828587,False
2026-01-30,ICICIBANK.NS,1365.2605055706263,1314.6589970403068,1418.0385782520727,False
2026-02-02,ICICIBANK.NS,1372.6566072131602,1319.8751278473007,1426.6909930811032,False
2026-02-03,ICICIBANK.NS,1375.083360072598,1322.9296919789513,1424.16948990649,False
2026-02-04,ICICIBANK.NS,1378.9615049810438,1326.909034749515,1430.9722912341417,False
2026-02-05,ICICIBANK.NS,1382.4271568190927,1331.3340788385583,1436.3352941315206,False
2026-02-06,ICICIBANK.NS,1381.9246641241023,1333.9420242478434,1433.7130774727593,False
2026-02-09,ICICIBANK.NS,1387.353167879083,1335.5383698830842,1442.8960414730234,False
2026-02-10,ICICIBANK.NS,1388.2628487935397,1333.984046731763,1439.2413324350266,False
2026-02-11,ICICIBANK.NS,1390.2226720743995,1338.0877343065893,1445.0487418122593,False
2026-02-12,ICICIBANK.NS,1391.400703995124,1340.31537370688,1447.3439826866604,False
2026-02-13,ICICIBANK.NS,1388.2817836571407,1337.9114267639716,1442.6370698492465,False
2026-02-16,ICICIBANK.NS,1384.3982292614226,1329.3538697773456,1437.0198815891786,False
2026-02-17,ICICIBANK.NS,1381.9121577933997,1331.1204587146572,1435.0409032511532,False
2026-02-18,ICICIBANK.NS,1380.4360355583785,1326.344723321773,1432.3930745433413,False
2026-02-19,ICICIBANK.NS,1378.2026865408338,1327.1637046403216,1431.3670927096723,False
2026-02-20,ICICIBANK.NS,1371.760393504573,1319.0137682390748,1423.0939636669143,False
2026-02-23,ICICIBANK.NS,1359.018219140902,1304.8734984189598,1405.581917439956,False
2026-02-24,ICICIBANK.NS,1354.1179481673332,1298.2268643228588,1403.893146532707,False
2026-02-25,ICICIBANK.NS,1350.5640042091024,1301.4840935732316,1405.8199141521918,False
2026-02-26,ICICIBANK.NS,1346.617432806914,1296.0769244146409,1398.893233010808,False
2026-02-27,ICICIBANK.NS,1338.845975978318,1286.0878606766719,1389.608292071271,False
2026-03-02,ICICIBANK.NS,1324.4809302673373,1273.3465431928294,1378.2136521046034,False
2026-03-04,ICICIBANK.NS,1316.8251743410174,1262.5030307545537,1366.6205740669645,False
2026-03-05,ICICIBANK.NS,1313.7744945763013,1259.2865125057701,1368.682323186695,False
2026-03-06,ICICIBANK.NS,1307.185287715317,1256.886210428107,1359.6039506499828,False
2026-03-09,ICICIBANK.NS,1297.6778844250427,1245.0823080434423,1348.6559713883564,False
2026-03-10,ICICIBANK.NS,1294.911629734607,1243.578389782377,1346.5143069081562,False
2026-03-11,ICICIBANK.NS,1293.9142789709103,1241.5031051087037,1351.0447575926191,False
2026-03-12,ICICIBANK.NS,1292.875575675051,1240.1483872658487,1347.5714955229523,False
2026-03-13,ICICIBANK.NS,1288.2895356146523,1237.5840124221677,1343.326054226065,False
2026-03-16,ICICIBANK.NS,1284.416779577156,1231.1047448259906,1339.6273422961006,False
2026-03-17,ICICIBANK.NS,1283.3231641029295,1230.7574702123272,1337.5882252559102,False
2026-03-18,ICICIBANK.NS,1283.870177282823,1231.6876096024985,1340.6856314733839,False
2026-03-19,ICICIBANK.NS,1284.2414708076135,1231.5600471991797,1333.5588728178102,False
2026-03-20,ICICIBANK.NS,1280.930918231754,1227.6225110994994,1334.1549392134693,False
2026-03-23,ICICIBANK.NS,1280.1558689346207,1229.2705770216771,1332.9834490084104,False
2026-03-24,ICICIBANK.NS,1279.899863200876,1226.5150397165069,1335.4999802457276,False
2026-03-25,ICICIBANK.NS,1281.218941020653,1231.6978185536288,1334.4950548684944,False
2026-03-27,ICICIBANK.NS,1279.715086253914,1225.7390424818539,1331.0105554838217,False
2026-03-30,ICICIBANK.NS,1281.1387992870975,1230.6710062474822,1335.2958009166923,False
2026-04-01,ICICIBANK.NS,1283.8936324547883,1229.3854468191107,1334.0874639588806,False
2026-04-02,ICICIBANK.NS,1285.9353103853207,1233.6780108458177,1340.7580382248882,False
2026-04-06,ICICIBANK.NS,1289.1022284079797,1236.471805889707,1340.290991788473,False
2026-04-07,ICICIBANK.NS,1290.8292339686031,1235.6107195082568,1347.2637367461855,False
2026-04-08,ICICIBANK.NS,1294.1828012029637,1244.2889629563472,1347.4171413870347,False
2026-04-09,ICICIBANK.NS,1297.3462481141435,1247.3662601892258,1351.956608606723,False
2026-04-10,ICICIBANK.NS,1296.8060417163194,1243.3001830400829,1350.4991951698385,False
2026-04-13,ICICIBANK.NS,1304.0278788343362,1253.585268229212,1360.7247369876443,False
2026-04-15,ICICIBANK.NS,1309.8582895490063,1257.5807358979457,1362.9102105890831,False
2026-04-16,ICICIBANK.NS,1313.0524572667084,1255.1904232738057,1364.6133871705,False
2026-04-17,ICICIBANK.NS,1312.2883814054574,1254.613947379313,1365.2866127834986,False
2026-04-20,ICICIBANK.NS,1317.219833796848,1263.53867497469,1372.8074115366662,False
2026-04-21,ICICIBANK.NS,1318.1274747878224,1265.6990865701714,1369.5913840344842,False
2026-04-22,ICICIBANK.NS,1320.1956085465517,1265.6640484915488,1372.7456543553972,False
2026-04-23,ICICIBANK.NS,1321.6057083508854,1265.323563951212,1374.5798238794675,False
2026-04-24,ICICIBANK.NS,1318.853343393597,1265.3342690609827,1371.3482519860418,False
2026-04-27,ICICIBANK.NS,1316.9428141422368,1261.9655865026007,1371.4304933882574,False
2026-04-28,ICICIBANK.NS,1315.414368845561,1265.1875864446179,1369.584295754516,False
2026-04-29,ICICIBANK.NS,1315.0439913468003,1263.76733334618,1366.4689206256992,False
2026-04-30,ICICIBANK.NS,1314.0599651469918,1258.9869766348868,1366.7613801692341,False
2026-05-01,ICICIBANK.NS,1309.0040227140591,1257.9745953328807,1357.8637877449628,False
2026-05-04,ICICIBANK.NS,1301.1519605059125,1246.1169963125187,1355.016582667018,False
2026-05-05,ICICIBANK.NS,1298.088016918788,1247.556508758734,1354.5499220608058,False
2026-05-06,ICICIBANK.NS,1296.4520403699191,1244.700586503446,1352.9998973858628,False
2026-05-07,ICICIBANK.NS,1294.4908669552362,1242.2419472405481,1348.8972975296958,True
2026-05-08,ICICIBANK.NS,1288.7573699822424,1236.3698870157104,1337.3938882743682,True
2026-05-09,ICICIBANK.NS,1289.0886373029111,1237.4029775872852,1341.014711918694,True
2026-05-10,ICICIBANK.NS,1297.6828857947785,1241.6782344685516,1348.109202581858,True
2026-05-11,ICICIBANK.NS,1280.665354071712,1230.0158895448496,1333.9627894196528,True
2026-05-12,ICICIBANK.NS,1278.0790100550203,1229.903376009011,1325.8823773730899,True
2026-05-13,ICICIBANK.NS,1277.1614712780756,1222.8790898074155,1327.3884203234031,True
2026-05-14,ICICIBANK.NS,1276.1273481614935,1221.8400023849147,1330.6688777994977,True
2026-05-15,ICICIBANK.NS,1271.4922206204797,1221.7008169315634,1325.6056462764427,True
2026-05-16,ICICIBANK.NS,1273.0519079123806,1217.4532331470582,1324.0939907844804,True
2026-05-17,ICICIBANK.NS,1282.960594961365,1229.8046607397578,1338.7386699380713,True
2026-05-18,ICICIBANK.NS,1267.298021234692,1216.303126862517,1320.0762512245142,True
2026-05-19,ICICIBANK.NS,1266.0615310955766,1208.5652602699317,1317.549580835749,True
2026-05-20,ICICIBANK.NS,1266.4443442067566,1210.836761952613,1323.8964113597133,True
2026-05-21,ICICIBANK.NS,1266.6192164920772,1211.3293057426988,1319.5161202517036,True
2026-05-22,ICICIBANK.NS,1263.0636630316226,1210.7250591599857,1315.5768140890636,True
2026-05-23,ICICIBANK.NS,1265.540365717493,1206.9879214424557,1319.6432173618898,True
2026-05-24,ICICIBANK.NS,1276.1762948398496,1219.691698616803,1329.1495362060318,True
2026-05-25,ICICIBANK.NS,1261.0307206443827,1211.821657038653,1314.289829342408,True
2026-05-26,ICICIBANK.NS,1260.0878886970445,1207.0405507542591,1314.7101248148765,True
2026-05-27,ICICIBANK.NS,1260.53569824542,1206.901061291568,1311.3974072068427,True
2026-05-28,ICICIBANK.NS,1260.5495410050687,1213.453604099653,1310.4766072501095,True
2026-05-29,ICICIBANK.NS,1256.6174653812081,1203.3860032391656,1310.8676841263984,True
2026-05-30,ICICIBANK.NS,1258.520289522958,1206.350784820192,1311.454049520099,True
2026-05-31,ICICIBANK.NS,1268.410199889898,1215.6324069772604,1323.7061102831394,True
2026-06-01,ICICIBANK.NS,1252.3780256345497,1195.4885271213686,1309.2417122061731,True
2026-06-02,ICICIBANK.NS,1250.4449832512405,1196.832223401592,1305.0790486265041,True
2026-06-03,ICICIBANK.NS,1249.8402570709673,1196.746397720566,1302.8654412748685,True
2026-06-04,ICICIBANK.NS,1248.783604433614,1193.5231544889054,1302.9511774430978,True
2026-06-05,ICICIBANK.NS,1243.809186067331,1187.2633255344397,1301.6159250596977,True
